ID,Уровень,Родительский раздел,Название страницы,Итоговый URL,H1,Title,Description,Тип страницы,Индексируемость,Schema.org,Приоритет,Этап разработки,Статус публикации,Решение,Входящие внутренние ссылки,Исходящие внутренние ссылки
1,1,—,Главная,/,Raskrutov — экосистема цифрового роста бизнеса,Raskrutov — цифровая экосистема для роста бизнеса,"Сайты, продвижение, CRM, автоматизация, обучение, партнёрская сеть и R-Builder для цифрового роста бизнеса в Казахстане.",Главная,"index, follow","Organization, LocalBusiness, WebSite",P1,SEO-проверка,Опубликована (sitemap),KEEP,/akademiya; /blog; /crm; /faq; /keysy; /kontakti; /o-kompanii; /partneram; /politika-konfidencialnosti; /publichnaya-oferta; /r-builder; /soglasie-na-obrabotku-personalnyh-dannyh; /web-studiya,/akademiya; /blog; /crm; /faq; /keysy; /kontakti; /o-kompanii; /partneram; /politika-konfidencialnosti; /publichnaya-oferta; /r-builder; /soglasie-na-obrabotku-personalnyh-dannyh; /web-studiya
2,2,Главная,Вебстудия Raskrutov,/web-studiya,Веб-студия Raskrutov,"Вебстудия Raskrutov — сайты, продвижение и digital-решения","Создаём сайты, настраиваем продвижение, рекламу, CRM и digital-инструменты для заявок, продаж и роста бизнеса.",Хаб,"index, follow","CollectionPage, BreadcrumbList",P1,SEO-проверка,Опубликована (sitemap),KEEP,/; /seo-prodvizhenie-sajtov; /sozdanie-saitov; /web-studiya/aeo-geo-prodvizhenie; /web-studiya/digital-konsalting; /web-studiya/dizayn; /web-studiya/kontekstnaya-reklama; /web-studiya/lidogeneratsiya; /web-studiya/podderzhka-saytov; /web-studiya/almaty; /web-studiya/astana; /web-studiya/shymkent; /web-studiya/aktau; /web-studiya/aktobe; /web-studiya/atyrau; /web-studiya/karaganda; /web-studiya/kokshetau; /web-studiya/kostanay; /web-studiya/kyzylorda; /web-studiya/pavlodar; /web-studiya/petropavlovsk; /web-studiya/semey; /web-studiya/taldykorgan; /web-studiya/taraz; /web-studiya/turkestan; /web-studiya/uralsk; /web-studiya/ust-kamenogorsk,/; /keysy/sayty; /seo-prodvizhenie-sajtov; /sozdanie-saitov; /web-studiya/aeo-geo-prodvizhenie; /web-studiya/digital-konsalting; /web-studiya/dizayn; /web-studiya/kontekstnaya-reklama; /web-studiya/lidogeneratsiya; /web-studiya/podderzhka-saytov; /web-studiya/almaty; /web-studiya/astana; /web-studiya/shymkent; /web-studiya/aktau; /web-studiya/aktobe; /web-studiya/atyrau; /web-studiya/karaganda; /web-studiya/kokshetau; /web-studiya/kostanay; /web-studiya/kyzylorda; /web-studiya/pavlodar; /web-studiya/petropavlovsk; /web-studiya/semey; /web-studiya/taldykorgan; /web-studiya/taraz; /web-studiya/turkestan; /web-studiya/uralsk; /web-studiya/ust-kamenogorsk
3,2,Вебстудия Raskrutov,Создание сайтов,/sozdanie-saitov,Создание сайтов под ключ для бизнеса в Казахстане,Создание сайтов под ключ в Казахстане | Raskrutov,"Разрабатываем лендинги, корпоративные сайты и интернет-магазины: структура, дизайн, запуск, интеграции и подготовка к продвижению.",Услуга,"index, follow","Service, BreadcrumbList, FAQPage (если FAQ видим на странице)",P1,Переработка контента и SEO,Старый URL с данными GSC; сохранить и проверить доступность,UPDATE,/sozdanie-onlain-shkol-i-kursov; /sozdanie-saitov-v-Petropavlovske; /sozdanie-saitov-v-almaty; /sozdanie-saitov-v-astane; /sozdanie-saitov-v-karagande; /sozdanie-saitov-v-shimkente; /web-studiya; /web-studiya/sozdanie-saitov/ai-konsultanty; /web-studiya/sozdanie-saitov/integratsii; /web-studiya/sozdanie-saitov/internet-magazin; /web-studiya/sozdanie-saitov/korporativnyy-sayt; /web-studiya/sozdanie-saitov/landing; /web-studiya/sozdanie-saitov/mnogostranichnye-sayty; /web-studiya/sozdanie-saitov/onlayn-kalkulyatory; /web-studiya/sozdanie-saitov/redizayn-sayta; /web-studiya/sozdanie-saitov/sayt-vizitka; /sozdanie-saitov-v-aktau; /sozdanie-saitov-v-aktobe; /sozdanie-saitov-v-atyrau; /sozdanie-saitov-v-kokshetau; /sozdanie-saitov-v-kostanae; /sozdanie-saitov-v-kyzylorde; /sozdanie-saitov-v-pavlodare; /sozdanie-saitov-v-semee; /sozdanie-saitov-v-taldykorgane; /sozdanie-saitov-v-taraze; /sozdanie-saitov-v-turkestane; /sozdanie-saitov-v-uralske; /sozdanie-saitov-v-ust-kamenogorske,/; /keysy/sayty; /seo-prodvizhenie-sajtov; /sozdanie-onlain-shkol-i-kursov; /sozdanie-saitov-v-Petropavlovske; /sozdanie-saitov-v-almaty; /sozdanie-saitov-v-astane; /sozdanie-saitov-v-karagande; /sozdanie-saitov-v-shimkente; /web-studiya; /web-studiya/podderzhka-saytov; /web-studiya/sozdanie-saitov/ai-konsultanty; /web-studiya/sozdanie-saitov/integratsii; /web-studiya/sozdanie-saitov/internet-magazin; /web-studiya/sozdanie-saitov/korporativnyy-sayt; /web-studiya/sozdanie-saitov/landing; /web-studiya/sozdanie-saitov/mnogostranichnye-sayty; /web-studiya/sozdanie-saitov/onlayn-kalkulyatory; /web-studiya/sozdanie-saitov/redizayn-sayta; /web-studiya/sozdanie-saitov/sayt-vizitka; /sozdanie-saitov-v-aktau; /sozdanie-saitov-v-aktobe; /sozdanie-saitov-v-atyrau; /sozdanie-saitov-v-kokshetau; /sozdanie-saitov-v-kostanae; /sozdanie-saitov-v-kyzylorde; /sozdanie-saitov-v-pavlodare; /sozdanie-saitov-v-semee; /sozdanie-saitov-v-taldykorgane; /sozdanie-saitov-v-taraze; /sozdanie-saitov-v-turkestane; /sozdanie-saitov-v-uralske; /sozdanie-saitov-v-ust-kamenogorske
4,4,Создание сайтов,Создание лендингов,/web-studiya/sozdanie-saitov/landing,Создание лендингов,Создание лендингов в Казахстане — посадочные страницы,"Разрабатываем продающие лендинги под рекламу, услуги, продукты и запуск новых направлений бизнеса.",Узкая услуга,"index, follow","Service, BreadcrumbList, FAQPage (если FAQ видим на странице)",P1,SEO-проверка,Опубликована (sitemap),KEEP,/sozdanie-saitov,/; /keysy/sayty; /seo-prodvizhenie-sajtov; /sozdanie-saitov; /web-studiya/podderzhka-saytov
5,4,Создание сайтов,Создание многостраничных сайтов,/web-studiya/sozdanie-saitov/mnogostranichnye-sayty,Создание многостраничных сайтов,"Создание многостраничных сайтов — структура, SEO, заявки","Создаём многостраничные сайты для бизнеса с каталогом услуг, SEO-структурой, FAQ, формами и аналитикой.",Узкая услуга,"index, follow","Service, BreadcrumbList, FAQPage (если FAQ видим на странице)",P1,Структура/SEO,Не опубликована,NEW,/sozdanie-saitov,/; /keysy/sayty; /seo-prodvizhenie-sajtov; /sozdanie-saitov; /web-studiya/podderzhka-saytov
6,4,Создание сайтов,Создание корпоративного сайта,/web-studiya/sozdanie-saitov/korporativnyy-sayt,Создание корпоративного сайта,Создание корпоративного сайта — имидж и заявки для компании,"Разрабатываем корпоративные сайты для компаний Казахстана: структура, тексты, дизайн, кейсы, доверие и заявки.",Узкая услуга,"index, follow","Service, BreadcrumbList, FAQPage (если FAQ видим на странице)",P1,Структура/SEO,Не опубликована,NEW,/sozdanie-saitov,/; /keysy/sayty; /seo-prodvizhenie-sajtov; /sozdanie-saitov; /web-studiya/podderzhka-saytov
7,4,Создание сайтов,Создание интернет-магазинов,/web-studiya/sozdanie-saitov/internet-magazin,Создание интернет-магазинов,"Создание интернет-магазина — каталог, корзина, оплата, CRM","Создаём интернет-магазины с каталогом, карточками товаров, корзиной, заявками, оплатой и интеграциями.",Узкая услуга,"index, follow","Service, BreadcrumbList, FAQPage (если FAQ видим на странице)",P1,Структура/SEO,Не опубликована,NEW,/sozdanie-saitov,/; /keysy/sayty; /seo-prodvizhenie-sajtov; /sozdanie-saitov; /web-studiya/podderzhka-saytov
8,2,Создание сайтов,Создание онлайн-школ,/sozdanie-onlain-shkol-i-kursov,Создание сайтов для онлайн-школ и курсов,Создание сайта онлайн-школы и курсов | Raskrutov,"Разрабатываем сайты для онлайн-школ и курсов: программа, тарифы, формы, оплата, личный кабинет и интеграции по задаче проекта.",Узкая услуга,"index, follow","Service, BreadcrumbList, FAQPage (если FAQ видим на странице)",P2,Переработка контента и SEO,Старый URL с данными GSC; сохранить и проверить доступность,UPDATE,/sozdanie-saitov,/; /keysy/sayty; /seo-prodvizhenie-sajtov; /sozdanie-saitov; /web-studiya/podderzhka-saytov
9,4,Создание сайтов,Создание сайта-визитки,/web-studiya/sozdanie-saitov/sayt-vizitka,Создание сайта-визитки,Создание сайта-визитки — быстрый сайт для компании,"Делаем лаконичные сайты-визитки для бизнеса, специалистов и локальных услуг с понятной подачей и контактами.",Узкая услуга,"index, follow","Service, BreadcrumbList, FAQPage (если FAQ видим на странице)",P2,Структура/SEO,Не опубликована,NEW,/sozdanie-saitov,/; /keysy/sayty; /seo-prodvizhenie-sajtov; /sozdanie-saitov; /web-studiya/podderzhka-saytov
10,4,Создание сайтов,Редизайн сайтов,/web-studiya/sozdanie-saitov/redizayn-sayta,Редизайн сайтов,"Редизайн сайта — обновление дизайна, структуры и конверсии","Обновляем устаревшие сайты: улучшаем дизайн, структуру, мобильную версию, тексты и точки заявки.",Узкая услуга,"index, follow","Service, BreadcrumbList, FAQPage (если FAQ видим на странице)",P2,Структура/SEO,Не опубликована,NEW,/sozdanie-saitov,/; /keysy/sayty; /seo-prodvizhenie-sajtov; /sozdanie-saitov; /web-studiya/podderzhka-saytov
11,4,Создание сайтов,Интеграции,/web-studiya/sozdanie-saitov/integratsii,Интеграции,"Интеграции для сайта — CRM, формы, оплата, аналитика","Подключаем к сайту CRM, формы, мессенджеры, оплату, аналитику, онлайн-сервисы и автоматические уведомления.",Узкая услуга,"index, follow","Service, BreadcrumbList, FAQPage (если FAQ видим на странице)",P2,Структура/SEO,Не опубликована,NEW,/sozdanie-saitov; /sozdanie-saitov-s-1c-integraciya,/; /keysy/sayty; /seo-prodvizhenie-sajtov; /sozdanie-saitov; /sozdanie-saitov-s-1c-integraciya; /web-studiya/podderzhka-saytov
12,2,Интеграции,Интеграция сайта с 1С,/sozdanie-saitov-s-1c-integraciya,Создание сайта с интеграцией 1С,Создание сайта с интеграцией 1С | Raskrutov,"Разрабатываем и подключаем сайты к 1С: обмен каталогом, ценами, остатками и заказами по согласованной схеме интеграции.",Узкая услуга,"index, follow","Service, BreadcrumbList, FAQPage (если FAQ видим на странице)",P2,Переработка контента и SEO,Старый URL с данными GSC; сохранить и проверить доступность,UPDATE,/web-studiya/sozdanie-saitov/integratsii,/; /keysy/sayty; /seo-prodvizhenie-sajtov; /web-studiya/podderzhka-saytov; /web-studiya/sozdanie-saitov/integratsii
13,4,Создание сайтов,Разработка онлайн-калькуляторов,/web-studiya/sozdanie-saitov/onlayn-kalkulyatory,Разработка онлайн-калькуляторов,Разработка онлайн-калькуляторов для сайта,"Создаём онлайн-калькуляторы стоимости, подбора и расчёта для сайтов услуг, производства, доставки и продаж.",Узкая услуга,"index, follow","Service, BreadcrumbList, FAQPage (если FAQ видим на странице)",P2,Структура/SEO,Не опубликована,NEW,/sozdanie-saitov,/; /keysy/sayty; /seo-prodvizhenie-sajtov; /sozdanie-saitov; /web-studiya/podderzhka-saytov
14,4,Создание сайтов,Внедрение AI-консультантов,/web-studiya/sozdanie-saitov/ai-konsultanty,Внедрение AI-консультантов,AI-консультант для сайта — внедрение и настройка,"Внедряем AI-консультантов на сайт для ответов на вопросы, сбора заявок и поддержки клиентов 24/7.",Узкая услуга,"index, follow","Service, BreadcrumbList, FAQPage (если FAQ видим на странице)",P2,Структура/SEO,Не опубликована,NEW,/sozdanie-saitov,/; /keysy/sayty; /seo-prodvizhenie-sajtov; /sozdanie-saitov; /web-studiya/podderzhka-saytov
15,3,Создание сайтов,Создание сайтов в Петропавловске,/sozdanie-saitov-v-Petropavlovske,Создание сайтов в Петропавловске,Создание сайтов в Петропавловске под ключ | Raskrutov,"Создаём сайты для бизнеса в Петропавловске: лендинги, корпоративные сайты и интернет-магазины с подготовкой к SEO, рекламе и продажам.",Гео-услуга,"index, follow","Service (areaServed: Петропавловск), BreadcrumbList, FAQPage (если FAQ видим)",P1,Переработка контента и SEO,Старый URL с данными GSC; сохранить и проверить доступность,UPDATE,/sozdanie-saitov; /web-studiya; /web-studiya/petropavlovsk,/; /keysy/sayty; /seo-prodvizhenie-sajtov; /sozdanie-saitov; /web-studiya/podderzhka-saytov; /web-studiya/petropavlovsk; /sozdanie-saitov-v-Petropavlovske; /seo-prodvizhenie-sajtov-v-petropavlovske
16,3,Создание сайтов,Создание сайтов в Астане,/sozdanie-saitov-v-astane,Создание сайтов в Астане,Создание сайтов в Астане под ключ | Raskrutov,"Создаём сайты для бизнеса в Астане: лендинги, корпоративные сайты и интернет-магазины с подготовкой к SEO, рекламе и продажам.",Гео-услуга,"index, follow","Service (areaServed: Астана), BreadcrumbList, FAQPage (если FAQ видим)",P1,Переработка контента и SEO,Старый URL с данными GSC; сохранить и проверить доступность,UPDATE,/sozdanie-saitov; /web-studiya; /web-studiya/astana,/; /keysy/sayty; /seo-prodvizhenie-sajtov; /sozdanie-saitov; /web-studiya/podderzhka-saytov; /web-studiya/astana; /sozdanie-saitov-v-astane; /seo-prodvizhenie-sajtov-v-astane
17,3,Создание сайтов,Создание сайтов в Алматы,/sozdanie-saitov-v-almaty,Создание сайтов в Алматы,Создание сайтов в Алматы под ключ | Raskrutov,"Создаём сайты для бизнеса в Алматы: лендинги, корпоративные сайты и интернет-магазины с подготовкой к SEO, рекламе и продажам.",Гео-услуга,"index, follow","Service (areaServed: Алматы), BreadcrumbList, FAQPage (если FAQ видим)",P1,Переработка контента и SEO,Старый URL с данными GSC; сохранить и проверить доступность,UPDATE,/sozdanie-saitov; /web-studiya; /web-studiya/almaty,/; /keysy/sayty; /seo-prodvizhenie-sajtov; /sozdanie-saitov; /web-studiya/podderzhka-saytov; /web-studiya/almaty; /sozdanie-saitov-v-almaty; /seo-prodvizhenie-sajtov-v-almaty
18,3,Создание сайтов,Создание сайтов в Шымкенте,/sozdanie-saitov-v-shimkente,Создание сайтов в Шымкенте,Создание сайтов в Шымкенте под ключ | Raskrutov,"Создаём сайты для бизнеса в Шымкенте: лендинги, корпоративные сайты и интернет-магазины с подготовкой к SEO, рекламе и продажам.",Гео-услуга,"index, follow","Service (areaServed: Шымкент), BreadcrumbList, FAQPage (если FAQ видим)",P1,Переработка контента и SEO,Старый URL с данными GSC; сохранить и проверить доступность,UPDATE,/sozdanie-saitov; /web-studiya; /web-studiya/shymkent,/; /keysy/sayty; /seo-prodvizhenie-sajtov; /sozdanie-saitov; /web-studiya/podderzhka-saytov; /web-studiya/shymkent; /sozdanie-saitov-v-shimkente; /seo-prodvizhenie-sajtov-v-shimkente
19,3,Создание сайтов,Создание сайтов в Караганде,/sozdanie-saitov-v-karagande,Создание сайтов в Караганде,Создание сайтов в Караганде под ключ | Raskrutov,"Создаём сайты для бизнеса в Караганде: лендинги, корпоративные сайты и интернет-магазины с подготовкой к SEO, рекламе и продажам.",Гео-услуга,"index, follow","Service (areaServed: Караганда), BreadcrumbList, FAQPage (если FAQ видим)",P1,Переработка контента и SEO,Старый URL с данными GSC; сохранить и проверить доступность,UPDATE,/sozdanie-saitov; /web-studiya; /web-studiya/karaganda,/; /keysy/sayty; /seo-prodvizhenie-sajtov; /sozdanie-saitov; /web-studiya/podderzhka-saytov; /web-studiya/karaganda; /sozdanie-saitov-v-karagande; /seo-prodvizhenie-sajtov-v-karagande
20,3,Вебстудия Raskrutov,Услуги дизайнера,/web-studiya/dizayn,Услуги дизайнера,"Дизайн для бизнеса — логотип, брендбук и визуальная упаковка","Разрабатываем визуальную основу бренда: нейминг, логотип, брендбук, фирменный стиль и дизайн-материалы.",Хаб услуги,"index, follow","CollectionPage, BreadcrumbList",P2,SEO-проверка,Опубликована (sitemap),KEEP,/web-studiya; /web-studiya/dizayn/brendbuk; /web-studiya/dizayn/logotip; /web-studiya/dizayn/neyming; /web-studiya/dizayn/almaty; /web-studiya/dizayn/astana; /web-studiya/dizayn/shymkent; /web-studiya/dizayn/aktau; /web-studiya/dizayn/aktobe; /web-studiya/dizayn/atyrau; /web-studiya/dizayn/karaganda; /web-studiya/dizayn/kokshetau; /web-studiya/dizayn/kostanay; /web-studiya/dizayn/kyzylorda; /web-studiya/dizayn/pavlodar; /web-studiya/dizayn/petropavlovsk; /web-studiya/dizayn/semey; /web-studiya/dizayn/taldykorgan; /web-studiya/dizayn/taraz; /web-studiya/dizayn/turkestan; /web-studiya/dizayn/uralsk; /web-studiya/dizayn/ust-kamenogorsk,/; /web-studiya; /web-studiya/dizayn/brendbuk; /web-studiya/dizayn/logotip; /web-studiya/dizayn/neyming; /web-studiya/dizayn/almaty; /web-studiya/dizayn/astana; /web-studiya/dizayn/shymkent; /web-studiya/dizayn/aktau; /web-studiya/dizayn/aktobe; /web-studiya/dizayn/atyrau; /web-studiya/dizayn/karaganda; /web-studiya/dizayn/kokshetau; /web-studiya/dizayn/kostanay; /web-studiya/dizayn/kyzylorda; /web-studiya/dizayn/pavlodar; /web-studiya/dizayn/petropavlovsk; /web-studiya/dizayn/semey; /web-studiya/dizayn/taldykorgan; /web-studiya/dizayn/taraz; /web-studiya/dizayn/turkestan; /web-studiya/dizayn/uralsk; /web-studiya/dizayn/ust-kamenogorsk
21,4,Услуги дизайнера,Нейминг,/web-studiya/dizayn/neyming,Нейминг,"Нейминг для бизнеса — название бренда, услуги или продукта","Придумываем названия для компаний, продуктов и услуг с учётом позиционирования, смысла, звучания и доменных зон.",Узкая услуга,"index, follow","Service, BreadcrumbList, FAQPage (если FAQ видим на странице)",P3,Структура/SEO,Не опубликована,NEW,/web-studiya/dizayn,/; /web-studiya/dizayn
22,4,Услуги дизайнера,Создание брендбука,/web-studiya/dizayn/brendbuk,Создание брендбука,Создание брендбука — фирменный стиль и правила бренда,"Разрабатываем брендбук: логотип, цвета, шрифты, визуальные правила, носители и рекомендации по использованию.",Узкая услуга,"index, follow","Service, BreadcrumbList, FAQPage (если FAQ видим на странице)",P3,Структура/SEO,Не опубликована,NEW,/web-studiya/dizayn,/; /web-studiya/dizayn
23,4,Услуги дизайнера,Создание логотипа,/web-studiya/dizayn/logotip,Создание логотипа,Создание логотипа — фирменный знак для бизнеса,"Создаём логотипы для компаний, проектов и продуктов: концепция, варианты, доработка и подготовка файлов.",Узкая услуга,"index, follow","Service, BreadcrumbList, FAQPage (если FAQ видим на странице)",P3,Структура/SEO,Не опубликована,NEW,/web-studiya/dizayn,/; /web-studiya/dizayn
24,2,Вебстудия Raskrutov,SEO-продвижение,/seo-prodvizhenie-sajtov,SEO-продвижение сайтов в Казахстане,SEO-продвижение сайтов в Казахстане | Raskrutov,"Продвигаем сайты в Google и Яндекс: семантика, структура, контент, техническая оптимизация, аналитика и развитие коммерческих страниц.",Услуга,"index, follow","Service, BreadcrumbList, FAQPage (если FAQ видим на странице)",P1,Переработка контента и SEO,Старый URL с данными GSC; сохранить и проверить доступность,UPDATE,/seo-prodvizhenie-sajtov-v-almaty; /seo-prodvizhenie-sajtov-v-astane; /seo-prodvizhenie-sajtov-v-karagande; /seo-prodvizhenie-sajtov-v-petropavlovske; /seo-prodvizhenie-sajtov-v-shimkente; /web-studiya; /web-studiya/seo-prodvizhenie/google; /web-studiya/seo-prodvizhenie/yandex; /seo-prodvizhenie-sajtov-v-aktau; /seo-prodvizhenie-sajtov-v-aktobe; /seo-prodvizhenie-sajtov-v-atyrau; /seo-prodvizhenie-sajtov-v-kokshetau; /seo-prodvizhenie-sajtov-v-kostanae; /seo-prodvizhenie-sajtov-v-kyzylorde; /seo-prodvizhenie-sajtov-v-pavlodare; /seo-prodvizhenie-sajtov-v-semee; /seo-prodvizhenie-sajtov-v-taldykorgane; /seo-prodvizhenie-sajtov-v-taraze; /seo-prodvizhenie-sajtov-v-turkestane; /seo-prodvizhenie-sajtov-v-uralske; /seo-prodvizhenie-sajtov-v-ust-kamenogorske,/; /keysy/prodvizhenie; /seo-prodvizhenie-sajtov-v-almaty; /seo-prodvizhenie-sajtov-v-astane; /seo-prodvizhenie-sajtov-v-karagande; /seo-prodvizhenie-sajtov-v-petropavlovske; /seo-prodvizhenie-sajtov-v-shimkente; /sozdanie-saitov; /web-studiya; /web-studiya/aeo-geo-prodvizhenie; /web-studiya/seo-prodvizhenie/google; /web-studiya/seo-prodvizhenie/yandex; /seo-prodvizhenie-sajtov-v-aktau; /seo-prodvizhenie-sajtov-v-aktobe; /seo-prodvizhenie-sajtov-v-atyrau; /seo-prodvizhenie-sajtov-v-kokshetau; /seo-prodvizhenie-sajtov-v-kostanae; /seo-prodvizhenie-sajtov-v-kyzylorde; /seo-prodvizhenie-sajtov-v-pavlodare; /seo-prodvizhenie-sajtov-v-semee; /seo-prodvizhenie-sajtov-v-taldykorgane; /seo-prodvizhenie-sajtov-v-taraze; /seo-prodvizhenie-sajtov-v-turkestane; /seo-prodvizhenie-sajtov-v-uralske; /seo-prodvizhenie-sajtov-v-ust-kamenogorske
25,4,SEO-продвижение,Продвижение в Google,/web-studiya/seo-prodvizhenie/google,Продвижение в Google,Продвижение сайта в Google — SEO для бизнеса,"Оптимизируем сайт под Google: семантика, страницы, контент, техническая база, E-E-A-T и рост целевых запросов.",Узкая услуга,"index, follow","Service, BreadcrumbList, FAQPage (если FAQ видим на странице)",P2,Структура/SEO,Не опубликована,NEW,/seo-prodvizhenie-sajtov,/; /keysy/prodvizhenie; /seo-prodvizhenie-sajtov; /sozdanie-saitov; /web-studiya/aeo-geo-prodvizhenie
26,4,SEO-продвижение,Продвижение в Яндекс,/web-studiya/seo-prodvizhenie/yandex,Продвижение в Яндекс,Продвижение сайта в Яндекс — SEO и коммерческие факторы,"Продвигаем сайты в Яндекс: структура, тексты, поведенческие и коммерческие факторы, карты и локальная выдача.",Узкая услуга,"index, follow","Service, BreadcrumbList, FAQPage (если FAQ видим на странице)",P2,Структура/SEO,Не опубликована,NEW,/seo-prodvizhenie-sajtov,/; /keysy/prodvizhenie; /seo-prodvizhenie-sajtov; /sozdanie-saitov; /web-studiya/aeo-geo-prodvizhenie
27,3,SEO-продвижение,SEO-продвижение сайтов в Петропавловске,/seo-prodvizhenie-sajtov-v-petropavlovske,SEO-продвижение сайтов в Петропавловске,SEO-продвижение сайтов в Петропавловске | Raskrutov,"SEO-продвижение сайтов компаний в Петропавловске: семантика, структура, техническая оптимизация, контент, аналитика и рост видимости в поиске.",Гео-услуга,"index, follow","Service (areaServed: Петропавловск), BreadcrumbList, FAQPage (если FAQ видим)",P1,Переработка контента и SEO,Старый URL с данными GSC; сохранить и проверить доступность,UPDATE,/seo-prodvizhenie-sajtov; /web-studiya; /web-studiya/petropavlovsk,/; /keysy/prodvizhenie; /seo-prodvizhenie-sajtov; /sozdanie-saitov; /web-studiya/aeo-geo-prodvizhenie; /web-studiya/petropavlovsk; /sozdanie-saitov-v-Petropavlovske; /seo-prodvizhenie-sajtov-v-petropavlovske
28,3,SEO-продвижение,SEO-продвижение сайтов в Астане,/seo-prodvizhenie-sajtov-v-astane,SEO-продвижение сайтов в Астане,SEO-продвижение сайтов в Астане | Raskrutov,"SEO-продвижение сайтов компаний в Астане: семантика, структура, техническая оптимизация, контент, аналитика и рост видимости в поиске.",Гео-услуга,"index, follow","Service (areaServed: Астана), BreadcrumbList, FAQPage (если FAQ видим)",P1,Переработка контента и SEO,Старый URL с данными GSC; сохранить и проверить доступность,UPDATE,/seo-prodvizhenie-sajtov; /web-studiya; /web-studiya/astana,/; /keysy/prodvizhenie; /seo-prodvizhenie-sajtov; /sozdanie-saitov; /web-studiya/aeo-geo-prodvizhenie; /web-studiya/astana; /sozdanie-saitov-v-astane; /seo-prodvizhenie-sajtov-v-astane
29,3,SEO-продвижение,SEO-продвижение сайтов в Алматы,/seo-prodvizhenie-sajtov-v-almaty,SEO-продвижение сайтов в Алматы,SEO-продвижение сайтов в Алматы | Raskrutov,"SEO-продвижение сайтов компаний в Алматы: семантика, структура, техническая оптимизация, контент, аналитика и рост видимости в поиске.",Гео-услуга,"index, follow","Service (areaServed: Алматы), BreadcrumbList, FAQPage (если FAQ видим)",P1,Переработка контента и SEO,Старый URL с данными GSC; сохранить и проверить доступность,UPDATE,/seo-prodvizhenie-sajtov; /web-studiya; /web-studiya/almaty,/; /keysy/prodvizhenie; /seo-prodvizhenie-sajtov; /sozdanie-saitov; /web-studiya/aeo-geo-prodvizhenie; /web-studiya/almaty; /sozdanie-saitov-v-almaty; /seo-prodvizhenie-sajtov-v-almaty
30,3,SEO-продвижение,SEO-продвижение сайтов в Шымкенте,/seo-prodvizhenie-sajtov-v-shimkente,SEO-продвижение сайтов в Шымкенте,SEO-продвижение сайтов в Шымкенте | Raskrutov,"SEO-продвижение сайтов компаний в Шымкенте: семантика, структура, техническая оптимизация, контент, аналитика и рост видимости в поиске.",Гео-услуга,"index, follow","Service (areaServed: Шымкент), BreadcrumbList, FAQPage (если FAQ видим)",P1,Переработка контента и SEO,Старый URL с данными GSC; сохранить и проверить доступность,UPDATE,/seo-prodvizhenie-sajtov; /web-studiya; /web-studiya/shymkent,/; /keysy/prodvizhenie; /seo-prodvizhenie-sajtov; /sozdanie-saitov; /web-studiya/aeo-geo-prodvizhenie; /web-studiya/shymkent; /sozdanie-saitov-v-shimkente; /seo-prodvizhenie-sajtov-v-shimkente
31,3,SEO-продвижение,SEO-продвижение сайтов в Караганде,/seo-prodvizhenie-sajtov-v-karagande,SEO-продвижение сайтов в Караганде,SEO-продвижение сайтов в Караганде | Raskrutov,"SEO-продвижение сайтов компаний в Караганде: семантика, структура, техническая оптимизация, контент, аналитика и рост видимости в поиске.",Гео-услуга,"index, follow","Service (areaServed: Караганда), BreadcrumbList, FAQPage (если FAQ видим)",P1,Переработка контента и SEO,Старый URL с данными GSC; сохранить и проверить доступность,UPDATE,/seo-prodvizhenie-sajtov; /web-studiya; /web-studiya/karaganda,/; /keysy/prodvizhenie; /seo-prodvizhenie-sajtov; /sozdanie-saitov; /web-studiya/aeo-geo-prodvizhenie; /web-studiya/karaganda; /sozdanie-saitov-v-karagande; /seo-prodvizhenie-sajtov-v-karagande
32,3,Вебстудия Raskrutov,AEO-продвижение,/web-studiya/aeo-geo-prodvizhenie,AEO и GEO-продвижение в AI-выдаче,AEO и GEO-продвижение в AI-выдаче | Raskrutov,"Готовим сайт к ответам поисковых систем и нейросетей: структура, сущности, экспертный контент, FAQ, Schema.org и понятные ответы.",Услуга,"index, follow","Service, BreadcrumbList, FAQPage (если FAQ видим на странице)",P1,SEO-проверка,Опубликована (sitemap),KEEP,/web-studiya; /web-studiya/aeo-geo-prodvizhenie/almaty; /web-studiya/aeo-geo-prodvizhenie/astana; /web-studiya/aeo-geo-prodvizhenie/shymkent; /web-studiya/aeo-geo-prodvizhenie/aktau; /web-studiya/aeo-geo-prodvizhenie/aktobe; /web-studiya/aeo-geo-prodvizhenie/atyrau; /web-studiya/aeo-geo-prodvizhenie/karaganda; /web-studiya/aeo-geo-prodvizhenie/kokshetau; /web-studiya/aeo-geo-prodvizhenie/kostanay; /web-studiya/aeo-geo-prodvizhenie/kyzylorda; /web-studiya/aeo-geo-prodvizhenie/pavlodar; /web-studiya/aeo-geo-prodvizhenie/petropavlovsk; /web-studiya/aeo-geo-prodvizhenie/semey; /web-studiya/aeo-geo-prodvizhenie/taldykorgan; /web-studiya/aeo-geo-prodvizhenie/taraz; /web-studiya/aeo-geo-prodvizhenie/turkestan; /web-studiya/aeo-geo-prodvizhenie/uralsk; /web-studiya/aeo-geo-prodvizhenie/ust-kamenogorsk,/; /web-studiya; /web-studiya/aeo-geo-prodvizhenie/almaty; /web-studiya/aeo-geo-prodvizhenie/astana; /web-studiya/aeo-geo-prodvizhenie/shymkent; /web-studiya/aeo-geo-prodvizhenie/aktau; /web-studiya/aeo-geo-prodvizhenie/aktobe; /web-studiya/aeo-geo-prodvizhenie/atyrau; /web-studiya/aeo-geo-prodvizhenie/karaganda; /web-studiya/aeo-geo-prodvizhenie/kokshetau; /web-studiya/aeo-geo-prodvizhenie/kostanay; /web-studiya/aeo-geo-prodvizhenie/kyzylorda; /web-studiya/aeo-geo-prodvizhenie/pavlodar; /web-studiya/aeo-geo-prodvizhenie/petropavlovsk; /web-studiya/aeo-geo-prodvizhenie/semey; /web-studiya/aeo-geo-prodvizhenie/taldykorgan; /web-studiya/aeo-geo-prodvizhenie/taraz; /web-studiya/aeo-geo-prodvizhenie/turkestan; /web-studiya/aeo-geo-prodvizhenie/uralsk; /web-studiya/aeo-geo-prodvizhenie/ust-kamenogorsk
33,3,Вебстудия Raskrutov,Контекстная реклама,/web-studiya/kontekstnaya-reklama,Контекстная реклама,Контекстная реклама — Google Ads и Яндекс Директ,"Настраиваем контекстную рекламу под заявки: семантика, объявления, посадочные страницы, аналитика и оптимизация бюджета.",Услуга,"index, follow","Service, BreadcrumbList, FAQPage (если FAQ видим на странице)",P1,SEO-проверка,Опубликована (sitemap),KEEP,/contextnaya-reklama-google; /contextnaya-reklama-yandex; /web-studiya; /web-studiya/kontekstnaya-reklama/almaty; /web-studiya/kontekstnaya-reklama/astana; /web-studiya/kontekstnaya-reklama/shymkent; /web-studiya/kontekstnaya-reklama/aktau; /web-studiya/kontekstnaya-reklama/aktobe; /web-studiya/kontekstnaya-reklama/atyrau; /web-studiya/kontekstnaya-reklama/karaganda; /web-studiya/kontekstnaya-reklama/kokshetau; /web-studiya/kontekstnaya-reklama/kostanay; /web-studiya/kontekstnaya-reklama/kyzylorda; /web-studiya/kontekstnaya-reklama/pavlodar; /web-studiya/kontekstnaya-reklama/petropavlovsk; /web-studiya/kontekstnaya-reklama/semey; /web-studiya/kontekstnaya-reklama/taldykorgan; /web-studiya/kontekstnaya-reklama/taraz; /web-studiya/kontekstnaya-reklama/turkestan; /web-studiya/kontekstnaya-reklama/uralsk; /web-studiya/kontekstnaya-reklama/ust-kamenogorsk,/; /contextnaya-reklama-google; /contextnaya-reklama-yandex; /crm; /keysy; /sozdanie-saitov; /web-studiya; /web-studiya/kontekstnaya-reklama/almaty; /web-studiya/kontekstnaya-reklama/astana; /web-studiya/kontekstnaya-reklama/shymkent; /web-studiya/kontekstnaya-reklama/aktau; /web-studiya/kontekstnaya-reklama/aktobe; /web-studiya/kontekstnaya-reklama/atyrau; /web-studiya/kontekstnaya-reklama/karaganda; /web-studiya/kontekstnaya-reklama/kokshetau; /web-studiya/kontekstnaya-reklama/kostanay; /web-studiya/kontekstnaya-reklama/kyzylorda; /web-studiya/kontekstnaya-reklama/pavlodar; /web-studiya/kontekstnaya-reklama/petropavlovsk; /web-studiya/kontekstnaya-reklama/semey; /web-studiya/kontekstnaya-reklama/taldykorgan; /web-studiya/kontekstnaya-reklama/taraz; /web-studiya/kontekstnaya-reklama/turkestan; /web-studiya/kontekstnaya-reklama/uralsk; /web-studiya/kontekstnaya-reklama/ust-kamenogorsk
34,2,Контекстная реклама,Контекстная реклама в Google,/contextnaya-reklama-google,Контекстная реклама в Google Ads,Контекстная реклама в Google Ads | Raskrutov,"Настраиваем и ведём Google Ads: семантика, объявления, расширения, минус-слова, аналитика, контроль заявок и оптимизация кампаний.",Узкая услуга,"index, follow","Service, BreadcrumbList, FAQPage (если FAQ видим на странице)",P2,Переработка контента и SEO,Старый URL с данными GSC; сохранить и проверить доступность,UPDATE,/web-studiya/kontekstnaya-reklama,/; /crm; /keysy; /sozdanie-saitov; /web-studiya/kontekstnaya-reklama
35,2,Контекстная реклама,Контекстная реклама в Яндекс,/contextnaya-reklama-yandex,Контекстная реклама в Яндекс Директ,Контекстная реклама в Яндекс Директ | Raskrutov,"Настраиваем и ведём Яндекс Директ: ключевые фразы, объявления, минус-слова, аналитика, контроль заявок и оптимизация.",Узкая услуга,"index, follow","Service, BreadcrumbList, FAQPage (если FAQ видим на странице)",P2,Переработка контента и SEO,Старый URL с данными GSC; сохранить и проверить доступность,UPDATE,/web-studiya/kontekstnaya-reklama,/; /crm; /keysy; /sozdanie-saitov; /web-studiya/kontekstnaya-reklama
36,3,Вебстудия Raskrutov,Лидогенерация,/web-studiya/lidogeneratsiya,Лидогенерация,Лидогенерация для бизнеса — заявки из сайта и рекламы,"Выстраиваем поток целевых заявок через сайт, рекламу, квизы, аналитику, CRM и оптимизацию воронки продаж.",Услуга,"index, follow","Service, BreadcrumbList, FAQPage (если FAQ видим на странице)",P1,SEO-проверка,Опубликована (sitemap),KEEP,/web-studiya; /web-studiya/lidogeneratsiya/almaty; /web-studiya/lidogeneratsiya/astana; /web-studiya/lidogeneratsiya/shymkent; /web-studiya/lidogeneratsiya/aktau; /web-studiya/lidogeneratsiya/aktobe; /web-studiya/lidogeneratsiya/atyrau; /web-studiya/lidogeneratsiya/karaganda; /web-studiya/lidogeneratsiya/kokshetau; /web-studiya/lidogeneratsiya/kostanay; /web-studiya/lidogeneratsiya/kyzylorda; /web-studiya/lidogeneratsiya/pavlodar; /web-studiya/lidogeneratsiya/petropavlovsk; /web-studiya/lidogeneratsiya/semey; /web-studiya/lidogeneratsiya/taldykorgan; /web-studiya/lidogeneratsiya/taraz; /web-studiya/lidogeneratsiya/turkestan; /web-studiya/lidogeneratsiya/uralsk; /web-studiya/lidogeneratsiya/ust-kamenogorsk,/; /crm; /keysy; /sozdanie-saitov; /web-studiya; /web-studiya/lidogeneratsiya/almaty; /web-studiya/lidogeneratsiya/astana; /web-studiya/lidogeneratsiya/shymkent; /web-studiya/lidogeneratsiya/aktau; /web-studiya/lidogeneratsiya/aktobe; /web-studiya/lidogeneratsiya/atyrau; /web-studiya/lidogeneratsiya/karaganda; /web-studiya/lidogeneratsiya/kokshetau; /web-studiya/lidogeneratsiya/kostanay; /web-studiya/lidogeneratsiya/kyzylorda; /web-studiya/lidogeneratsiya/pavlodar; /web-studiya/lidogeneratsiya/petropavlovsk; /web-studiya/lidogeneratsiya/semey; /web-studiya/lidogeneratsiya/taldykorgan; /web-studiya/lidogeneratsiya/taraz; /web-studiya/lidogeneratsiya/turkestan; /web-studiya/lidogeneratsiya/uralsk; /web-studiya/lidogeneratsiya/ust-kamenogorsk
37,3,Вебстудия Raskrutov,Поддержка сайтов,/web-studiya/podderzhka-saytov,Поддержка сайтов,"Поддержка сайтов — правки, развитие и техническое сопровождение","Сопровождаем сайты после запуска: обновления, правки, контроль, SEO-задачи, новые страницы и стабильная работа.",Услуга,"index, follow","Service, BreadcrumbList, FAQPage (если FAQ видим на странице)",P2,SEO-проверка,Опубликована (sitemap),KEEP,/web-studiya; /web-studiya/podderzhka-saytov/almaty; /web-studiya/podderzhka-saytov/astana; /web-studiya/podderzhka-saytov/shymkent; /web-studiya/podderzhka-saytov/aktau; /web-studiya/podderzhka-saytov/aktobe; /web-studiya/podderzhka-saytov/atyrau; /web-studiya/podderzhka-saytov/karaganda; /web-studiya/podderzhka-saytov/kokshetau; /web-studiya/podderzhka-saytov/kostanay; /web-studiya/podderzhka-saytov/kyzylorda; /web-studiya/podderzhka-saytov/pavlodar; /web-studiya/podderzhka-saytov/petropavlovsk; /web-studiya/podderzhka-saytov/semey; /web-studiya/podderzhka-saytov/taldykorgan; /web-studiya/podderzhka-saytov/taraz; /web-studiya/podderzhka-saytov/turkestan; /web-studiya/podderzhka-saytov/uralsk; /web-studiya/podderzhka-saytov/ust-kamenogorsk,/; /keysy/sayty; /seo-prodvizhenie-sajtov; /web-studiya; /web-studiya/podderzhka-saytov/almaty; /web-studiya/podderzhka-saytov/astana; /web-studiya/podderzhka-saytov/shymkent; /web-studiya/podderzhka-saytov/aktau; /web-studiya/podderzhka-saytov/aktobe; /web-studiya/podderzhka-saytov/atyrau; /web-studiya/podderzhka-saytov/karaganda; /web-studiya/podderzhka-saytov/kokshetau; /web-studiya/podderzhka-saytov/kostanay; /web-studiya/podderzhka-saytov/kyzylorda; /web-studiya/podderzhka-saytov/pavlodar; /web-studiya/podderzhka-saytov/petropavlovsk; /web-studiya/podderzhka-saytov/semey; /web-studiya/podderzhka-saytov/taldykorgan; /web-studiya/podderzhka-saytov/taraz; /web-studiya/podderzhka-saytov/turkestan; /web-studiya/podderzhka-saytov/uralsk; /web-studiya/podderzhka-saytov/ust-kamenogorsk
38,3,Вебстудия Raskrutov,Digital-консалтинг,/web-studiya/digital-konsalting,Digital-консалтинг,Digital-консалтинг для бизнеса — стратегия роста в интернете,"Анализируем сайт, продвижение, рекламу и продажи, чтобы собрать понятную digital-стратегию и план развития.",Хаб услуги,"index, follow","CollectionPage, BreadcrumbList",P2,SEO-проверка,Опубликована (sitemap),KEEP,/web-studiya; /web-studiya/digital-konsalting/audit-prodvizheniya; /web-studiya/digital-konsalting/audit-sayta; /web-studiya/digital-konsalting/digital-strategiya; /web-studiya/digital-konsalting/konsultatsiya-dlya-biznesa; /web-studiya/digital-konsalting/almaty; /web-studiya/digital-konsalting/astana; /web-studiya/digital-konsalting/shymkent; /web-studiya/digital-konsalting/aktau; /web-studiya/digital-konsalting/aktobe; /web-studiya/digital-konsalting/atyrau; /web-studiya/digital-konsalting/karaganda; /web-studiya/digital-konsalting/kokshetau; /web-studiya/digital-konsalting/kostanay; /web-studiya/digital-konsalting/kyzylorda; /web-studiya/digital-konsalting/pavlodar; /web-studiya/digital-konsalting/petropavlovsk; /web-studiya/digital-konsalting/semey; /web-studiya/digital-konsalting/taldykorgan; /web-studiya/digital-konsalting/taraz; /web-studiya/digital-konsalting/turkestan; /web-studiya/digital-konsalting/uralsk; /web-studiya/digital-konsalting/ust-kamenogorsk,/; /web-studiya; /web-studiya/digital-konsalting/audit-prodvizheniya; /web-studiya/digital-konsalting/audit-sayta; /web-studiya/digital-konsalting/digital-strategiya; /web-studiya/digital-konsalting/konsultatsiya-dlya-biznesa; /web-studiya/digital-konsalting/almaty; /web-studiya/digital-konsalting/astana; /web-studiya/digital-konsalting/shymkent; /web-studiya/digital-konsalting/aktau; /web-studiya/digital-konsalting/aktobe; /web-studiya/digital-konsalting/atyrau; /web-studiya/digital-konsalting/karaganda; /web-studiya/digital-konsalting/kokshetau; /web-studiya/digital-konsalting/kostanay; /web-studiya/digital-konsalting/kyzylorda; /web-studiya/digital-konsalting/pavlodar; /web-studiya/digital-konsalting/petropavlovsk; /web-studiya/digital-konsalting/semey; /web-studiya/digital-konsalting/taldykorgan; /web-studiya/digital-konsalting/taraz; /web-studiya/digital-konsalting/turkestan; /web-studiya/digital-konsalting/uralsk; /web-studiya/digital-konsalting/ust-kamenogorsk
39,4,Digital-консалтинг,Аудит сайта,/web-studiya/digital-konsalting/audit-sayta,Аудит сайта,"Аудит сайта — проверка SEO, структуры и конверсии","Проводим аудит сайта: технические ошибки, SEO, структура, тексты, скорость, формы, аналитика и точки роста.",Узкая услуга,"index, follow","Service, BreadcrumbList, FAQPage (если FAQ видим на странице)",P3,Структура/SEO,Не опубликована,NEW,/web-studiya/digital-konsalting,/; /web-studiya/digital-konsalting
40,4,Digital-консалтинг,Аудит продвижения,/web-studiya/digital-konsalting/audit-prodvizheniya,Аудит продвижения,Аудит продвижения — проверка SEO и рекламы,"Проверяем SEO, рекламу, аналитику, посадочные страницы и воронку, чтобы найти потери бюджета и точки роста.",Узкая услуга,"index, follow","Service, BreadcrumbList, FAQPage (если FAQ видим на странице)",P3,Структура/SEO,Не опубликована,NEW,/web-studiya/digital-konsalting,/; /web-studiya/digital-konsalting
41,4,Digital-консалтинг,Digital-стратегия,/web-studiya/digital-konsalting/digital-strategiya,Digital-стратегия,Digital-стратегия для бизнеса — план роста заявок,"Разрабатываем стратегию продвижения: сайт, SEO, реклама, контент, CRM, аналитика и приоритеты внедрения.",Узкая услуга,"index, follow","Service, BreadcrumbList, FAQPage (если FAQ видим на странице)",P3,Структура/SEO,Не опубликована,NEW,/web-studiya/digital-konsalting,/; /web-studiya/digital-konsalting
42,4,Digital-консалтинг,Консультация для бизнеса,/web-studiya/digital-konsalting/konsultatsiya-dlya-biznesa,Консультация для бизнеса,Digital-консультация для бизнеса — разбор сайта и заявок,"Проводим консультации по сайту, продвижению, рекламе, CRM и digital-системе продаж для бизнеса.",Узкая услуга,"index, follow","Service, BreadcrumbList, FAQPage (если FAQ видим на странице)",P3,Структура/SEO,Не опубликована,NEW,/web-studiya/digital-konsalting,/; /web-studiya/digital-konsalting
43,2,Главная,CRM и автоматизация,/crm,CRM и автоматизация,CRM и автоматизация продаж — контроль заявок и процессов,"Внедряем CRM, автоматизируем продажи, интегрируем сайт, мессенджеры, телефонию и аналитику для контроля лидов.",Хаб,"index, follow","CollectionPage, BreadcrumbList",P1,Структура/SEO,Не опубликована,NEW,/; /crm/avtomatizatsiya-prodazh; /crm/integratsiya-s-crm; /crm/vnedrenie-crm,/; /crm/avtomatizatsiya-prodazh; /crm/integratsiya-s-crm; /crm/vnedrenie-crm; /keysy/crm; /sozdanie-saitov; /web-studiya/lidogeneratsiya
44,3,CRM и автоматизация,Внедрение CRM,/crm/vnedrenie-crm,Внедрение CRM,"Внедрение CRM — настройка воронок, заявок и контроля","Настраиваем CRM под бизнес: воронки, поля, задачи, уведомления, интеграции с сайтом и отчётность для руководителя.",Услуга,"index, follow","Service, BreadcrumbList, FAQPage (если FAQ видим на странице)",P2,Структура/SEO,Не опубликована,NEW,/crm,/; /crm; /keysy/crm; /sozdanie-saitov; /web-studiya/lidogeneratsiya
45,3,CRM и автоматизация,Автоматизация продаж,/crm/avtomatizatsiya-prodazh,Автоматизация продаж,"Автоматизация продаж — воронки, задачи и контроль менеджеров","Автоматизируем обработку лидов: задачи, статусы, напоминания, скрипты, уведомления и контроль отдела продаж.",Услуга,"index, follow","Service, BreadcrumbList, FAQPage (если FAQ видим на странице)",P2,Структура/SEO,Не опубликована,NEW,/crm,/; /crm; /keysy/crm; /sozdanie-saitov; /web-studiya/lidogeneratsiya
46,3,CRM и автоматизация,Интеграция с CRM,/crm/integratsiya-s-crm,Интеграция с CRM,Интеграция сайта с CRM — заявки без потерь,"Интегрируем формы сайта, квизы, мессенджеры, телефонию и аналитику с CRM, чтобы каждая заявка попадала в работу.",Услуга,"index, follow","Service, BreadcrumbList, FAQPage (если FAQ видим на странице)",P2,Структура/SEO,Не опубликована,NEW,/crm,/; /crm; /keysy/crm; /sozdanie-saitov; /web-studiya/lidogeneratsiya
47,2,Главная,Академия Raskrutov,/akademiya,Академия Raskrutov,Академия Raskrutov — обучение digital-навыкам и сайтам,"Практическое обучение созданию сайтов, SEO, AEO, R-Builder и digital-инструментам для бизнеса, специалистов и партнёров.",Хаб,"index, follow","CollectionPage, BreadcrumbList",P1,SEO-проверка,Опубликована (sitemap),KEEP,/; /akademiya/korporativnoe-obuchenie; /akademiya/obuchenie-r-builder; /akademiya/obuchenie-seo-aeo; /akademiya/obuchenie-sozdaniyu-saytov,/; /akademiya/korporativnoe-obuchenie; /akademiya/obuchenie-r-builder; /akademiya/obuchenie-seo-aeo; /akademiya/obuchenie-sozdaniyu-saytov
48,3,Академия Raskrutov,Обучение созданию сайтов,/akademiya/obuchenie-sozdaniyu-saytov,Обучение созданию сайтов,Обучение созданию сайтов — практический курс Raskrutov,"Учитесь создавать сайты для бизнеса: структура, дизайн, тексты, редактор, публикация, заявки и базовая SEO-подготовка.",Обучение,"index, follow","Course, Organization, BreadcrumbList",P2,Структура/SEO,Не опубликована,NEW,/akademiya,/; /akademiya
49,3,Академия Raskrutov,Обучение SEO и AEO,/akademiya/obuchenie-seo-aeo,Обучение SEO и AEO,Обучение SEO и AEO — продвижение в поиске и AI-ответах,"Практический курс по SEO и AEO: семантика, структура страниц, контент, Schema, FAQ и рост видимости сайта.",Обучение,"index, follow","Course, Organization, BreadcrumbList",P2,Структура/SEO,Не опубликована,NEW,/akademiya,/; /akademiya
50,3,Академия Raskrutov,Обучение R-Builder,/akademiya/obuchenie-r-builder,Обучение R-Builder,Обучение R-Builder — создание сайтов через AI и редактор,"Учитесь создавать сайты в R-Builder by Raskrutov: AI-структура, визуальный редактор, блоки, настройки и публикация.",Обучение,"index, follow","Course, Organization, BreadcrumbList",P2,Структура/SEO,Не опубликована,NEW,/akademiya,/; /akademiya
51,3,Академия Raskrutov,Корпоративное обучение,/akademiya/korporativnoe-obuchenie,Корпоративное обучение,Корпоративное обучение digital-навыкам для бизнеса,"Обучаем команды созданию сайтов, работе с R-Builder, SEO, AEO, контентом и базовыми digital-инструментами.",Обучение,"index, follow","Course, Organization, BreadcrumbList",P2,Структура/SEO,Не опубликована,NEW,/akademiya,/; /akademiya
52,2,Главная,R-Builder,/r-builder,R-Builder,R-Builder by Raskrutov — AI-платформа для создания сайтов,"Собственная платформа Raskrutov для быстрого создания структуры, логики и цифровой упаковки бизнеса на базе AI-инструментов.",Хаб продукта,"index, follow","SoftwareApplication, Product, BreadcrumbList",P1,SEO-проверка,Опубликована (sitemap),KEEP,/; /r-builder/ai-r-builder; /r-builder/chto-takoe-r-builder; /r-builder/dlya-biznesa; /r-builder/vozmozhnosti,/; /r-builder/ai-r-builder; /r-builder/chto-takoe-r-builder; /r-builder/dlya-biznesa; /r-builder/vozmozhnosti
53,3,R-Builder,Что такое R-Builder,/r-builder/chto-takoe-r-builder,Что такое R-Builder,Что такое R-Builder — платформа для создания сайтов,"Рассказываем, как R-Builder помогает быстро собирать сайты, структуру, блоки и digital-упаковку бизнеса.",Продукт,"index, follow","SoftwareApplication, Product, BreadcrumbList",P2,Структура/SEO,Не опубликована,NEW,/r-builder,/; /r-builder
54,3,R-Builder,AI R-Builder,/r-builder/ai-r-builder,AI R-Builder,AI R-Builder — генерация структуры сайта через AI,"AI R-Builder помогает создавать основу сайта: структуру, блоки, смыслы, тексты и стартовую упаковку проекта.",Продукт,"index, follow","SoftwareApplication, Product, BreadcrumbList",P2,Структура/SEO,Не опубликована,NEW,/r-builder,/; /r-builder
55,3,R-Builder,Возможности платформы,/r-builder/vozmozhnosti,Возможности платформы,"Возможности R-Builder — сайты, блоки, AI и публикация","Обзор возможностей R-Builder: генерация, визуальный редактор, адаптивность, формы, интеграции и быстрый запуск сайта.",Продукт,"index, follow","SoftwareApplication, Product, BreadcrumbList",P2,Структура/SEO,Не опубликована,NEW,/r-builder,/; /r-builder
56,3,R-Builder,R-Builder для бизнеса,/r-builder/dlya-biznesa,R-Builder для бизнеса,R-Builder для бизнеса — быстрый запуск сайта и заявок,"R-Builder помогает бизнесу быстро запустить сайт, проверить гипотезу, упаковать услугу и начать получать заявки.",Продукт,"index, follow","SoftwareApplication, Product, BreadcrumbList",P2,Структура/SEO,Не опубликована,NEW,/r-builder,/; /r-builder
57,2,Главная,Партнёрам Raskrutov,/partneram,Партнёрам Raskrutov,Партнёрство с Raskrutov — digital-бизнес под сильной системой,"Запускайте digital-направление с Raskrutov: продукт, стандарты, обучение, сопровождение, R-Builder и партнёрская модель.",Хаб,"index, follow","CollectionPage, BreadcrumbList",P1,SEO-проверка,Опубликована (sitemap),KEEP,/; /partneram/deystvuyushchie-partnery; /partneram/dlya-reklamnyh-agentstv; /partneram/franshiza; /partneram/pakety-partnerstva,/; /partneram/deystvuyushchie-partnery; /partneram/dlya-reklamnyh-agentstv; /partneram/franshiza; /partneram/pakety-partnerstva
58,3,Партнёрам Raskrutov,Партнёрская программа — франшиза,/partneram/franshiza,Партнёрская программа — франшиза,Франшиза Raskrutov — партнёрская модель digital-бизнеса,"Партнёрская программа Raskrutov: бренд, методология, обучение, стандарты, R-Builder и поддержка запуска.",Партнёрство,"index, follow","CollectionPage, BreadcrumbList",P2,Структура/SEO,Не опубликована,NEW,/partneram,/; /partneram
59,3,Партнёрам Raskrutov,Пакеты партнёрства,/partneram/pakety-partnerstva,Пакеты партнёрства,Пакеты партнёрства Raskrutov — форматы запуска,"Сравните пакеты партнёрства Raskrutov: что входит, кому подходит, как проходит запуск и сопровождение партнёра.",Партнёрство,"index, follow","CollectionPage, BreadcrumbList",P2,Структура/SEO,Не опубликована,NEW,/partneram,/; /partneram
60,3,Партнёрам Raskrutov,Для рекламных агентств,/partneram/dlya-reklamnyh-agentstv,Для рекламных агентств,"Raskrutov для рекламных агентств — сайты, R-Builder и производство","Помогаем агентствам закрывать задачи по сайтам, структуре, R-Builder, производству страниц и digital-системам для клиентов.",Партнёрство,"index, follow","CollectionPage, BreadcrumbList",P2,Структура/SEO,Не опубликована,NEW,/partneram,/; /partneram
61,3,Партнёрам Raskrutov,Действующие партнёры,/partneram/deystvuyushchie-partnery,Действующие партнёры,"Партнёры Raskrutov — сеть, города и направления","Страница партнёров Raskrutov: действующие участники сети, города, направления работы и возможности сотрудничества.",Партнёрство,"index, follow","CollectionPage, BreadcrumbList",P2,Структура/SEO,Не опубликована,NEW,/partneram,/; /partneram
62,2,Главная,Кейсы Raskrutov,/keysy,Кейсы Raskrutov,"Кейсы Raskrutov — сайты, продвижение, CRM и обучение","Смотрите примеры проектов Raskrutov: сайты, SEO, реклама, CRM, R-Builder, академия и партнёрские запуски.",Хаб,"index, follow","CollectionPage, BreadcrumbList",P1,SEO-проверка,Опубликована (sitemap),KEEP,/; /keysy/akademiya; /keysy/crm; /keysy/partnery; /keysy/prodvizhenie; /keysy/sayty,/; /keysy/akademiya; /keysy/crm; /keysy/partnery; /keysy/prodvizhenie; /keysy/sayty
63,3,Кейсы Raskrutov,Кейсы: сайты,/keysy/sayty,Кейсы: сайты,Кейсы по созданию сайтов — проекты Raskrutov,"Примеры сайтов, созданных Raskrutov: задачи, решения, структура, дизайн, запуск и результаты для бизнеса.",Кейсы,"index, follow","CollectionPage, BreadcrumbList",P2,SEO-проверка,Опубликована (sitemap),KEEP,/kejs-laminat; /kejs-proizvodstvennaya-kompaniya-v-astane; /kejs-raki; /kejs-teplyj-pol; /keysy,/; /kejs-laminat; /kejs-proizvodstvennaya-kompaniya-v-astane; /kejs-raki; /kejs-teplyj-pol; /keysy
64,2,Кейсы: сайты,Кейс производственной компании в Астане,/kejs-proizvodstvennaya-kompaniya-v-astane,Кейс digital-проекта для производственной компании в Астане,Кейс производственной компании в Астане | Raskrutov,"Кейс производственной компании в Астане: задача, решение, выполненные работы и подтверждаемые результаты проекта Raskrutov.",Кейс,"index, follow","Article, BreadcrumbList",P2,Переработка контента и SEO,Старый URL с данными GSC; сохранить и проверить доступность,UPDATE,/keysy/sayty,/; /keysy; /keysy/sayty; /sozdanie-saitov
65,2,Кейсы: сайты,Кейс: проект «Раки»,/kejs-raki,Кейс проекта «Раки»,Кейс проекта «Раки» | Raskrutov,"Кейс: проект «Раки»: задача, решение, выполненные работы и подтверждаемые результаты проекта Raskrutov.",Кейс,"index, follow","Article, BreadcrumbList",P3,Переработка контента и SEO,Старый URL с данными GSC; сохранить и проверить доступность,UPDATE,/keysy/sayty,/; /keysy; /keysy/sayty; /sozdanie-saitov
66,2,Кейсы: сайты,Кейс: тёплый пол,/kejs-teplyj-pol,Кейс проекта по тёплому полу,Кейс проекта «Тёплый пол» | Raskrutov,"Кейс: тёплый пол: задача, решение, выполненные работы и подтверждаемые результаты проекта Raskrutov.",Кейс,"index, follow","Article, BreadcrumbList",P3,Переработка контента и SEO,Старый URL с данными GSC; сохранить и проверить доступность,UPDATE,/keysy/sayty,/; /keysy; /keysy/sayty; /sozdanie-saitov
67,2,Кейсы: сайты,Кейс: ламинат,/kejs-laminat,Кейс проекта по напольным покрытиям,Кейс проекта по напольным покрытиям | Raskrutov,"Кейс: ламинат: задача, решение, выполненные работы и подтверждаемые результаты проекта Raskrutov.",Кейс,"index, follow","Article, BreadcrumbList",P3,Переработка контента и SEO,Старый URL с данными GSC; сохранить и проверить доступность,UPDATE,/keysy/sayty,/; /keysy; /keysy/sayty; /sozdanie-saitov
68,3,Кейсы Raskrutov,Кейсы: продвижение,/keysy/prodvizhenie,Кейсы: продвижение,"Кейсы по продвижению — SEO, реклама и лидогенерация","Примеры продвижения проектов: рост видимости, заявки, реклама, SEO-структура, контент и аналитика.",Кейсы,"index, follow","CollectionPage, BreadcrumbList",P2,SEO-проверка,Опубликована (sitemap),KEEP,/keysy,/; /keysy
69,3,Кейсы Raskrutov,Кейсы: CRM,/keysy/crm,Кейсы: CRM,Кейсы CRM и автоматизации — заявки и продажи,"Примеры внедрения CRM, автоматизации заявок, интеграций, воронок продаж и контроля обработки лидов.",Кейсы,"index, follow","CollectionPage, BreadcrumbList",P2,Структура/SEO,Не опубликована,NEW,/keysy,/; /keysy
70,3,Кейсы Raskrutov,Кейсы: Академия,/keysy/akademiya,Кейсы: Академия,Кейсы Академии Raskrutov — обучение и результаты учеников,"Истории обучения в Академии Raskrutov: проекты, навыки, созданные сайты и практические результаты учеников.",Кейсы,"index, follow","CollectionPage, BreadcrumbList",P2,Структура/SEO,Не опубликована,NEW,/keysy,/; /keysy
71,3,Кейсы Raskrutov,Кейсы: партнёры,/keysy/partnery,Кейсы: партнёры,Кейсы партнёров Raskrutov — запуск digital-бизнеса,"Примеры партнёрских запусков Raskrutov: обучение, внедрение стандартов, первые проекты и развитие партнёров.",Кейсы,"index, follow","CollectionPage, BreadcrumbList",P2,Структура/SEO,Не опубликована,NEW,/keysy,/; /keysy
72,2,Главная,Вопросы и ответы,/faq,Вопросы и ответы,"Вопросы и ответы Raskrutov — сайты, SEO, CRM, обучение","Ответы на частые вопросы о сайтах, SEO, AEO, CRM, R-Builder, Академии и партнёрской программе Raskrutov.",FAQ-хаб,"index, follow","FAQPage, BreadcrumbList",P1,SEO-проверка,Опубликована (sitemap),KEEP,/,/
73,2,Главная,О компании Raskrutov,/o-kompanii,"О компании, команде и опыте Raskrutov",О компании Raskrutov — экосистема цифрового роста,"Raskrutov — цифровая экосистема из студии, маркетинга, CRM, Академии, партнёрской сети и платформы R-Builder.",Хаб,"index, follow","CollectionPage, BreadcrumbList",P1,SEO-проверка,Опубликована (sitemap),KEEP,/; /about-founder; /about-us; /nashi-klienti; /o-kompanii/blagodarstvennye-pisma; /o-kompanii/komanda; /o-kompanii/vakansii; /otzivi,/; /about-founder; /about-us; /nashi-klienti; /o-kompanii/blagodarstvennye-pisma; /o-kompanii/komanda; /o-kompanii/vakansii; /otzivi
74,2,О компании Raskrutov,О нас,/about-us,Кто мы: веб-студия Raskrutov,О нас — команда и подход Raskrutov,"Кто мы, как работаем, какие задачи решаем для бизнеса и почему развиваем экосистему digital-направлений Raskrutov.",Инфо,"index, follow","AboutPage, Organization, BreadcrumbList",P3,Переработка контента и SEO,Старый URL с данными GSC; сохранить и проверить доступность,UPDATE,/o-kompanii,/; /o-kompanii
75,3,О компании Raskrutov,Команда,/o-kompanii/komanda,Команда,Команда Raskrutov — специалисты студии и экосистемы,"Познакомьтесь с командой Raskrutov: разработка сайтов, SEO, контент, дизайн, CRM, обучение и партнёрское развитие.",Инфо,"index, follow","AboutPage, Organization, BreadcrumbList",P3,SEO-проверка,Опубликована (sitemap),KEEP,/o-kompanii,/; /o-kompanii
76,3,О компании Raskrutov,Благодарственные письма,/o-kompanii/blagodarstvennye-pisma,Благодарственные письма,Благодарственные письма Raskrutov — доверие клиентов,"Благодарственные письма, подтверждения сотрудничества и отзывы компаний, которые работали с командой Raskrutov.",Инфо,"index, follow","AboutPage, Organization, BreadcrumbList",P3,Структура/SEO,Не опубликована,NEW,/o-kompanii,/; /o-kompanii
77,2,О компании Raskrutov,Наши клиенты,/nashi-klienti,Клиенты Raskrutov,Клиенты веб-студии Raskrutov,"Компании и проекты, для которых Raskrutov создавал сайты, продвижение и digital-решения.",Инфо,"index, follow","AboutPage, Organization, BreadcrumbList",P3,Переработка контента и SEO,Старый URL с данными GSC; сохранить и проверить доступность,UPDATE,/o-kompanii,/; /o-kompanii
78,3,О компании Raskrutov,Вакансии,/o-kompanii/vakansii,Вакансии,Вакансии Raskrutov — работа в digital-команде,"Открытые вакансии Raskrutov для специалистов по сайтам, SEO, контенту, дизайну, продажам, обучению и партнёрству.",Инфо,"index, follow","AboutPage, Organization, BreadcrumbList",P3,Структура/SEO,Не опубликована,NEW,/o-kompanii,/; /o-kompanii
79,2,О компании Raskrutov,Отзывы,/otzivi,Отзывы клиентов Raskrutov,Отзывы клиентов о Raskrutov,"Отзывы клиентов о создании сайтов, SEO-продвижении и digital-решениях Raskrutov. Публикуются только подтверждаемые материалы.",Инфо,"index, follow","AboutPage, Organization, BreadcrumbList",P1,Переработка контента и SEO,Старый URL с данными GSC; сохранить и проверить доступность,UPDATE,/o-kompanii,/; /o-kompanii
80,2,О компании Raskrutov,Основатель Raskrutov,/about-founder,Основатель Raskrutov,Основатель Raskrutov — опыт и экспертиза,"Информация об основателе Raskrutov, профессиональном опыте, роли в развитии компании и digital-проектах.",Инфо,"index, follow","AboutPage, Organization, BreadcrumbList",P2,Переработка контента и SEO,Старый URL с данными GSC; сохранить и проверить доступность,UPDATE,/o-kompanii,/; /o-kompanii
81,2,Главная,Блог,/blog,"Блог о сайтах, SEO и digital-инструментах","Блог Raskrutov: сайты, SEO и digital","Практические материалы Raskrutov о создании сайтов, SEO, рекламе, CRM, аналитике и развитии digital-проектов.",Инфо,"index, follow","Blog, CollectionPage, BreadcrumbList",P3,Структура/SEO,Не опубликована,NEW,/; /kontekstnaya-reklama-v-kazakhstane-kak-dobitsya-uspekha-; /mobilnaya-versiya-sajta; /seo-prodvizhenie-v-almaty-polnyj-gid-dlya-biznesa; /seo-prodvizhenie-v-petropavlovske-polnyj-gid-dlya-biznesa; /sozdanie-sajtov-v-kazakhstane-kak-vybrat-podkhodyashchuyu-platformu; /sozdanie-sajtov-v-petropavlovske-kak-vybrat-dizajn-kotoryj-privlekaet-klientov; /sozdanie-sajtov-v-petropavlovske-kak-vybrat-luchshuyu-veb-studiyu; /strategii-prodvizheniya-sajtov-v-kazakhstane; /vazhnost-kontekstnoj-reklamy-dlya-biznesa,/; /kontekstnaya-reklama-v-kazakhstane-kak-dobitsya-uspekha-; /mobilnaya-versiya-sajta; /seo-prodvizhenie-v-almaty-polnyj-gid-dlya-biznesa; /seo-prodvizhenie-v-petropavlovske-polnyj-gid-dlya-biznesa; /sozdanie-sajtov-v-kazakhstane-kak-vybrat-podkhodyashchuyu-platformu; /sozdanie-sajtov-v-petropavlovske-kak-vybrat-dizajn-kotoryj-privlekaet-klientov; /sozdanie-sajtov-v-petropavlovske-kak-vybrat-luchshuyu-veb-studiyu; /strategii-prodvizheniya-sajtov-v-kazakhstane; /vazhnost-kontekstnoj-reklamy-dlya-biznesa
82,2,Блог,Как выбрать платформу для сайта в Казахстане,/sozdanie-sajtov-v-kazakhstane-kak-vybrat-podkhodyashchuyu-platformu,Как выбрать платформу для создания сайта в Казахстане,Как выбрать платформу для сайта в Казахстане | Raskrutov,"Сравниваем критерии выбора платформы для бизнес-сайта: задачи, масштабирование, SEO, интеграции, поддержка и стоимость владения.",Статья,"index, follow","Article, BreadcrumbList",P2,Переработка контента и SEO,Старый URL с данными GSC; сохранить и проверить доступность,UPDATE,/blog,/; /blog; /seo-prodvizhenie-sajtov; /sozdanie-saitov
83,2,Блог,"Как выбрать дизайн сайта, который привлекает клиентов",/sozdanie-sajtov-v-petropavlovske-kak-vybrat-dizajn-kotoryj-privlekaet-klientov,"Как выбрать дизайн сайта, который привлекает клиентов",Как выбрать дизайн сайта для бизнеса | Raskrutov,"Практические критерии выбора дизайна сайта: структура, доверие, мобильная версия, читаемость, CTA и соответствие задачам бизнеса.",Статья,"index, follow","Article, BreadcrumbList",P2,Переработка контента и SEO,Старый URL с данными GSC; сохранить и проверить доступность,UPDATE,/blog,/; /blog; /seo-prodvizhenie-sajtov; /sozdanie-saitov
84,2,Блог,Как выбрать веб-студию в Петропавловске,/sozdanie-sajtov-v-petropavlovske-kak-vybrat-luchshuyu-veb-studiyu,Как выбрать веб-студию в Петропавловске,Как выбрать веб-студию в Петропавловске | Raskrutov,"Чек-лист выбора подрядчика: портфолио, процессы, SEO-фундамент, аналитика, поддержка, договор и критерии оценки результата.",Статья,"index, follow","Article, BreadcrumbList",P2,Переработка контента и SEO,Старый URL с данными GSC; сохранить и проверить доступность,UPDATE,/blog,/; /blog; /seo-prodvizhenie-sajtov; /sozdanie-saitov
85,2,Блог,Стратегии SEO-продвижения сайтов в Казахстане,/strategii-prodvizheniya-sajtov-v-kazakhstane,Стратегии SEO-продвижения сайтов в Казахстане,Стратегии SEO-продвижения в Казахстане | Raskrutov,"Разбираем рабочую SEO-стратегию: семантика, структура, коммерческие факторы, контент, техника, локальная оптимизация и аналитика.",Статья,"index, follow","Article, BreadcrumbList",P2,Переработка контента и SEO,Старый URL с данными GSC; сохранить и проверить доступность,UPDATE,/blog,/; /blog; /seo-prodvizhenie-sajtov; /sozdanie-saitov
86,2,Блог,Гид по SEO-продвижению для бизнеса в Алматы,/seo-prodvizhenie-v-almaty-polnyj-gid-dlya-biznesa,Гид по SEO-продвижению для бизнеса в Алматы,SEO-продвижение в Алматы: гид для бизнеса | Raskrutov,"Как выстроить SEO-продвижение сайта в Алматы: спрос, конкуренты, структура, локальная оптимизация, контент и измерение результата.",Статья,"index, follow","Article, BreadcrumbList",P3,Переработка контента и SEO,Старый URL с данными GSC; сохранить и проверить доступность,UPDATE,/blog,/; /blog; /seo-prodvizhenie-sajtov; /sozdanie-saitov
87,2,Блог,Гид по SEO-продвижению в Петропавловске,/seo-prodvizhenie-v-petropavlovske-polnyj-gid-dlya-biznesa,Гид по SEO-продвижению в Петропавловске,SEO-продвижение в Петропавловске: гид | Raskrutov,"Практический гид по локальному SEO в Петропавловске и СКО: семантика, структура, карты, контент и аналитика.",Статья,"index, follow","Article, BreadcrumbList",P3,Переработка контента и SEO,Старый URL с данными GSC; сохранить и проверить доступность,UPDATE,/blog,/; /blog; /seo-prodvizhenie-sajtov; /sozdanie-saitov
88,2,Блог,Мобильная версия сайта,/mobilnaya-versiya-sajta,Мобильная версия сайта: требования и влияние на конверсию,Мобильная версия сайта: что важно | Raskrutov,"Разбираем адаптивность, скорость, удобство форм и навигации, Core Web Vitals и влияние мобильной версии на заявки и SEO.",Статья,"index, follow","Article, BreadcrumbList",P3,Переработка контента и SEO,Старый URL с данными GSC; сохранить и проверить доступность,UPDATE,/blog,/; /blog; /seo-prodvizhenie-sajtov; /sozdanie-saitov
89,2,Блог,Зачем бизнесу контекстная реклама,/vazhnost-kontekstnoj-reklamy-dlya-biznesa,Зачем бизнесу контекстная реклама,Контекстная реклама для бизнеса: когда нужна | Raskrutov,"Объясняем, когда контекстная реклама эффективна, как связать её с посадочной страницей, аналитикой и оценкой качества заявок.",Статья,"index, follow","Article, BreadcrumbList",P3,Переработка контента и SEO,Старый URL с данными GSC; сохранить и проверить доступность,UPDATE,/blog,/; /blog; /seo-prodvizhenie-sajtov; /sozdanie-saitov
90,2,Блог,Как добиться результата от контекстной рекламы в Казахстане,/kontekstnaya-reklama-v-kazakhstane-kak-dobitsya-uspekha-,Как добиться результата от контекстной рекламы в Казахстане,Контекстная реклама в Казахстане: практический гид | Raskrutov,"Разбираем подготовку кампании, семантику, объявления, посадочные страницы, аналитику и оптимизацию контекстной рекламы в Казахстане.",Статья,"index, follow","Article, BreadcrumbList",P3,Переработка контента и SEO,Старый URL с данными GSC; сохранить и проверить доступность,UPDATE,/blog,/; /blog; /seo-prodvizhenie-sajtov; /sozdanie-saitov
91,2,Главная,Контакты Raskrutov,/kontakti,Контакты Raskrutov,Контакты веб-студии Raskrutov,"Телефон, мессенджеры и адрес Raskrutov. Обсудите создание сайта, продвижение, рекламу или CRM.",Контакты,"index, follow","ContactPage, LocalBusiness, BreadcrumbList",P1,Переработка контента и SEO,Старый URL с данными GSC; сохранить и проверить доступность,UPDATE,/,/
92,2,Главная,Политика конфиденциальности,/politika-konfidencialnosti,Политика конфиденциальности,Политика конфиденциальности | Raskrutov,Политика конфиденциальности для пользователей сайта Raskrutov.,Юридическая,"noindex, follow",WebPage,P1,Структура/SEO,Не опубликована,NEW,/,/
93,2,Главная,Согласие на обработку персональных данных,/soglasie-na-obrabotku-personalnyh-dannyh,Согласие на обработку персональных данных,Согласие на обработку персональных данных | Raskrutov,Согласие на обработку персональных данных для пользователей сайта Raskrutov.,Юридическая,"noindex, follow",WebPage,P1,Структура/SEO,Не опубликована,NEW,/,/
94,2,Главная,Публичная оферта,/publichnaya-oferta,Публичная оферта,Публичная оферта | Raskrutov,Публичная оферта для пользователей сайта Raskrutov.,Юридическая,"noindex, follow",WebPage,P1,Структура/SEO,Не опубликована,NEW,/,/
95,3,Вебстудия Raskrutov,Веб-студия в Алматы,/web-studiya/almaty,Веб-студия в Алматы,"Веб-студия в Алматы: сайты, SEO и реклама | Raskrutov","Веб-студия Raskrutov в Алматы: создаём сайты, продвигаем в поиске и AI-выдаче, настраиваем рекламу и лидогенерацию для бизнеса.",Региональный хаб,"index, follow после QA уникальности","CollectionPage, BreadcrumbList",P1,Региональные страницы — этап 1,Запланирована (региональное расширение),NEW,/web-studiya; /sozdanie-saitov-v-almaty; /web-studiya/dizayn/almaty; /seo-prodvizhenie-sajtov-v-almaty; /web-studiya/aeo-geo-prodvizhenie/almaty; /web-studiya/kontekstnaya-reklama/almaty; /web-studiya/lidogeneratsiya/almaty; /web-studiya/podderzhka-saytov/almaty; /web-studiya/digital-konsalting/almaty,/web-studiya; /sozdanie-saitov-v-almaty; /web-studiya/dizayn/almaty; /seo-prodvizhenie-sajtov-v-almaty; /web-studiya/aeo-geo-prodvizhenie/almaty; /web-studiya/kontekstnaya-reklama/almaty; /web-studiya/lidogeneratsiya/almaty; /web-studiya/podderzhka-saytov/almaty; /web-studiya/digital-konsalting/almaty
96,3,Услуги дизайнера,Услуги дизайнера в Алматы,/web-studiya/dizayn/almaty,Услуги дизайнера и веб-дизайн в Алматы,Услуги дизайнера в Алматы | Raskrutov,"Дизайн для бизнеса в Алматы: сайты, логотипы, фирменный стиль, брендбук и визуальные материалы с понятным процессом и результатом.",Гео-услуга,"index, follow после QA уникальности","Service (areaServed: Алматы), BreadcrumbList, FAQPage (если FAQ видим)",P2,Региональные страницы — этап 2,Запланирована (региональное расширение),NEW,/web-studiya; /web-studiya/dizayn; /web-studiya/almaty,/web-studiya/dizayn; /web-studiya/almaty; /keysy/sayty; /sozdanie-saitov-v-almaty; /seo-prodvizhenie-sajtov-v-almaty
97,3,AEO-продвижение,AEO/GEO-продвижение в Алматы,/web-studiya/aeo-geo-prodvizhenie/almaty,AEO и GEO-продвижение в AI-выдаче в Алматы,AEO/GEO-продвижение в Алматы | Raskrutov,"Продвигаем компании из Алматы в AI-ответах и нейропоиске: структура, сущности, экспертный контент, FAQ, Schema.org и AEO/GEO-оптимизация.",Гео-услуга,"index, follow после QA уникальности","Service (areaServed: Алматы), BreadcrumbList, FAQPage (если FAQ видим)",P2,Региональные страницы — этап 2,Запланирована (региональное расширение),NEW,/web-studiya; /web-studiya/aeo-geo-prodvizhenie; /web-studiya/almaty,/web-studiya/aeo-geo-prodvizhenie; /web-studiya/almaty; /keysy/prodvizhenie; /sozdanie-saitov-v-almaty; /seo-prodvizhenie-sajtov-v-almaty
98,3,Контекстная реклама,Контекстная реклама в Алматы,/web-studiya/kontekstnaya-reklama/almaty,Контекстная реклама в Алматы,Контекстная реклама в Алматы | Raskrutov,"Настраиваем контекстную рекламу для бизнеса в Алматы: Google Ads, Яндекс Директ, аналитика, оптимизация бюджета и заявок.",Гео-услуга,"index, follow после QA уникальности","Service (areaServed: Алматы), BreadcrumbList, FAQPage (если FAQ видим)",P2,Региональные страницы — этап 2,Запланирована (региональное расширение),NEW,/web-studiya; /web-studiya/kontekstnaya-reklama; /web-studiya/almaty,/web-studiya/kontekstnaya-reklama; /web-studiya/almaty; /keysy/prodvizhenie; /sozdanie-saitov-v-almaty; /seo-prodvizhenie-sajtov-v-almaty
99,3,Лидогенерация,Лидогенерация в Алматы,/web-studiya/lidogeneratsiya/almaty,Лидогенерация для бизнеса в Алматы,Лидогенерация в Алматы | Raskrutov,"Привлекаем целевые заявки для бизнеса в Алматы: сайт, реклама, квизы, аналитика, CRM и оптимизация воронки продаж.",Гео-услуга,"index, follow после QA уникальности","Service (areaServed: Алматы), BreadcrumbList, FAQPage (если FAQ видим)",P2,Региональные страницы — этап 2,Запланирована (региональное расширение),NEW,/web-studiya; /web-studiya/lidogeneratsiya; /web-studiya/almaty,/web-studiya/lidogeneratsiya; /web-studiya/almaty; /keysy; /sozdanie-saitov-v-almaty; /seo-prodvizhenie-sajtov-v-almaty
100,3,Поддержка сайтов,Поддержка сайтов в Алматы,/web-studiya/podderzhka-saytov/almaty,Техническая поддержка сайтов в Алматы,Поддержка сайтов в Алматы | Raskrutov,"Техническая поддержка сайтов компаний в Алматы: обновления, безопасность, резервные копии, исправления и развитие проекта.",Гео-услуга,"index, follow после QA уникальности","Service (areaServed: Алматы), BreadcrumbList, FAQPage (если FAQ видим)",P2,Региональные страницы — этап 2,Запланирована (региональное расширение),NEW,/web-studiya; /web-studiya/podderzhka-saytov; /web-studiya/almaty,/web-studiya/podderzhka-saytov; /web-studiya/almaty; /keysy/sayty; /sozdanie-saitov-v-almaty; /seo-prodvizhenie-sajtov-v-almaty
101,3,Digital-консалтинг,Digital-консалтинг в Алматы,/web-studiya/digital-konsalting/almaty,Digital-консалтинг для бизнеса в Алматы,Digital-консалтинг в Алматы | Raskrutov,"Digital-консалтинг для бизнеса в Алматы: аудит, стратегия, аналитика, приоритеты внедрения и план роста цифровых каналов.",Гео-услуга,"index, follow после QA уникальности","Service (areaServed: Алматы), BreadcrumbList, FAQPage (если FAQ видим)",P2,Региональные страницы — этап 2,Запланирована (региональное расширение),NEW,/web-studiya; /web-studiya/digital-konsalting; /web-studiya/almaty,/web-studiya/digital-konsalting; /web-studiya/almaty; /keysy; /sozdanie-saitov-v-almaty; /seo-prodvizhenie-sajtov-v-almaty
102,3,Вебстудия Raskrutov,Веб-студия в Астане,/web-studiya/astana,Веб-студия в Астане,"Веб-студия в Астане: сайты, SEO и реклама | Raskrutov","Веб-студия Raskrutov в Астане: создаём сайты, продвигаем в поиске и AI-выдаче, настраиваем рекламу и лидогенерацию для бизнеса.",Региональный хаб,"index, follow после QA уникальности","CollectionPage, BreadcrumbList",P1,Региональные страницы — этап 1,Запланирована (региональное расширение),NEW,/web-studiya; /sozdanie-saitov-v-astane; /web-studiya/dizayn/astana; /seo-prodvizhenie-sajtov-v-astane; /web-studiya/aeo-geo-prodvizhenie/astana; /web-studiya/kontekstnaya-reklama/astana; /web-studiya/lidogeneratsiya/astana; /web-studiya/podderzhka-saytov/astana; /web-studiya/digital-konsalting/astana,/web-studiya; /sozdanie-saitov-v-astane; /web-studiya/dizayn/astana; /seo-prodvizhenie-sajtov-v-astane; /web-studiya/aeo-geo-prodvizhenie/astana; /web-studiya/kontekstnaya-reklama/astana; /web-studiya/lidogeneratsiya/astana; /web-studiya/podderzhka-saytov/astana; /web-studiya/digital-konsalting/astana
103,3,Услуги дизайнера,Услуги дизайнера в Астане,/web-studiya/dizayn/astana,Услуги дизайнера и веб-дизайн в Астане,Услуги дизайнера в Астане | Raskrutov,"Дизайн для бизнеса в Астане: сайты, логотипы, фирменный стиль, брендбук и визуальные материалы с понятным процессом и результатом.",Гео-услуга,"index, follow после QA уникальности","Service (areaServed: Астана), BreadcrumbList, FAQPage (если FAQ видим)",P2,Региональные страницы — этап 2,Запланирована (региональное расширение),NEW,/web-studiya; /web-studiya/dizayn; /web-studiya/astana,/web-studiya/dizayn; /web-studiya/astana; /keysy/sayty; /sozdanie-saitov-v-astane; /seo-prodvizhenie-sajtov-v-astane
104,3,AEO-продвижение,AEO/GEO-продвижение в Астане,/web-studiya/aeo-geo-prodvizhenie/astana,AEO и GEO-продвижение в AI-выдаче в Астане,AEO/GEO-продвижение в Астане | Raskrutov,"Продвигаем компании из Астана в AI-ответах и нейропоиске: структура, сущности, экспертный контент, FAQ, Schema.org и AEO/GEO-оптимизация.",Гео-услуга,"index, follow после QA уникальности","Service (areaServed: Астана), BreadcrumbList, FAQPage (если FAQ видим)",P2,Региональные страницы — этап 2,Запланирована (региональное расширение),NEW,/web-studiya; /web-studiya/aeo-geo-prodvizhenie; /web-studiya/astana,/web-studiya/aeo-geo-prodvizhenie; /web-studiya/astana; /keysy/prodvizhenie; /sozdanie-saitov-v-astane; /seo-prodvizhenie-sajtov-v-astane
105,3,Контекстная реклама,Контекстная реклама в Астане,/web-studiya/kontekstnaya-reklama/astana,Контекстная реклама в Астане,Контекстная реклама в Астане | Raskrutov,"Настраиваем контекстную рекламу для бизнеса в Астане: Google Ads, Яндекс Директ, аналитика, оптимизация бюджета и заявок.",Гео-услуга,"index, follow после QA уникальности","Service (areaServed: Астана), BreadcrumbList, FAQPage (если FAQ видим)",P2,Региональные страницы — этап 2,Запланирована (региональное расширение),NEW,/web-studiya; /web-studiya/kontekstnaya-reklama; /web-studiya/astana,/web-studiya/kontekstnaya-reklama; /web-studiya/astana; /keysy/prodvizhenie; /sozdanie-saitov-v-astane; /seo-prodvizhenie-sajtov-v-astane
106,3,Лидогенерация,Лидогенерация в Астане,/web-studiya/lidogeneratsiya/astana,Лидогенерация для бизнеса в Астане,Лидогенерация в Астане | Raskrutov,"Привлекаем целевые заявки для бизнеса в Астане: сайт, реклама, квизы, аналитика, CRM и оптимизация воронки продаж.",Гео-услуга,"index, follow после QA уникальности","Service (areaServed: Астана), BreadcrumbList, FAQPage (если FAQ видим)",P2,Региональные страницы — этап 2,Запланирована (региональное расширение),NEW,/web-studiya; /web-studiya/lidogeneratsiya; /web-studiya/astana,/web-studiya/lidogeneratsiya; /web-studiya/astana; /keysy; /sozdanie-saitov-v-astane; /seo-prodvizhenie-sajtov-v-astane
107,3,Поддержка сайтов,Поддержка сайтов в Астане,/web-studiya/podderzhka-saytov/astana,Техническая поддержка сайтов в Астане,Поддержка сайтов в Астане | Raskrutov,"Техническая поддержка сайтов компаний в Астане: обновления, безопасность, резервные копии, исправления и развитие проекта.",Гео-услуга,"index, follow после QA уникальности","Service (areaServed: Астана), BreadcrumbList, FAQPage (если FAQ видим)",P2,Региональные страницы — этап 2,Запланирована (региональное расширение),NEW,/web-studiya; /web-studiya/podderzhka-saytov; /web-studiya/astana,/web-studiya/podderzhka-saytov; /web-studiya/astana; /keysy/sayty; /sozdanie-saitov-v-astane; /seo-prodvizhenie-sajtov-v-astane
108,3,Digital-консалтинг,Digital-консалтинг в Астане,/web-studiya/digital-konsalting/astana,Digital-консалтинг для бизнеса в Астане,Digital-консалтинг в Астане | Raskrutov,"Digital-консалтинг для бизнеса в Астане: аудит, стратегия, аналитика, приоритеты внедрения и план роста цифровых каналов.",Гео-услуга,"index, follow после QA уникальности","Service (areaServed: Астана), BreadcrumbList, FAQPage (если FAQ видим)",P2,Региональные страницы — этап 2,Запланирована (региональное расширение),NEW,/web-studiya; /web-studiya/digital-konsalting; /web-studiya/astana,/web-studiya/digital-konsalting; /web-studiya/astana; /keysy; /sozdanie-saitov-v-astane; /seo-prodvizhenie-sajtov-v-astane
109,3,Вебстудия Raskrutov,Веб-студия в Шымкенте,/web-studiya/shymkent,Веб-студия в Шымкенте,"Веб-студия в Шымкенте: сайты, SEO и реклама | Raskrutov","Веб-студия Raskrutov в Шымкенте: создаём сайты, продвигаем в поиске и AI-выдаче, настраиваем рекламу и лидогенерацию для бизнеса.",Региональный хаб,"index, follow после QA уникальности","CollectionPage, BreadcrumbList",P1,Региональные страницы — этап 1,Запланирована (региональное расширение),NEW,/web-studiya; /sozdanie-saitov-v-shimkente; /web-studiya/dizayn/shymkent; /seo-prodvizhenie-sajtov-v-shimkente; /web-studiya/aeo-geo-prodvizhenie/shymkent; /web-studiya/kontekstnaya-reklama/shymkent; /web-studiya/lidogeneratsiya/shymkent; /web-studiya/podderzhka-saytov/shymkent; /web-studiya/digital-konsalting/shymkent,/web-studiya; /sozdanie-saitov-v-shimkente; /web-studiya/dizayn/shymkent; /seo-prodvizhenie-sajtov-v-shimkente; /web-studiya/aeo-geo-prodvizhenie/shymkent; /web-studiya/kontekstnaya-reklama/shymkent; /web-studiya/lidogeneratsiya/shymkent; /web-studiya/podderzhka-saytov/shymkent; /web-studiya/digital-konsalting/shymkent
110,3,Услуги дизайнера,Услуги дизайнера в Шымкенте,/web-studiya/dizayn/shymkent,Услуги дизайнера и веб-дизайн в Шымкенте,Услуги дизайнера в Шымкенте | Raskrutov,"Дизайн для бизнеса в Шымкенте: сайты, логотипы, фирменный стиль, брендбук и визуальные материалы с понятным процессом и результатом.",Гео-услуга,"index, follow после QA уникальности","Service (areaServed: Шымкент), BreadcrumbList, FAQPage (если FAQ видим)",P2,Региональные страницы — этап 2,Запланирована (региональное расширение),NEW,/web-studiya; /web-studiya/dizayn; /web-studiya/shymkent,/web-studiya/dizayn; /web-studiya/shymkent; /keysy/sayty; /sozdanie-saitov-v-shimkente; /seo-prodvizhenie-sajtov-v-shimkente
111,3,AEO-продвижение,AEO/GEO-продвижение в Шымкенте,/web-studiya/aeo-geo-prodvizhenie/shymkent,AEO и GEO-продвижение в AI-выдаче в Шымкенте,AEO/GEO-продвижение в Шымкенте | Raskrutov,"Продвигаем компании из Шымкент в AI-ответах и нейропоиске: структура, сущности, экспертный контент, FAQ, Schema.org и AEO/GEO-оптимизация.",Гео-услуга,"index, follow после QA уникальности","Service (areaServed: Шымкент), BreadcrumbList, FAQPage (если FAQ видим)",P2,Региональные страницы — этап 2,Запланирована (региональное расширение),NEW,/web-studiya; /web-studiya/aeo-geo-prodvizhenie; /web-studiya/shymkent,/web-studiya/aeo-geo-prodvizhenie; /web-studiya/shymkent; /keysy/prodvizhenie; /sozdanie-saitov-v-shimkente; /seo-prodvizhenie-sajtov-v-shimkente
112,3,Контекстная реклама,Контекстная реклама в Шымкенте,/web-studiya/kontekstnaya-reklama/shymkent,Контекстная реклама в Шымкенте,Контекстная реклама в Шымкенте | Raskrutov,"Настраиваем контекстную рекламу для бизнеса в Шымкенте: Google Ads, Яндекс Директ, аналитика, оптимизация бюджета и заявок.",Гео-услуга,"index, follow после QA уникальности","Service (areaServed: Шымкент), BreadcrumbList, FAQPage (если FAQ видим)",P2,Региональные страницы — этап 2,Запланирована (региональное расширение),NEW,/web-studiya; /web-studiya/kontekstnaya-reklama; /web-studiya/shymkent,/web-studiya/kontekstnaya-reklama; /web-studiya/shymkent; /keysy/prodvizhenie; /sozdanie-saitov-v-shimkente; /seo-prodvizhenie-sajtov-v-shimkente
113,3,Лидогенерация,Лидогенерация в Шымкенте,/web-studiya/lidogeneratsiya/shymkent,Лидогенерация для бизнеса в Шымкенте,Лидогенерация в Шымкенте | Raskrutov,"Привлекаем целевые заявки для бизнеса в Шымкенте: сайт, реклама, квизы, аналитика, CRM и оптимизация воронки продаж.",Гео-услуга,"index, follow после QA уникальности","Service (areaServed: Шымкент), BreadcrumbList, FAQPage (если FAQ видим)",P2,Региональные страницы — этап 2,Запланирована (региональное расширение),NEW,/web-studiya; /web-studiya/lidogeneratsiya; /web-studiya/shymkent,/web-studiya/lidogeneratsiya; /web-studiya/shymkent; /keysy; /sozdanie-saitov-v-shimkente; /seo-prodvizhenie-sajtov-v-shimkente
114,3,Поддержка сайтов,Поддержка сайтов в Шымкенте,/web-studiya/podderzhka-saytov/shymkent,Техническая поддержка сайтов в Шымкенте,Поддержка сайтов в Шымкенте | Raskrutov,"Техническая поддержка сайтов компаний в Шымкенте: обновления, безопасность, резервные копии, исправления и развитие проекта.",Гео-услуга,"index, follow после QA уникальности","Service (areaServed: Шымкент), BreadcrumbList, FAQPage (если FAQ видим)",P2,Региональные страницы — этап 2,Запланирована (региональное расширение),NEW,/web-studiya; /web-studiya/podderzhka-saytov; /web-studiya/shymkent,/web-studiya/podderzhka-saytov; /web-studiya/shymkent; /keysy/sayty; /sozdanie-saitov-v-shimkente; /seo-prodvizhenie-sajtov-v-shimkente
115,3,Digital-консалтинг,Digital-консалтинг в Шымкенте,/web-studiya/digital-konsalting/shymkent,Digital-консалтинг для бизнеса в Шымкенте,Digital-консалтинг в Шымкенте | Raskrutov,"Digital-консалтинг для бизнеса в Шымкенте: аудит, стратегия, аналитика, приоритеты внедрения и план роста цифровых каналов.",Гео-услуга,"index, follow после QA уникальности","Service (areaServed: Шымкент), BreadcrumbList, FAQPage (если FAQ видим)",P2,Региональные страницы — этап 2,Запланирована (региональное расширение),NEW,/web-studiya; /web-studiya/digital-konsalting; /web-studiya/shymkent,/web-studiya/digital-konsalting; /web-studiya/shymkent; /keysy; /sozdanie-saitov-v-shimkente; /seo-prodvizhenie-sajtov-v-shimkente
116,3,Вебстудия Raskrutov,Веб-студия в Актау,/web-studiya/aktau,Веб-студия в Актау,"Веб-студия в Актау: сайты, SEO и реклама | Raskrutov","Веб-студия Raskrutov в Актау: создаём сайты, продвигаем в поиске и AI-выдаче, настраиваем рекламу и лидогенерацию для бизнеса.",Региональный хаб,"index, follow после QA уникальности","CollectionPage, BreadcrumbList",P2,Региональные страницы — этап 2,Запланирована (региональное расширение),NEW,/web-studiya; /sozdanie-saitov-v-aktau; /web-studiya/dizayn/aktau; /seo-prodvizhenie-sajtov-v-aktau; /web-studiya/aeo-geo-prodvizhenie/aktau; /web-studiya/kontekstnaya-reklama/aktau; /web-studiya/lidogeneratsiya/aktau; /web-studiya/podderzhka-saytov/aktau; /web-studiya/digital-konsalting/aktau,/web-studiya; /sozdanie-saitov-v-aktau; /web-studiya/dizayn/aktau; /seo-prodvizhenie-sajtov-v-aktau; /web-studiya/aeo-geo-prodvizhenie/aktau; /web-studiya/kontekstnaya-reklama/aktau; /web-studiya/lidogeneratsiya/aktau; /web-studiya/podderzhka-saytov/aktau; /web-studiya/digital-konsalting/aktau
117,3,Создание сайтов,Создание сайтов в Актау,/sozdanie-saitov-v-aktau,Создание сайтов в Актау,Создание сайтов в Актау под ключ | Raskrutov,"Создаём сайты для бизнеса в Актау: лендинги, корпоративные сайты и интернет-магазины с подготовкой к SEO, рекламе и продажам.",Гео-услуга,"index, follow после QA уникальности","Service (areaServed: Актау), BreadcrumbList, FAQPage (если FAQ видим)",P2,Региональные страницы — этап 2,Запланирована (региональное расширение),NEW,/web-studiya; /sozdanie-saitov; /web-studiya/aktau,/sozdanie-saitov; /web-studiya/aktau; /keysy/sayty; /sozdanie-saitov-v-aktau; /seo-prodvizhenie-sajtov-v-aktau
118,3,Услуги дизайнера,Услуги дизайнера в Актау,/web-studiya/dizayn/aktau,Услуги дизайнера и веб-дизайн в Актау,Услуги дизайнера в Актау | Raskrutov,"Дизайн для бизнеса в Актау: сайты, логотипы, фирменный стиль, брендбук и визуальные материалы с понятным процессом и результатом.",Гео-услуга,"index, follow после QA уникальности","Service (areaServed: Актау), BreadcrumbList, FAQPage (если FAQ видим)",P3,Региональные страницы — этап 3,Запланирована (региональное расширение),NEW,/web-studiya; /web-studiya/dizayn; /web-studiya/aktau,/web-studiya/dizayn; /web-studiya/aktau; /keysy/sayty; /sozdanie-saitov-v-aktau; /seo-prodvizhenie-sajtov-v-aktau
119,3,SEO-продвижение,SEO-продвижение сайтов в Актау,/seo-prodvizhenie-sajtov-v-aktau,SEO-продвижение сайтов в Актау,SEO-продвижение сайтов в Актау | Raskrutov,"SEO-продвижение сайтов компаний в Актау: семантика, структура, техническая оптимизация, контент, аналитика и рост видимости в поиске.",Гео-услуга,"index, follow после QA уникальности","Service (areaServed: Актау), BreadcrumbList, FAQPage (если FAQ видим)",P2,Региональные страницы — этап 2,Запланирована (региональное расширение),NEW,/web-studiya; /seo-prodvizhenie-sajtov; /web-studiya/aktau,/seo-prodvizhenie-sajtov; /web-studiya/aktau; /keysy/prodvizhenie; /sozdanie-saitov-v-aktau; /seo-prodvizhenie-sajtov-v-aktau
120,3,AEO-продвижение,AEO/GEO-продвижение в Актау,/web-studiya/aeo-geo-prodvizhenie/aktau,AEO и GEO-продвижение в AI-выдаче в Актау,AEO/GEO-продвижение в Актау | Raskrutov,"Продвигаем компании из Актау в AI-ответах и нейропоиске: структура, сущности, экспертный контент, FAQ, Schema.org и AEO/GEO-оптимизация.",Гео-услуга,"index, follow после QA уникальности","Service (areaServed: Актау), BreadcrumbList, FAQPage (если FAQ видим)",P3,Региональные страницы — этап 3,Запланирована (региональное расширение),NEW,/web-studiya; /web-studiya/aeo-geo-prodvizhenie; /web-studiya/aktau,/web-studiya/aeo-geo-prodvizhenie; /web-studiya/aktau; /keysy/prodvizhenie; /sozdanie-saitov-v-aktau; /seo-prodvizhenie-sajtov-v-aktau
121,3,Контекстная реклама,Контекстная реклама в Актау,/web-studiya/kontekstnaya-reklama/aktau,Контекстная реклама в Актау,Контекстная реклама в Актау | Raskrutov,"Настраиваем контекстную рекламу для бизнеса в Актау: Google Ads, Яндекс Директ, аналитика, оптимизация бюджета и заявок.",Гео-услуга,"index, follow после QA уникальности","Service (areaServed: Актау), BreadcrumbList, FAQPage (если FAQ видим)",P3,Региональные страницы — этап 3,Запланирована (региональное расширение),NEW,/web-studiya; /web-studiya/kontekstnaya-reklama; /web-studiya/aktau,/web-studiya/kontekstnaya-reklama; /web-studiya/aktau; /keysy/prodvizhenie; /sozdanie-saitov-v-aktau; /seo-prodvizhenie-sajtov-v-aktau
122,3,Лидогенерация,Лидогенерация в Актау,/web-studiya/lidogeneratsiya/aktau,Лидогенерация для бизнеса в Актау,Лидогенерация в Актау | Raskrutov,"Привлекаем целевые заявки для бизнеса в Актау: сайт, реклама, квизы, аналитика, CRM и оптимизация воронки продаж.",Гео-услуга,"index, follow после QA уникальности","Service (areaServed: Актау), BreadcrumbList, FAQPage (если FAQ видим)",P3,Региональные страницы — этап 3,Запланирована (региональное расширение),NEW,/web-studiya; /web-studiya/lidogeneratsiya; /web-studiya/aktau,/web-studiya/lidogeneratsiya; /web-studiya/aktau; /keysy; /sozdanie-saitov-v-aktau; /seo-prodvizhenie-sajtov-v-aktau
123,3,Поддержка сайтов,Поддержка сайтов в Актау,/web-studiya/podderzhka-saytov/aktau,Техническая поддержка сайтов в Актау,Поддержка сайтов в Актау | Raskrutov,"Техническая поддержка сайтов компаний в Актау: обновления, безопасность, резервные копии, исправления и развитие проекта.",Гео-услуга,"index, follow после QA уникальности","Service (areaServed: Актау), BreadcrumbList, FAQPage (если FAQ видим)",P3,Региональные страницы — этап 3,Запланирована (региональное расширение),NEW,/web-studiya; /web-studiya/podderzhka-saytov; /web-studiya/aktau,/web-studiya/podderzhka-saytov; /web-studiya/aktau; /keysy/sayty; /sozdanie-saitov-v-aktau; /seo-prodvizhenie-sajtov-v-aktau
124,3,Digital-консалтинг,Digital-консалтинг в Актау,/web-studiya/digital-konsalting/aktau,Digital-консалтинг для бизнеса в Актау,Digital-консалтинг в Актау | Raskrutov,"Digital-консалтинг для бизнеса в Актау: аудит, стратегия, аналитика, приоритеты внедрения и план роста цифровых каналов.",Гео-услуга,"index, follow после QA уникальности","Service (areaServed: Актау), BreadcrumbList, FAQPage (если FAQ видим)",P3,Региональные страницы — этап 3,Запланирована (региональное расширение),NEW,/web-studiya; /web-studiya/digital-konsalting; /web-studiya/aktau,/web-studiya/digital-konsalting; /web-studiya/aktau; /keysy; /sozdanie-saitov-v-aktau; /seo-prodvizhenie-sajtov-v-aktau
125,3,Вебстудия Raskrutov,Веб-студия в Актобе,/web-studiya/aktobe,Веб-студия в Актобе,"Веб-студия в Актобе: сайты, SEO и реклама | Raskrutov","Веб-студия Raskrutov в Актобе: создаём сайты, продвигаем в поиске и AI-выдаче, настраиваем рекламу и лидогенерацию для бизнеса.",Региональный хаб,"index, follow после QA уникальности","CollectionPage, BreadcrumbList",P2,Региональные страницы — этап 2,Запланирована (региональное расширение),NEW,/web-studiya; /sozdanie-saitov-v-aktobe; /web-studiya/dizayn/aktobe; /seo-prodvizhenie-sajtov-v-aktobe; /web-studiya/aeo-geo-prodvizhenie/aktobe; /web-studiya/kontekstnaya-reklama/aktobe; /web-studiya/lidogeneratsiya/aktobe; /web-studiya/podderzhka-saytov/aktobe; /web-studiya/digital-konsalting/aktobe,/web-studiya; /sozdanie-saitov-v-aktobe; /web-studiya/dizayn/aktobe; /seo-prodvizhenie-sajtov-v-aktobe; /web-studiya/aeo-geo-prodvizhenie/aktobe; /web-studiya/kontekstnaya-reklama/aktobe; /web-studiya/lidogeneratsiya/aktobe; /web-studiya/podderzhka-saytov/aktobe; /web-studiya/digital-konsalting/aktobe
126,3,Создание сайтов,Создание сайтов в Актобе,/sozdanie-saitov-v-aktobe,Создание сайтов в Актобе,Создание сайтов в Актобе под ключ | Raskrutov,"Создаём сайты для бизнеса в Актобе: лендинги, корпоративные сайты и интернет-магазины с подготовкой к SEO, рекламе и продажам.",Гео-услуга,"index, follow после QA уникальности","Service (areaServed: Актобе), BreadcrumbList, FAQPage (если FAQ видим)",P2,Региональные страницы — этап 2,Запланирована (региональное расширение),NEW,/web-studiya; /sozdanie-saitov; /web-studiya/aktobe,/sozdanie-saitov; /web-studiya/aktobe; /keysy/sayty; /sozdanie-saitov-v-aktobe; /seo-prodvizhenie-sajtov-v-aktobe
127,3,Услуги дизайнера,Услуги дизайнера в Актобе,/web-studiya/dizayn/aktobe,Услуги дизайнера и веб-дизайн в Актобе,Услуги дизайнера в Актобе | Raskrutov,"Дизайн для бизнеса в Актобе: сайты, логотипы, фирменный стиль, брендбук и визуальные материалы с понятным процессом и результатом.",Гео-услуга,"index, follow после QA уникальности","Service (areaServed: Актобе), BreadcrumbList, FAQPage (если FAQ видим)",P3,Региональные страницы — этап 3,Запланирована (региональное расширение),NEW,/web-studiya; /web-studiya/dizayn; /web-studiya/aktobe,/web-studiya/dizayn; /web-studiya/aktobe; /keysy/sayty; /sozdanie-saitov-v-aktobe; /seo-prodvizhenie-sajtov-v-aktobe
128,3,SEO-продвижение,SEO-продвижение сайтов в Актобе,/seo-prodvizhenie-sajtov-v-aktobe,SEO-продвижение сайтов в Актобе,SEO-продвижение сайтов в Актобе | Raskrutov,"SEO-продвижение сайтов компаний в Актобе: семантика, структура, техническая оптимизация, контент, аналитика и рост видимости в поиске.",Гео-услуга,"index, follow после QA уникальности","Service (areaServed: Актобе), BreadcrumbList, FAQPage (если FAQ видим)",P2,Региональные страницы — этап 2,Запланирована (региональное расширение),NEW,/web-studiya; /seo-prodvizhenie-sajtov; /web-studiya/aktobe,/seo-prodvizhenie-sajtov; /web-studiya/aktobe; /keysy/prodvizhenie; /sozdanie-saitov-v-aktobe; /seo-prodvizhenie-sajtov-v-aktobe
129,3,AEO-продвижение,AEO/GEO-продвижение в Актобе,/web-studiya/aeo-geo-prodvizhenie/aktobe,AEO и GEO-продвижение в AI-выдаче в Актобе,AEO/GEO-продвижение в Актобе | Raskrutov,"Продвигаем компании из Актобе в AI-ответах и нейропоиске: структура, сущности, экспертный контент, FAQ, Schema.org и AEO/GEO-оптимизация.",Гео-услуга,"index, follow после QA уникальности","Service (areaServed: Актобе), BreadcrumbList, FAQPage (если FAQ видим)",P3,Региональные страницы — этап 3,Запланирована (региональное расширение),NEW,/web-studiya; /web-studiya/aeo-geo-prodvizhenie; /web-studiya/aktobe,/web-studiya/aeo-geo-prodvizhenie; /web-studiya/aktobe; /keysy/prodvizhenie; /sozdanie-saitov-v-aktobe; /seo-prodvizhenie-sajtov-v-aktobe
130,3,Контекстная реклама,Контекстная реклама в Актобе,/web-studiya/kontekstnaya-reklama/aktobe,Контекстная реклама в Актобе,Контекстная реклама в Актобе | Raskrutov,"Настраиваем контекстную рекламу для бизнеса в Актобе: Google Ads, Яндекс Директ, аналитика, оптимизация бюджета и заявок.",Гео-услуга,"index, follow после QA уникальности","Service (areaServed: Актобе), BreadcrumbList, FAQPage (если FAQ видим)",P3,Региональные страницы — этап 3,Запланирована (региональное расширение),NEW,/web-studiya; /web-studiya/kontekstnaya-reklama; /web-studiya/aktobe,/web-studiya/kontekstnaya-reklama; /web-studiya/aktobe; /keysy/prodvizhenie; /sozdanie-saitov-v-aktobe; /seo-prodvizhenie-sajtov-v-aktobe
131,3,Лидогенерация,Лидогенерация в Актобе,/web-studiya/lidogeneratsiya/aktobe,Лидогенерация для бизнеса в Актобе,Лидогенерация в Актобе | Raskrutov,"Привлекаем целевые заявки для бизнеса в Актобе: сайт, реклама, квизы, аналитика, CRM и оптимизация воронки продаж.",Гео-услуга,"index, follow после QA уникальности","Service (areaServed: Актобе), BreadcrumbList, FAQPage (если FAQ видим)",P3,Региональные страницы — этап 3,Запланирована (региональное расширение),NEW,/web-studiya; /web-studiya/lidogeneratsiya; /web-studiya/aktobe,/web-studiya/lidogeneratsiya; /web-studiya/aktobe; /keysy; /sozdanie-saitov-v-aktobe; /seo-prodvizhenie-sajtov-v-aktobe
132,3,Поддержка сайтов,Поддержка сайтов в Актобе,/web-studiya/podderzhka-saytov/aktobe,Техническая поддержка сайтов в Актобе,Поддержка сайтов в Актобе | Raskrutov,"Техническая поддержка сайтов компаний в Актобе: обновления, безопасность, резервные копии, исправления и развитие проекта.",Гео-услуга,"index, follow после QA уникальности","Service (areaServed: Актобе), BreadcrumbList, FAQPage (если FAQ видим)",P3,Региональные страницы — этап 3,Запланирована (региональное расширение),NEW,/web-studiya; /web-studiya/podderzhka-saytov; /web-studiya/aktobe,/web-studiya/podderzhka-saytov; /web-studiya/aktobe; /keysy/sayty; /sozdanie-saitov-v-aktobe; /seo-prodvizhenie-sajtov-v-aktobe
133,3,Digital-консалтинг,Digital-консалтинг в Актобе,/web-studiya/digital-konsalting/aktobe,Digital-консалтинг для бизнеса в Актобе,Digital-консалтинг в Актобе | Raskrutov,"Digital-консалтинг для бизнеса в Актобе: аудит, стратегия, аналитика, приоритеты внедрения и план роста цифровых каналов.",Гео-услуга,"index, follow после QA уникальности","Service (areaServed: Актобе), BreadcrumbList, FAQPage (если FAQ видим)",P3,Региональные страницы — этап 3,Запланирована (региональное расширение),NEW,/web-studiya; /web-studiya/digital-konsalting; /web-studiya/aktobe,/web-studiya/digital-konsalting; /web-studiya/aktobe; /keysy; /sozdanie-saitov-v-aktobe; /seo-prodvizhenie-sajtov-v-aktobe
134,3,Вебстудия Raskrutov,Веб-студия в Атырау,/web-studiya/atyrau,Веб-студия в Атырау,"Веб-студия в Атырау: сайты, SEO и реклама | Raskrutov","Веб-студия Raskrutov в Атырау: создаём сайты, продвигаем в поиске и AI-выдаче, настраиваем рекламу и лидогенерацию для бизнеса.",Региональный хаб,"index, follow после QA уникальности","CollectionPage, BreadcrumbList",P2,Региональные страницы — этап 2,Запланирована (региональное расширение),NEW,/web-studiya; /sozdanie-saitov-v-atyrau; /web-studiya/dizayn/atyrau; /seo-prodvizhenie-sajtov-v-atyrau; /web-studiya/aeo-geo-prodvizhenie/atyrau; /web-studiya/kontekstnaya-reklama/atyrau; /web-studiya/lidogeneratsiya/atyrau; /web-studiya/podderzhka-saytov/atyrau; /web-studiya/digital-konsalting/atyrau,/web-studiya; /sozdanie-saitov-v-atyrau; /web-studiya/dizayn/atyrau; /seo-prodvizhenie-sajtov-v-atyrau; /web-studiya/aeo-geo-prodvizhenie/atyrau; /web-studiya/kontekstnaya-reklama/atyrau; /web-studiya/lidogeneratsiya/atyrau; /web-studiya/podderzhka-saytov/atyrau; /web-studiya/digital-konsalting/atyrau
135,3,Создание сайтов,Создание сайтов в Атырау,/sozdanie-saitov-v-atyrau,Создание сайтов в Атырау,Создание сайтов в Атырау под ключ | Raskrutov,"Создаём сайты для бизнеса в Атырау: лендинги, корпоративные сайты и интернет-магазины с подготовкой к SEO, рекламе и продажам.",Гео-услуга,"index, follow после QA уникальности","Service (areaServed: Атырау), BreadcrumbList, FAQPage (если FAQ видим)",P2,Региональные страницы — этап 2,Запланирована (региональное расширение),NEW,/web-studiya; /sozdanie-saitov; /web-studiya/atyrau,/sozdanie-saitov; /web-studiya/atyrau; /keysy/sayty; /sozdanie-saitov-v-atyrau; /seo-prodvizhenie-sajtov-v-atyrau
136,3,Услуги дизайнера,Услуги дизайнера в Атырау,/web-studiya/dizayn/atyrau,Услуги дизайнера и веб-дизайн в Атырау,Услуги дизайнера в Атырау | Raskrutov,"Дизайн для бизнеса в Атырау: сайты, логотипы, фирменный стиль, брендбук и визуальные материалы с понятным процессом и результатом.",Гео-услуга,"index, follow после QA уникальности","Service (areaServed: Атырау), BreadcrumbList, FAQPage (если FAQ видим)",P3,Региональные страницы — этап 3,Запланирована (региональное расширение),NEW,/web-studiya; /web-studiya/dizayn; /web-studiya/atyrau,/web-studiya/dizayn; /web-studiya/atyrau; /keysy/sayty; /sozdanie-saitov-v-atyrau; /seo-prodvizhenie-sajtov-v-atyrau
137,3,SEO-продвижение,SEO-продвижение сайтов в Атырау,/seo-prodvizhenie-sajtov-v-atyrau,SEO-продвижение сайтов в Атырау,SEO-продвижение сайтов в Атырау | Raskrutov,"SEO-продвижение сайтов компаний в Атырау: семантика, структура, техническая оптимизация, контент, аналитика и рост видимости в поиске.",Гео-услуга,"index, follow после QA уникальности","Service (areaServed: Атырау), BreadcrumbList, FAQPage (если FAQ видим)",P2,Региональные страницы — этап 2,Запланирована (региональное расширение),NEW,/web-studiya; /seo-prodvizhenie-sajtov; /web-studiya/atyrau,/seo-prodvizhenie-sajtov; /web-studiya/atyrau; /keysy/prodvizhenie; /sozdanie-saitov-v-atyrau; /seo-prodvizhenie-sajtov-v-atyrau
138,3,AEO-продвижение,AEO/GEO-продвижение в Атырау,/web-studiya/aeo-geo-prodvizhenie/atyrau,AEO и GEO-продвижение в AI-выдаче в Атырау,AEO/GEO-продвижение в Атырау | Raskrutov,"Продвигаем компании из Атырау в AI-ответах и нейропоиске: структура, сущности, экспертный контент, FAQ, Schema.org и AEO/GEO-оптимизация.",Гео-услуга,"index, follow после QA уникальности","Service (areaServed: Атырау), BreadcrumbList, FAQPage (если FAQ видим)",P3,Региональные страницы — этап 3,Запланирована (региональное расширение),NEW,/web-studiya; /web-studiya/aeo-geo-prodvizhenie; /web-studiya/atyrau,/web-studiya/aeo-geo-prodvizhenie; /web-studiya/atyrau; /keysy/prodvizhenie; /sozdanie-saitov-v-atyrau; /seo-prodvizhenie-sajtov-v-atyrau
139,3,Контекстная реклама,Контекстная реклама в Атырау,/web-studiya/kontekstnaya-reklama/atyrau,Контекстная реклама в Атырау,Контекстная реклама в Атырау | Raskrutov,"Настраиваем контекстную рекламу для бизнеса в Атырау: Google Ads, Яндекс Директ, аналитика, оптимизация бюджета и заявок.",Гео-услуга,"index, follow после QA уникальности","Service (areaServed: Атырау), BreadcrumbList, FAQPage (если FAQ видим)",P3,Региональные страницы — этап 3,Запланирована (региональное расширение),NEW,/web-studiya; /web-studiya/kontekstnaya-reklama; /web-studiya/atyrau,/web-studiya/kontekstnaya-reklama; /web-studiya/atyrau; /keysy/prodvizhenie; /sozdanie-saitov-v-atyrau; /seo-prodvizhenie-sajtov-v-atyrau
140,3,Лидогенерация,Лидогенерация в Атырау,/web-studiya/lidogeneratsiya/atyrau,Лидогенерация для бизнеса в Атырау,Лидогенерация в Атырау | Raskrutov,"Привлекаем целевые заявки для бизнеса в Атырау: сайт, реклама, квизы, аналитика, CRM и оптимизация воронки продаж.",Гео-услуга,"index, follow после QA уникальности","Service (areaServed: Атырау), BreadcrumbList, FAQPage (если FAQ видим)",P3,Региональные страницы — этап 3,Запланирована (региональное расширение),NEW,/web-studiya; /web-studiya/lidogeneratsiya; /web-studiya/atyrau,/web-studiya/lidogeneratsiya; /web-studiya/atyrau; /keysy; /sozdanie-saitov-v-atyrau; /seo-prodvizhenie-sajtov-v-atyrau
141,3,Поддержка сайтов,Поддержка сайтов в Атырау,/web-studiya/podderzhka-saytov/atyrau,Техническая поддержка сайтов в Атырау,Поддержка сайтов в Атырау | Raskrutov,"Техническая поддержка сайтов компаний в Атырау: обновления, безопасность, резервные копии, исправления и развитие проекта.",Гео-услуга,"index, follow после QA уникальности","Service (areaServed: Атырау), BreadcrumbList, FAQPage (если FAQ видим)",P3,Региональные страницы — этап 3,Запланирована (региональное расширение),NEW,/web-studiya; /web-studiya/podderzhka-saytov; /web-studiya/atyrau,/web-studiya/podderzhka-saytov; /web-studiya/atyrau; /keysy/sayty; /sozdanie-saitov-v-atyrau; /seo-prodvizhenie-sajtov-v-atyrau
142,3,Digital-консалтинг,Digital-консалтинг в Атырау,/web-studiya/digital-konsalting/atyrau,Digital-консалтинг для бизнеса в Атырау,Digital-консалтинг в Атырау | Raskrutov,"Digital-консалтинг для бизнеса в Атырау: аудит, стратегия, аналитика, приоритеты внедрения и план роста цифровых каналов.",Гео-услуга,"index, follow после QA уникальности","Service (areaServed: Атырау), BreadcrumbList, FAQPage (если FAQ видим)",P3,Региональные страницы — этап 3,Запланирована (региональное расширение),NEW,/web-studiya; /web-studiya/digital-konsalting; /web-studiya/atyrau,/web-studiya/digital-konsalting; /web-studiya/atyrau; /keysy; /sozdanie-saitov-v-atyrau; /seo-prodvizhenie-sajtov-v-atyrau
143,3,Вебстудия Raskrutov,Веб-студия в Караганде,/web-studiya/karaganda,Веб-студия в Караганде,"Веб-студия в Караганде: сайты, SEO и реклама | Raskrutov","Веб-студия Raskrutov в Караганде: создаём сайты, продвигаем в поиске и AI-выдаче, настраиваем рекламу и лидогенерацию для бизнеса.",Региональный хаб,"index, follow после QA уникальности","CollectionPage, BreadcrumbList",P1,Региональные страницы — этап 1,Запланирована (региональное расширение),NEW,/web-studiya; /sozdanie-saitov-v-karagande; /web-studiya/dizayn/karaganda; /seo-prodvizhenie-sajtov-v-karagande; /web-studiya/aeo-geo-prodvizhenie/karaganda; /web-studiya/kontekstnaya-reklama/karaganda; /web-studiya/lidogeneratsiya/karaganda; /web-studiya/podderzhka-saytov/karaganda; /web-studiya/digital-konsalting/karaganda,/web-studiya; /sozdanie-saitov-v-karagande; /web-studiya/dizayn/karaganda; /seo-prodvizhenie-sajtov-v-karagande; /web-studiya/aeo-geo-prodvizhenie/karaganda; /web-studiya/kontekstnaya-reklama/karaganda; /web-studiya/lidogeneratsiya/karaganda; /web-studiya/podderzhka-saytov/karaganda; /web-studiya/digital-konsalting/karaganda
144,3,Услуги дизайнера,Услуги дизайнера в Караганде,/web-studiya/dizayn/karaganda,Услуги дизайнера и веб-дизайн в Караганде,Услуги дизайнера в Караганде | Raskrutov,"Дизайн для бизнеса в Караганде: сайты, логотипы, фирменный стиль, брендбук и визуальные материалы с понятным процессом и результатом.",Гео-услуга,"index, follow после QA уникальности","Service (areaServed: Караганда), BreadcrumbList, FAQPage (если FAQ видим)",P2,Региональные страницы — этап 2,Запланирована (региональное расширение),NEW,/web-studiya; /web-studiya/dizayn; /web-studiya/karaganda,/web-studiya/dizayn; /web-studiya/karaganda; /keysy/sayty; /sozdanie-saitov-v-karagande; /seo-prodvizhenie-sajtov-v-karagande
145,3,AEO-продвижение,AEO/GEO-продвижение в Караганде,/web-studiya/aeo-geo-prodvizhenie/karaganda,AEO и GEO-продвижение в AI-выдаче в Караганде,AEO/GEO-продвижение в Караганде | Raskrutov,"Продвигаем компании из Караганда в AI-ответах и нейропоиске: структура, сущности, экспертный контент, FAQ, Schema.org и AEO/GEO-оптимизация.",Гео-услуга,"index, follow после QA уникальности","Service (areaServed: Караганда), BreadcrumbList, FAQPage (если FAQ видим)",P2,Региональные страницы — этап 2,Запланирована (региональное расширение),NEW,/web-studiya; /web-studiya/aeo-geo-prodvizhenie; /web-studiya/karaganda,/web-studiya/aeo-geo-prodvizhenie; /web-studiya/karaganda; /keysy/prodvizhenie; /sozdanie-saitov-v-karagande; /seo-prodvizhenie-sajtov-v-karagande
146,3,Контекстная реклама,Контекстная реклама в Караганде,/web-studiya/kontekstnaya-reklama/karaganda,Контекстная реклама в Караганде,Контекстная реклама в Караганде | Raskrutov,"Настраиваем контекстную рекламу для бизнеса в Караганде: Google Ads, Яндекс Директ, аналитика, оптимизация бюджета и заявок.",Гео-услуга,"index, follow после QA уникальности","Service (areaServed: Караганда), BreadcrumbList, FAQPage (если FAQ видим)",P2,Региональные страницы — этап 2,Запланирована (региональное расширение),NEW,/web-studiya; /web-studiya/kontekstnaya-reklama; /web-studiya/karaganda,/web-studiya/kontekstnaya-reklama; /web-studiya/karaganda; /keysy/prodvizhenie; /sozdanie-saitov-v-karagande; /seo-prodvizhenie-sajtov-v-karagande
147,3,Лидогенерация,Лидогенерация в Караганде,/web-studiya/lidogeneratsiya/karaganda,Лидогенерация для бизнеса в Караганде,Лидогенерация в Караганде | Raskrutov,"Привлекаем целевые заявки для бизнеса в Караганде: сайт, реклама, квизы, аналитика, CRM и оптимизация воронки продаж.",Гео-услуга,"index, follow после QA уникальности","Service (areaServed: Караганда), BreadcrumbList, FAQPage (если FAQ видим)",P2,Региональные страницы — этап 2,Запланирована (региональное расширение),NEW,/web-studiya; /web-studiya/lidogeneratsiya; /web-studiya/karaganda,/web-studiya/lidogeneratsiya; /web-studiya/karaganda; /keysy; /sozdanie-saitov-v-karagande; /seo-prodvizhenie-sajtov-v-karagande
148,3,Поддержка сайтов,Поддержка сайтов в Караганде,/web-studiya/podderzhka-saytov/karaganda,Техническая поддержка сайтов в Караганде,Поддержка сайтов в Караганде | Raskrutov,"Техническая поддержка сайтов компаний в Караганде: обновления, безопасность, резервные копии, исправления и развитие проекта.",Гео-услуга,"index, follow после QA уникальности","Service (areaServed: Караганда), BreadcrumbList, FAQPage (если FAQ видим)",P2,Региональные страницы — этап 2,Запланирована (региональное расширение),NEW,/web-studiya; /web-studiya/podderzhka-saytov; /web-studiya/karaganda,/web-studiya/podderzhka-saytov; /web-studiya/karaganda; /keysy/sayty; /sozdanie-saitov-v-karagande; /seo-prodvizhenie-sajtov-v-karagande
149,3,Digital-консалтинг,Digital-консалтинг в Караганде,/web-studiya/digital-konsalting/karaganda,Digital-консалтинг для бизнеса в Караганде,Digital-консалтинг в Караганде | Raskrutov,"Digital-консалтинг для бизнеса в Караганде: аудит, стратегия, аналитика, приоритеты внедрения и план роста цифровых каналов.",Гео-услуга,"index, follow после QA уникальности","Service (areaServed: Караганда), BreadcrumbList, FAQPage (если FAQ видим)",P2,Региональные страницы — этап 2,Запланирована (региональное расширение),NEW,/web-studiya; /web-studiya/digital-konsalting; /web-studiya/karaganda,/web-studiya/digital-konsalting; /web-studiya/karaganda; /keysy; /sozdanie-saitov-v-karagande; /seo-prodvizhenie-sajtov-v-karagande
150,3,Вебстудия Raskrutov,Веб-студия в Кокшетау,/web-studiya/kokshetau,Веб-студия в Кокшетау,"Веб-студия в Кокшетау: сайты, SEO и реклама | Raskrutov","Веб-студия Raskrutov в Кокшетау: создаём сайты, продвигаем в поиске и AI-выдаче, настраиваем рекламу и лидогенерацию для бизнеса.",Региональный хаб,"index, follow после QA уникальности","CollectionPage, BreadcrumbList",P2,Региональные страницы — этап 2,Запланирована (региональное расширение),NEW,/web-studiya; /sozdanie-saitov-v-kokshetau; /web-studiya/dizayn/kokshetau; /seo-prodvizhenie-sajtov-v-kokshetau; /web-studiya/aeo-geo-prodvizhenie/kokshetau; /web-studiya/kontekstnaya-reklama/kokshetau; /web-studiya/lidogeneratsiya/kokshetau; /web-studiya/podderzhka-saytov/kokshetau; /web-studiya/digital-konsalting/kokshetau,/web-studiya; /sozdanie-saitov-v-kokshetau; /web-studiya/dizayn/kokshetau; /seo-prodvizhenie-sajtov-v-kokshetau; /web-studiya/aeo-geo-prodvizhenie/kokshetau; /web-studiya/kontekstnaya-reklama/kokshetau; /web-studiya/lidogeneratsiya/kokshetau; /web-studiya/podderzhka-saytov/kokshetau; /web-studiya/digital-konsalting/kokshetau
151,3,Создание сайтов,Создание сайтов в Кокшетау,/sozdanie-saitov-v-kokshetau,Создание сайтов в Кокшетау,Создание сайтов в Кокшетау под ключ | Raskrutov,"Создаём сайты для бизнеса в Кокшетау: лендинги, корпоративные сайты и интернет-магазины с подготовкой к SEO, рекламе и продажам.",Гео-услуга,"index, follow после QA уникальности","Service (areaServed: Кокшетау), BreadcrumbList, FAQPage (если FAQ видим)",P2,Региональные страницы — этап 2,Запланирована (региональное расширение),NEW,/web-studiya; /sozdanie-saitov; /web-studiya/kokshetau,/sozdanie-saitov; /web-studiya/kokshetau; /keysy/sayty; /sozdanie-saitov-v-kokshetau; /seo-prodvizhenie-sajtov-v-kokshetau
152,3,Услуги дизайнера,Услуги дизайнера в Кокшетау,/web-studiya/dizayn/kokshetau,Услуги дизайнера и веб-дизайн в Кокшетау,Услуги дизайнера в Кокшетау | Raskrutov,"Дизайн для бизнеса в Кокшетау: сайты, логотипы, фирменный стиль, брендбук и визуальные материалы с понятным процессом и результатом.",Гео-услуга,"index, follow после QA уникальности","Service (areaServed: Кокшетау), BreadcrumbList, FAQPage (если FAQ видим)",P3,Региональные страницы — этап 3,Запланирована (региональное расширение),NEW,/web-studiya; /web-studiya/dizayn; /web-studiya/kokshetau,/web-studiya/dizayn; /web-studiya/kokshetau; /keysy/sayty; /sozdanie-saitov-v-kokshetau; /seo-prodvizhenie-sajtov-v-kokshetau
153,3,SEO-продвижение,SEO-продвижение сайтов в Кокшетау,/seo-prodvizhenie-sajtov-v-kokshetau,SEO-продвижение сайтов в Кокшетау,SEO-продвижение сайтов в Кокшетау | Raskrutov,"SEO-продвижение сайтов компаний в Кокшетау: семантика, структура, техническая оптимизация, контент, аналитика и рост видимости в поиске.",Гео-услуга,"index, follow после QA уникальности","Service (areaServed: Кокшетау), BreadcrumbList, FAQPage (если FAQ видим)",P2,Региональные страницы — этап 2,Запланирована (региональное расширение),NEW,/web-studiya; /seo-prodvizhenie-sajtov; /web-studiya/kokshetau,/seo-prodvizhenie-sajtov; /web-studiya/kokshetau; /keysy/prodvizhenie; /sozdanie-saitov-v-kokshetau; /seo-prodvizhenie-sajtov-v-kokshetau
154,3,AEO-продвижение,AEO/GEO-продвижение в Кокшетау,/web-studiya/aeo-geo-prodvizhenie/kokshetau,AEO и GEO-продвижение в AI-выдаче в Кокшетау,AEO/GEO-продвижение в Кокшетау | Raskrutov,"Продвигаем компании из Кокшетау в AI-ответах и нейропоиске: структура, сущности, экспертный контент, FAQ, Schema.org и AEO/GEO-оптимизация.",Гео-услуга,"index, follow после QA уникальности","Service (areaServed: Кокшетау), BreadcrumbList, FAQPage (если FAQ видим)",P3,Региональные страницы — этап 3,Запланирована (региональное расширение),NEW,/web-studiya; /web-studiya/aeo-geo-prodvizhenie; /web-studiya/kokshetau,/web-studiya/aeo-geo-prodvizhenie; /web-studiya/kokshetau; /keysy/prodvizhenie; /sozdanie-saitov-v-kokshetau; /seo-prodvizhenie-sajtov-v-kokshetau
155,3,Контекстная реклама,Контекстная реклама в Кокшетау,/web-studiya/kontekstnaya-reklama/kokshetau,Контекстная реклама в Кокшетау,Контекстная реклама в Кокшетау | Raskrutov,"Настраиваем контекстную рекламу для бизнеса в Кокшетау: Google Ads, Яндекс Директ, аналитика, оптимизация бюджета и заявок.",Гео-услуга,"index, follow после QA уникальности","Service (areaServed: Кокшетау), BreadcrumbList, FAQPage (если FAQ видим)",P3,Региональные страницы — этап 3,Запланирована (региональное расширение),NEW,/web-studiya; /web-studiya/kontekstnaya-reklama; /web-studiya/kokshetau,/web-studiya/kontekstnaya-reklama; /web-studiya/kokshetau; /keysy/prodvizhenie; /sozdanie-saitov-v-kokshetau; /seo-prodvizhenie-sajtov-v-kokshetau
156,3,Лидогенерация,Лидогенерация в Кокшетау,/web-studiya/lidogeneratsiya/kokshetau,Лидогенерация для бизнеса в Кокшетау,Лидогенерация в Кокшетау | Raskrutov,"Привлекаем целевые заявки для бизнеса в Кокшетау: сайт, реклама, квизы, аналитика, CRM и оптимизация воронки продаж.",Гео-услуга,"index, follow после QA уникальности","Service (areaServed: Кокшетау), BreadcrumbList, FAQPage (если FAQ видим)",P3,Региональные страницы — этап 3,Запланирована (региональное расширение),NEW,/web-studiya; /web-studiya/lidogeneratsiya; /web-studiya/kokshetau,/web-studiya/lidogeneratsiya; /web-studiya/kokshetau; /keysy; /sozdanie-saitov-v-kokshetau; /seo-prodvizhenie-sajtov-v-kokshetau
157,3,Поддержка сайтов,Поддержка сайтов в Кокшетау,/web-studiya/podderzhka-saytov/kokshetau,Техническая поддержка сайтов в Кокшетау,Поддержка сайтов в Кокшетау | Raskrutov,"Техническая поддержка сайтов компаний в Кокшетау: обновления, безопасность, резервные копии, исправления и развитие проекта.",Гео-услуга,"index, follow после QA уникальности","Service (areaServed: Кокшетау), BreadcrumbList, FAQPage (если FAQ видим)",P3,Региональные страницы — этап 3,Запланирована (региональное расширение),NEW,/web-studiya; /web-studiya/podderzhka-saytov; /web-studiya/kokshetau,/web-studiya/podderzhka-saytov; /web-studiya/kokshetau; /keysy/sayty; /sozdanie-saitov-v-kokshetau; /seo-prodvizhenie-sajtov-v-kokshetau
158,3,Digital-консалтинг,Digital-консалтинг в Кокшетау,/web-studiya/digital-konsalting/kokshetau,Digital-консалтинг для бизнеса в Кокшетау,Digital-консалтинг в Кокшетау | Raskrutov,"Digital-консалтинг для бизнеса в Кокшетау: аудит, стратегия, аналитика, приоритеты внедрения и план роста цифровых каналов.",Гео-услуга,"index, follow после QA уникальности","Service (areaServed: Кокшетау), BreadcrumbList, FAQPage (если FAQ видим)",P3,Региональные страницы — этап 3,Запланирована (региональное расширение),NEW,/web-studiya; /web-studiya/digital-konsalting; /web-studiya/kokshetau,/web-studiya/digital-konsalting; /web-studiya/kokshetau; /keysy; /sozdanie-saitov-v-kokshetau; /seo-prodvizhenie-sajtov-v-kokshetau
159,3,Вебстудия Raskrutov,Веб-студия в Костанае,/web-studiya/kostanay,Веб-студия в Костанае,"Веб-студия в Костанае: сайты, SEO и реклама | Raskrutov","Веб-студия Raskrutov в Костанае: создаём сайты, продвигаем в поиске и AI-выдаче, настраиваем рекламу и лидогенерацию для бизнеса.",Региональный хаб,"index, follow после QA уникальности","CollectionPage, BreadcrumbList",P2,Региональные страницы — этап 2,Запланирована (региональное расширение),NEW,/web-studiya; /sozdanie-saitov-v-kostanae; /web-studiya/dizayn/kostanay; /seo-prodvizhenie-sajtov-v-kostanae; /web-studiya/aeo-geo-prodvizhenie/kostanay; /web-studiya/kontekstnaya-reklama/kostanay; /web-studiya/lidogeneratsiya/kostanay; /web-studiya/podderzhka-saytov/kostanay; /web-studiya/digital-konsalting/kostanay,/web-studiya; /sozdanie-saitov-v-kostanae; /web-studiya/dizayn/kostanay; /seo-prodvizhenie-sajtov-v-kostanae; /web-studiya/aeo-geo-prodvizhenie/kostanay; /web-studiya/kontekstnaya-reklama/kostanay; /web-studiya/lidogeneratsiya/kostanay; /web-studiya/podderzhka-saytov/kostanay; /web-studiya/digital-konsalting/kostanay
160,3,Создание сайтов,Создание сайтов в Костанае,/sozdanie-saitov-v-kostanae,Создание сайтов в Костанае,Создание сайтов в Костанае под ключ | Raskrutov,"Создаём сайты для бизнеса в Костанае: лендинги, корпоративные сайты и интернет-магазины с подготовкой к SEO, рекламе и продажам.",Гео-услуга,"index, follow после QA уникальности","Service (areaServed: Костанай), BreadcrumbList, FAQPage (если FAQ видим)",P2,Региональные страницы — этап 2,Запланирована (региональное расширение),NEW,/web-studiya; /sozdanie-saitov; /web-studiya/kostanay,/sozdanie-saitov; /web-studiya/kostanay; /keysy/sayty; /sozdanie-saitov-v-kostanae; /seo-prodvizhenie-sajtov-v-kostanae
161,3,Услуги дизайнера,Услуги дизайнера в Костанае,/web-studiya/dizayn/kostanay,Услуги дизайнера и веб-дизайн в Костанае,Услуги дизайнера в Костанае | Raskrutov,"Дизайн для бизнеса в Костанае: сайты, логотипы, фирменный стиль, брендбук и визуальные материалы с понятным процессом и результатом.",Гео-услуга,"index, follow после QA уникальности","Service (areaServed: Костанай), BreadcrumbList, FAQPage (если FAQ видим)",P3,Региональные страницы — этап 3,Запланирована (региональное расширение),NEW,/web-studiya; /web-studiya/dizayn; /web-studiya/kostanay,/web-studiya/dizayn; /web-studiya/kostanay; /keysy/sayty; /sozdanie-saitov-v-kostanae; /seo-prodvizhenie-sajtov-v-kostanae
162,3,SEO-продвижение,SEO-продвижение сайтов в Костанае,/seo-prodvizhenie-sajtov-v-kostanae,SEO-продвижение сайтов в Костанае,SEO-продвижение сайтов в Костанае | Raskrutov,"SEO-продвижение сайтов компаний в Костанае: семантика, структура, техническая оптимизация, контент, аналитика и рост видимости в поиске.",Гео-услуга,"index, follow после QA уникальности","Service (areaServed: Костанай), BreadcrumbList, FAQPage (если FAQ видим)",P2,Региональные страницы — этап 2,Запланирована (региональное расширение),NEW,/web-studiya; /seo-prodvizhenie-sajtov; /web-studiya/kostanay,/seo-prodvizhenie-sajtov; /web-studiya/kostanay; /keysy/prodvizhenie; /sozdanie-saitov-v-kostanae; /seo-prodvizhenie-sajtov-v-kostanae
163,3,AEO-продвижение,AEO/GEO-продвижение в Костанае,/web-studiya/aeo-geo-prodvizhenie/kostanay,AEO и GEO-продвижение в AI-выдаче в Костанае,AEO/GEO-продвижение в Костанае | Raskrutov,"Продвигаем компании из Костанай в AI-ответах и нейропоиске: структура, сущности, экспертный контент, FAQ, Schema.org и AEO/GEO-оптимизация.",Гео-услуга,"index, follow после QA уникальности","Service (areaServed: Костанай), BreadcrumbList, FAQPage (если FAQ видим)",P3,Региональные страницы — этап 3,Запланирована (региональное расширение),NEW,/web-studiya; /web-studiya/aeo-geo-prodvizhenie; /web-studiya/kostanay,/web-studiya/aeo-geo-prodvizhenie; /web-studiya/kostanay; /keysy/prodvizhenie; /sozdanie-saitov-v-kostanae; /seo-prodvizhenie-sajtov-v-kostanae
164,3,Контекстная реклама,Контекстная реклама в Костанае,/web-studiya/kontekstnaya-reklama/kostanay,Контекстная реклама в Костанае,Контекстная реклама в Костанае | Raskrutov,"Настраиваем контекстную рекламу для бизнеса в Костанае: Google Ads, Яндекс Директ, аналитика, оптимизация бюджета и заявок.",Гео-услуга,"index, follow после QA уникальности","Service (areaServed: Костанай), BreadcrumbList, FAQPage (если FAQ видим)",P3,Региональные страницы — этап 3,Запланирована (региональное расширение),NEW,/web-studiya; /web-studiya/kontekstnaya-reklama; /web-studiya/kostanay,/web-studiya/kontekstnaya-reklama; /web-studiya/kostanay; /keysy/prodvizhenie; /sozdanie-saitov-v-kostanae; /seo-prodvizhenie-sajtov-v-kostanae
165,3,Лидогенерация,Лидогенерация в Костанае,/web-studiya/lidogeneratsiya/kostanay,Лидогенерация для бизнеса в Костанае,Лидогенерация в Костанае | Raskrutov,"Привлекаем целевые заявки для бизнеса в Костанае: сайт, реклама, квизы, аналитика, CRM и оптимизация воронки продаж.",Гео-услуга,"index, follow после QA уникальности","Service (areaServed: Костанай), BreadcrumbList, FAQPage (если FAQ видим)",P3,Региональные страницы — этап 3,Запланирована (региональное расширение),NEW,/web-studiya; /web-studiya/lidogeneratsiya; /web-studiya/kostanay,/web-studiya/lidogeneratsiya; /web-studiya/kostanay; /keysy; /sozdanie-saitov-v-kostanae; /seo-prodvizhenie-sajtov-v-kostanae
166,3,Поддержка сайтов,Поддержка сайтов в Костанае,/web-studiya/podderzhka-saytov/kostanay,Техническая поддержка сайтов в Костанае,Поддержка сайтов в Костанае | Raskrutov,"Техническая поддержка сайтов компаний в Костанае: обновления, безопасность, резервные копии, исправления и развитие проекта.",Гео-услуга,"index, follow после QA уникальности","Service (areaServed: Костанай), BreadcrumbList, FAQPage (если FAQ видим)",P3,Региональные страницы — этап 3,Запланирована (региональное расширение),NEW,/web-studiya; /web-studiya/podderzhka-saytov; /web-studiya/kostanay,/web-studiya/podderzhka-saytov; /web-studiya/kostanay; /keysy/sayty; /sozdanie-saitov-v-kostanae; /seo-prodvizhenie-sajtov-v-kostanae
167,3,Digital-консалтинг,Digital-консалтинг в Костанае,/web-studiya/digital-konsalting/kostanay,Digital-консалтинг для бизнеса в Костанае,Digital-консалтинг в Костанае | Raskrutov,"Digital-консалтинг для бизнеса в Костанае: аудит, стратегия, аналитика, приоритеты внедрения и план роста цифровых каналов.",Гео-услуга,"index, follow после QA уникальности","Service (areaServed: Костанай), BreadcrumbList, FAQPage (если FAQ видим)",P3,Региональные страницы — этап 3,Запланирована (региональное расширение),NEW,/web-studiya; /web-studiya/digital-konsalting; /web-studiya/kostanay,/web-studiya/digital-konsalting; /web-studiya/kostanay; /keysy; /sozdanie-saitov-v-kostanae; /seo-prodvizhenie-sajtov-v-kostanae
168,3,Вебстудия Raskrutov,Веб-студия в Кызылорде,/web-studiya/kyzylorda,Веб-студия в Кызылорде,"Веб-студия в Кызылорде: сайты, SEO и реклама | Raskrutov","Веб-студия Raskrutov в Кызылорде: создаём сайты, продвигаем в поиске и AI-выдаче, настраиваем рекламу и лидогенерацию для бизнеса.",Региональный хаб,"index, follow после QA уникальности","CollectionPage, BreadcrumbList",P2,Региональные страницы — этап 2,Запланирована (региональное расширение),NEW,/web-studiya; /sozdanie-saitov-v-kyzylorde; /web-studiya/dizayn/kyzylorda; /seo-prodvizhenie-sajtov-v-kyzylorde; /web-studiya/aeo-geo-prodvizhenie/kyzylorda; /web-studiya/kontekstnaya-reklama/kyzylorda; /web-studiya/lidogeneratsiya/kyzylorda; /web-studiya/podderzhka-saytov/kyzylorda; /web-studiya/digital-konsalting/kyzylorda,/web-studiya; /sozdanie-saitov-v-kyzylorde; /web-studiya/dizayn/kyzylorda; /seo-prodvizhenie-sajtov-v-kyzylorde; /web-studiya/aeo-geo-prodvizhenie/kyzylorda; /web-studiya/kontekstnaya-reklama/kyzylorda; /web-studiya/lidogeneratsiya/kyzylorda; /web-studiya/podderzhka-saytov/kyzylorda; /web-studiya/digital-konsalting/kyzylorda
169,3,Создание сайтов,Создание сайтов в Кызылорде,/sozdanie-saitov-v-kyzylorde,Создание сайтов в Кызылорде,Создание сайтов в Кызылорде под ключ | Raskrutov,"Создаём сайты для бизнеса в Кызылорде: лендинги, корпоративные сайты и интернет-магазины с подготовкой к SEO, рекламе и продажам.",Гео-услуга,"index, follow после QA уникальности","Service (areaServed: Кызылорда), BreadcrumbList, FAQPage (если FAQ видим)",P2,Региональные страницы — этап 2,Запланирована (региональное расширение),NEW,/web-studiya; /sozdanie-saitov; /web-studiya/kyzylorda,/sozdanie-saitov; /web-studiya/kyzylorda; /keysy/sayty; /sozdanie-saitov-v-kyzylorde; /seo-prodvizhenie-sajtov-v-kyzylorde
170,3,Услуги дизайнера,Услуги дизайнера в Кызылорде,/web-studiya/dizayn/kyzylorda,Услуги дизайнера и веб-дизайн в Кызылорде,Услуги дизайнера в Кызылорде | Raskrutov,"Дизайн для бизнеса в Кызылорде: сайты, логотипы, фирменный стиль, брендбук и визуальные материалы с понятным процессом и результатом.",Гео-услуга,"index, follow после QA уникальности","Service (areaServed: Кызылорда), BreadcrumbList, FAQPage (если FAQ видим)",P3,Региональные страницы — этап 3,Запланирована (региональное расширение),NEW,/web-studiya; /web-studiya/dizayn; /web-studiya/kyzylorda,/web-studiya/dizayn; /web-studiya/kyzylorda; /keysy/sayty; /sozdanie-saitov-v-kyzylorde; /seo-prodvizhenie-sajtov-v-kyzylorde
171,3,SEO-продвижение,SEO-продвижение сайтов в Кызылорде,/seo-prodvizhenie-sajtov-v-kyzylorde,SEO-продвижение сайтов в Кызылорде,SEO-продвижение сайтов в Кызылорде | Raskrutov,"SEO-продвижение сайтов компаний в Кызылорде: семантика, структура, техническая оптимизация, контент, аналитика и рост видимости в поиске.",Гео-услуга,"index, follow после QA уникальности","Service (areaServed: Кызылорда), BreadcrumbList, FAQPage (если FAQ видим)",P2,Региональные страницы — этап 2,Запланирована (региональное расширение),NEW,/web-studiya; /seo-prodvizhenie-sajtov; /web-studiya/kyzylorda,/seo-prodvizhenie-sajtov; /web-studiya/kyzylorda; /keysy/prodvizhenie; /sozdanie-saitov-v-kyzylorde; /seo-prodvizhenie-sajtov-v-kyzylorde
172,3,AEO-продвижение,AEO/GEO-продвижение в Кызылорде,/web-studiya/aeo-geo-prodvizhenie/kyzylorda,AEO и GEO-продвижение в AI-выдаче в Кызылорде,AEO/GEO-продвижение в Кызылорде | Raskrutov,"Продвигаем компании из Кызылорда в AI-ответах и нейропоиске: структура, сущности, экспертный контент, FAQ, Schema.org и AEO/GEO-оптимизация.",Гео-услуга,"index, follow после QA уникальности","Service (areaServed: Кызылорда), BreadcrumbList, FAQPage (если FAQ видим)",P3,Региональные страницы — этап 3,Запланирована (региональное расширение),NEW,/web-studiya; /web-studiya/aeo-geo-prodvizhenie; /web-studiya/kyzylorda,/web-studiya/aeo-geo-prodvizhenie; /web-studiya/kyzylorda; /keysy/prodvizhenie; /sozdanie-saitov-v-kyzylorde; /seo-prodvizhenie-sajtov-v-kyzylorde
173,3,Контекстная реклама,Контекстная реклама в Кызылорде,/web-studiya/kontekstnaya-reklama/kyzylorda,Контекстная реклама в Кызылорде,Контекстная реклама в Кызылорде | Raskrutov,"Настраиваем контекстную рекламу для бизнеса в Кызылорде: Google Ads, Яндекс Директ, аналитика, оптимизация бюджета и заявок.",Гео-услуга,"index, follow после QA уникальности","Service (areaServed: Кызылорда), BreadcrumbList, FAQPage (если FAQ видим)",P3,Региональные страницы — этап 3,Запланирована (региональное расширение),NEW,/web-studiya; /web-studiya/kontekstnaya-reklama; /web-studiya/kyzylorda,/web-studiya/kontekstnaya-reklama; /web-studiya/kyzylorda; /keysy/prodvizhenie; /sozdanie-saitov-v-kyzylorde; /seo-prodvizhenie-sajtov-v-kyzylorde
174,3,Лидогенерация,Лидогенерация в Кызылорде,/web-studiya/lidogeneratsiya/kyzylorda,Лидогенерация для бизнеса в Кызылорде,Лидогенерация в Кызылорде | Raskrutov,"Привлекаем целевые заявки для бизнеса в Кызылорде: сайт, реклама, квизы, аналитика, CRM и оптимизация воронки продаж.",Гео-услуга,"index, follow после QA уникальности","Service (areaServed: Кызылорда), BreadcrumbList, FAQPage (если FAQ видим)",P3,Региональные страницы — этап 3,Запланирована (региональное расширение),NEW,/web-studiya; /web-studiya/lidogeneratsiya; /web-studiya/kyzylorda,/web-studiya/lidogeneratsiya; /web-studiya/kyzylorda; /keysy; /sozdanie-saitov-v-kyzylorde; /seo-prodvizhenie-sajtov-v-kyzylorde
175,3,Поддержка сайтов,Поддержка сайтов в Кызылорде,/web-studiya/podderzhka-saytov/kyzylorda,Техническая поддержка сайтов в Кызылорде,Поддержка сайтов в Кызылорде | Raskrutov,"Техническая поддержка сайтов компаний в Кызылорде: обновления, безопасность, резервные копии, исправления и развитие проекта.",Гео-услуга,"index, follow после QA уникальности","Service (areaServed: Кызылорда), BreadcrumbList, FAQPage (если FAQ видим)",P3,Региональные страницы — этап 3,Запланирована (региональное расширение),NEW,/web-studiya; /web-studiya/podderzhka-saytov; /web-studiya/kyzylorda,/web-studiya/podderzhka-saytov; /web-studiya/kyzylorda; /keysy/sayty; /sozdanie-saitov-v-kyzylorde; /seo-prodvizhenie-sajtov-v-kyzylorde
176,3,Digital-консалтинг,Digital-консалтинг в Кызылорде,/web-studiya/digital-konsalting/kyzylorda,Digital-консалтинг для бизнеса в Кызылорде,Digital-консалтинг в Кызылорде | Raskrutov,"Digital-консалтинг для бизнеса в Кызылорде: аудит, стратегия, аналитика, приоритеты внедрения и план роста цифровых каналов.",Гео-услуга,"index, follow после QA уникальности","Service (areaServed: Кызылорда), BreadcrumbList, FAQPage (если FAQ видим)",P3,Региональные страницы — этап 3,Запланирована (региональное расширение),NEW,/web-studiya; /web-studiya/digital-konsalting; /web-studiya/kyzylorda,/web-studiya/digital-konsalting; /web-studiya/kyzylorda; /keysy; /sozdanie-saitov-v-kyzylorde; /seo-prodvizhenie-sajtov-v-kyzylorde
177,3,Вебстудия Raskrutov,Веб-студия в Павлодаре,/web-studiya/pavlodar,Веб-студия в Павлодаре,"Веб-студия в Павлодаре: сайты, SEO и реклама | Raskrutov","Веб-студия Raskrutov в Павлодаре: создаём сайты, продвигаем в поиске и AI-выдаче, настраиваем рекламу и лидогенерацию для бизнеса.",Региональный хаб,"index, follow после QA уникальности","CollectionPage, BreadcrumbList",P2,Региональные страницы — этап 2,Запланирована (региональное расширение),NEW,/web-studiya; /sozdanie-saitov-v-pavlodare; /web-studiya/dizayn/pavlodar; /seo-prodvizhenie-sajtov-v-pavlodare; /web-studiya/aeo-geo-prodvizhenie/pavlodar; /web-studiya/kontekstnaya-reklama/pavlodar; /web-studiya/lidogeneratsiya/pavlodar; /web-studiya/podderzhka-saytov/pavlodar; /web-studiya/digital-konsalting/pavlodar,/web-studiya; /sozdanie-saitov-v-pavlodare; /web-studiya/dizayn/pavlodar; /seo-prodvizhenie-sajtov-v-pavlodare; /web-studiya/aeo-geo-prodvizhenie/pavlodar; /web-studiya/kontekstnaya-reklama/pavlodar; /web-studiya/lidogeneratsiya/pavlodar; /web-studiya/podderzhka-saytov/pavlodar; /web-studiya/digital-konsalting/pavlodar
178,3,Создание сайтов,Создание сайтов в Павлодаре,/sozdanie-saitov-v-pavlodare,Создание сайтов в Павлодаре,Создание сайтов в Павлодаре под ключ | Raskrutov,"Создаём сайты для бизнеса в Павлодаре: лендинги, корпоративные сайты и интернет-магазины с подготовкой к SEO, рекламе и продажам.",Гео-услуга,"index, follow после QA уникальности","Service (areaServed: Павлодар), BreadcrumbList, FAQPage (если FAQ видим)",P2,Региональные страницы — этап 2,Запланирована (региональное расширение),NEW,/web-studiya; /sozdanie-saitov; /web-studiya/pavlodar,/sozdanie-saitov; /web-studiya/pavlodar; /keysy/sayty; /sozdanie-saitov-v-pavlodare; /seo-prodvizhenie-sajtov-v-pavlodare
179,3,Услуги дизайнера,Услуги дизайнера в Павлодаре,/web-studiya/dizayn/pavlodar,Услуги дизайнера и веб-дизайн в Павлодаре,Услуги дизайнера в Павлодаре | Raskrutov,"Дизайн для бизнеса в Павлодаре: сайты, логотипы, фирменный стиль, брендбук и визуальные материалы с понятным процессом и результатом.",Гео-услуга,"index, follow после QA уникальности","Service (areaServed: Павлодар), BreadcrumbList, FAQPage (если FAQ видим)",P3,Региональные страницы — этап 3,Запланирована (региональное расширение),NEW,/web-studiya; /web-studiya/dizayn; /web-studiya/pavlodar,/web-studiya/dizayn; /web-studiya/pavlodar; /keysy/sayty; /sozdanie-saitov-v-pavlodare; /seo-prodvizhenie-sajtov-v-pavlodare
180,3,SEO-продвижение,SEO-продвижение сайтов в Павлодаре,/seo-prodvizhenie-sajtov-v-pavlodare,SEO-продвижение сайтов в Павлодаре,SEO-продвижение сайтов в Павлодаре | Raskrutov,"SEO-продвижение сайтов компаний в Павлодаре: семантика, структура, техническая оптимизация, контент, аналитика и рост видимости в поиске.",Гео-услуга,"index, follow после QA уникальности","Service (areaServed: Павлодар), BreadcrumbList, FAQPage (если FAQ видим)",P2,Региональные страницы — этап 2,Запланирована (региональное расширение),NEW,/web-studiya; /seo-prodvizhenie-sajtov; /web-studiya/pavlodar,/seo-prodvizhenie-sajtov; /web-studiya/pavlodar; /keysy/prodvizhenie; /sozdanie-saitov-v-pavlodare; /seo-prodvizhenie-sajtov-v-pavlodare
181,3,AEO-продвижение,AEO/GEO-продвижение в Павлодаре,/web-studiya/aeo-geo-prodvizhenie/pavlodar,AEO и GEO-продвижение в AI-выдаче в Павлодаре,AEO/GEO-продвижение в Павлодаре | Raskrutov,"Продвигаем компании из Павлодар в AI-ответах и нейропоиске: структура, сущности, экспертный контент, FAQ, Schema.org и AEO/GEO-оптимизация.",Гео-услуга,"index, follow после QA уникальности","Service (areaServed: Павлодар), BreadcrumbList, FAQPage (если FAQ видим)",P3,Региональные страницы — этап 3,Запланирована (региональное расширение),NEW,/web-studiya; /web-studiya/aeo-geo-prodvizhenie; /web-studiya/pavlodar,/web-studiya/aeo-geo-prodvizhenie; /web-studiya/pavlodar; /keysy/prodvizhenie; /sozdanie-saitov-v-pavlodare; /seo-prodvizhenie-sajtov-v-pavlodare
182,3,Контекстная реклама,Контекстная реклама в Павлодаре,/web-studiya/kontekstnaya-reklama/pavlodar,Контекстная реклама в Павлодаре,Контекстная реклама в Павлодаре | Raskrutov,"Настраиваем контекстную рекламу для бизнеса в Павлодаре: Google Ads, Яндекс Директ, аналитика, оптимизация бюджета и заявок.",Гео-услуга,"index, follow после QA уникальности","Service (areaServed: Павлодар), BreadcrumbList, FAQPage (если FAQ видим)",P3,Региональные страницы — этап 3,Запланирована (региональное расширение),NEW,/web-studiya; /web-studiya/kontekstnaya-reklama; /web-studiya/pavlodar,/web-studiya/kontekstnaya-reklama; /web-studiya/pavlodar; /keysy/prodvizhenie; /sozdanie-saitov-v-pavlodare; /seo-prodvizhenie-sajtov-v-pavlodare
183,3,Лидогенерация,Лидогенерация в Павлодаре,/web-studiya/lidogeneratsiya/pavlodar,Лидогенерация для бизнеса в Павлодаре,Лидогенерация в Павлодаре | Raskrutov,"Привлекаем целевые заявки для бизнеса в Павлодаре: сайт, реклама, квизы, аналитика, CRM и оптимизация воронки продаж.",Гео-услуга,"index, follow после QA уникальности","Service (areaServed: Павлодар), BreadcrumbList, FAQPage (если FAQ видим)",P3,Региональные страницы — этап 3,Запланирована (региональное расширение),NEW,/web-studiya; /web-studiya/lidogeneratsiya; /web-studiya/pavlodar,/web-studiya/lidogeneratsiya; /web-studiya/pavlodar; /keysy; /sozdanie-saitov-v-pavlodare; /seo-prodvizhenie-sajtov-v-pavlodare
184,3,Поддержка сайтов,Поддержка сайтов в Павлодаре,/web-studiya/podderzhka-saytov/pavlodar,Техническая поддержка сайтов в Павлодаре,Поддержка сайтов в Павлодаре | Raskrutov,"Техническая поддержка сайтов компаний в Павлодаре: обновления, безопасность, резервные копии, исправления и развитие проекта.",Гео-услуга,"index, follow после QA уникальности","Service (areaServed: Павлодар), BreadcrumbList, FAQPage (если FAQ видим)",P3,Региональные страницы — этап 3,Запланирована (региональное расширение),NEW,/web-studiya; /web-studiya/podderzhka-saytov; /web-studiya/pavlodar,/web-studiya/podderzhka-saytov; /web-studiya/pavlodar; /keysy/sayty; /sozdanie-saitov-v-pavlodare; /seo-prodvizhenie-sajtov-v-pavlodare
185,3,Digital-консалтинг,Digital-консалтинг в Павлодаре,/web-studiya/digital-konsalting/pavlodar,Digital-консалтинг для бизнеса в Павлодаре,Digital-консалтинг в Павлодаре | Raskrutov,"Digital-консалтинг для бизнеса в Павлодаре: аудит, стратегия, аналитика, приоритеты внедрения и план роста цифровых каналов.",Гео-услуга,"index, follow после QA уникальности","Service (areaServed: Павлодар), BreadcrumbList, FAQPage (если FAQ видим)",P3,Региональные страницы — этап 3,Запланирована (региональное расширение),NEW,/web-studiya; /web-studiya/digital-konsalting; /web-studiya/pavlodar,/web-studiya/digital-konsalting; /web-studiya/pavlodar; /keysy; /sozdanie-saitov-v-pavlodare; /seo-prodvizhenie-sajtov-v-pavlodare
186,3,Вебстудия Raskrutov,Веб-студия в Петропавловске,/web-studiya/petropavlovsk,Веб-студия в Петропавловске,"Веб-студия в Петропавловске: сайты, SEO и реклама | Raskrutov","Веб-студия Raskrutov в Петропавловске: создаём сайты, продвигаем в поиске и AI-выдаче, настраиваем рекламу и лидогенерацию для бизнеса.",Региональный хаб,"index, follow после QA уникальности","CollectionPage, BreadcrumbList",P1,Региональные страницы — этап 1,Запланирована (региональное расширение),NEW,/web-studiya; /sozdanie-saitov-v-Petropavlovske; /web-studiya/dizayn/petropavlovsk; /seo-prodvizhenie-sajtov-v-petropavlovske; /web-studiya/aeo-geo-prodvizhenie/petropavlovsk; /web-studiya/kontekstnaya-reklama/petropavlovsk; /web-studiya/lidogeneratsiya/petropavlovsk; /web-studiya/podderzhka-saytov/petropavlovsk; /web-studiya/digital-konsalting/petropavlovsk,/web-studiya; /sozdanie-saitov-v-Petropavlovske; /web-studiya/dizayn/petropavlovsk; /seo-prodvizhenie-sajtov-v-petropavlovske; /web-studiya/aeo-geo-prodvizhenie/petropavlovsk; /web-studiya/kontekstnaya-reklama/petropavlovsk; /web-studiya/lidogeneratsiya/petropavlovsk; /web-studiya/podderzhka-saytov/petropavlovsk; /web-studiya/digital-konsalting/petropavlovsk
187,3,Услуги дизайнера,Услуги дизайнера в Петропавловске,/web-studiya/dizayn/petropavlovsk,Услуги дизайнера и веб-дизайн в Петропавловске,Услуги дизайнера в Петропавловске | Raskrutov,"Дизайн для бизнеса в Петропавловске: сайты, логотипы, фирменный стиль, брендбук и визуальные материалы с понятным процессом и результатом.",Гео-услуга,"index, follow после QA уникальности","Service (areaServed: Петропавловск), BreadcrumbList, FAQPage (если FAQ видим)",P2,Региональные страницы — этап 2,Запланирована (региональное расширение),NEW,/web-studiya; /web-studiya/dizayn; /web-studiya/petropavlovsk,/web-studiya/dizayn; /web-studiya/petropavlovsk; /keysy/sayty; /sozdanie-saitov-v-Petropavlovske; /seo-prodvizhenie-sajtov-v-petropavlovske
188,3,AEO-продвижение,AEO/GEO-продвижение в Петропавловске,/web-studiya/aeo-geo-prodvizhenie/petropavlovsk,AEO и GEO-продвижение в AI-выдаче в Петропавловске,AEO/GEO-продвижение в Петропавловске | Raskrutov,"Продвигаем компании из Петропавловск в AI-ответах и нейропоиске: структура, сущности, экспертный контент, FAQ, Schema.org и AEO/GEO-оптимизация.",Гео-услуга,"index, follow после QA уникальности","Service (areaServed: Петропавловск), BreadcrumbList, FAQPage (если FAQ видим)",P2,Региональные страницы — этап 2,Запланирована (региональное расширение),NEW,/web-studiya; /web-studiya/aeo-geo-prodvizhenie; /web-studiya/petropavlovsk,/web-studiya/aeo-geo-prodvizhenie; /web-studiya/petropavlovsk; /keysy/prodvizhenie; /sozdanie-saitov-v-Petropavlovske; /seo-prodvizhenie-sajtov-v-petropavlovske
189,3,Контекстная реклама,Контекстная реклама в Петропавловске,/web-studiya/kontekstnaya-reklama/petropavlovsk,Контекстная реклама в Петропавловске,Контекстная реклама в Петропавловске | Raskrutov,"Настраиваем контекстную рекламу для бизнеса в Петропавловске: Google Ads, Яндекс Директ, аналитика, оптимизация бюджета и заявок.",Гео-услуга,"index, follow после QA уникальности","Service (areaServed: Петропавловск), BreadcrumbList, FAQPage (если FAQ видим)",P2,Региональные страницы — этап 2,Запланирована (региональное расширение),NEW,/web-studiya; /web-studiya/kontekstnaya-reklama; /web-studiya/petropavlovsk,/web-studiya/kontekstnaya-reklama; /web-studiya/petropavlovsk; /keysy/prodvizhenie; /sozdanie-saitov-v-Petropavlovske; /seo-prodvizhenie-sajtov-v-petropavlovske
190,3,Лидогенерация,Лидогенерация в Петропавловске,/web-studiya/lidogeneratsiya/petropavlovsk,Лидогенерация для бизнеса в Петропавловске,Лидогенерация в Петропавловске | Raskrutov,"Привлекаем целевые заявки для бизнеса в Петропавловске: сайт, реклама, квизы, аналитика, CRM и оптимизация воронки продаж.",Гео-услуга,"index, follow после QA уникальности","Service (areaServed: Петропавловск), BreadcrumbList, FAQPage (если FAQ видим)",P2,Региональные страницы — этап 2,Запланирована (региональное расширение),NEW,/web-studiya; /web-studiya/lidogeneratsiya; /web-studiya/petropavlovsk,/web-studiya/lidogeneratsiya; /web-studiya/petropavlovsk; /keysy; /sozdanie-saitov-v-Petropavlovske; /seo-prodvizhenie-sajtov-v-petropavlovske
191,3,Поддержка сайтов,Поддержка сайтов в Петропавловске,/web-studiya/podderzhka-saytov/petropavlovsk,Техническая поддержка сайтов в Петропавловске,Поддержка сайтов в Петропавловске | Raskrutov,"Техническая поддержка сайтов компаний в Петропавловске: обновления, безопасность, резервные копии, исправления и развитие проекта.",Гео-услуга,"index, follow после QA уникальности","Service (areaServed: Петропавловск), BreadcrumbList, FAQPage (если FAQ видим)",P2,Региональные страницы — этап 2,Запланирована (региональное расширение),NEW,/web-studiya; /web-studiya/podderzhka-saytov; /web-studiya/petropavlovsk,/web-studiya/podderzhka-saytov; /web-studiya/petropavlovsk; /keysy/sayty; /sozdanie-saitov-v-Petropavlovske; /seo-prodvizhenie-sajtov-v-petropavlovske
192,3,Digital-консалтинг,Digital-консалтинг в Петропавловске,/web-studiya/digital-konsalting/petropavlovsk,Digital-консалтинг для бизнеса в Петропавловске,Digital-консалтинг в Петропавловске | Raskrutov,"Digital-консалтинг для бизнеса в Петропавловске: аудит, стратегия, аналитика, приоритеты внедрения и план роста цифровых каналов.",Гео-услуга,"index, follow после QA уникальности","Service (areaServed: Петропавловск), BreadcrumbList, FAQPage (если FAQ видим)",P2,Региональные страницы — этап 2,Запланирована (региональное расширение),NEW,/web-studiya; /web-studiya/digital-konsalting; /web-studiya/petropavlovsk,/web-studiya/digital-konsalting; /web-studiya/petropavlovsk; /keysy; /sozdanie-saitov-v-Petropavlovske; /seo-prodvizhenie-sajtov-v-petropavlovske
193,3,Вебстудия Raskrutov,Веб-студия в Семее,/web-studiya/semey,Веб-студия в Семее,"Веб-студия в Семее: сайты, SEO и реклама | Raskrutov","Веб-студия Raskrutov в Семее: создаём сайты, продвигаем в поиске и AI-выдаче, настраиваем рекламу и лидогенерацию для бизнеса.",Региональный хаб,"index, follow после QA уникальности","CollectionPage, BreadcrumbList",P2,Региональные страницы — этап 2,Запланирована (региональное расширение),NEW,/web-studiya; /sozdanie-saitov-v-semee; /web-studiya/dizayn/semey; /seo-prodvizhenie-sajtov-v-semee; /web-studiya/aeo-geo-prodvizhenie/semey; /web-studiya/kontekstnaya-reklama/semey; /web-studiya/lidogeneratsiya/semey; /web-studiya/podderzhka-saytov/semey; /web-studiya/digital-konsalting/semey,/web-studiya; /sozdanie-saitov-v-semee; /web-studiya/dizayn/semey; /seo-prodvizhenie-sajtov-v-semee; /web-studiya/aeo-geo-prodvizhenie/semey; /web-studiya/kontekstnaya-reklama/semey; /web-studiya/lidogeneratsiya/semey; /web-studiya/podderzhka-saytov/semey; /web-studiya/digital-konsalting/semey
194,3,Создание сайтов,Создание сайтов в Семее,/sozdanie-saitov-v-semee,Создание сайтов в Семее,Создание сайтов в Семее под ключ | Raskrutov,"Создаём сайты для бизнеса в Семее: лендинги, корпоративные сайты и интернет-магазины с подготовкой к SEO, рекламе и продажам.",Гео-услуга,"index, follow после QA уникальности","Service (areaServed: Семей), BreadcrumbList, FAQPage (если FAQ видим)",P2,Региональные страницы — этап 2,Запланирована (региональное расширение),NEW,/web-studiya; /sozdanie-saitov; /web-studiya/semey,/sozdanie-saitov; /web-studiya/semey; /keysy/sayty; /sozdanie-saitov-v-semee; /seo-prodvizhenie-sajtov-v-semee
195,3,Услуги дизайнера,Услуги дизайнера в Семее,/web-studiya/dizayn/semey,Услуги дизайнера и веб-дизайн в Семее,Услуги дизайнера в Семее | Raskrutov,"Дизайн для бизнеса в Семее: сайты, логотипы, фирменный стиль, брендбук и визуальные материалы с понятным процессом и результатом.",Гео-услуга,"index, follow после QA уникальности","Service (areaServed: Семей), BreadcrumbList, FAQPage (если FAQ видим)",P3,Региональные страницы — этап 3,Запланирована (региональное расширение),NEW,/web-studiya; /web-studiya/dizayn; /web-studiya/semey,/web-studiya/dizayn; /web-studiya/semey; /keysy/sayty; /sozdanie-saitov-v-semee; /seo-prodvizhenie-sajtov-v-semee
196,3,SEO-продвижение,SEO-продвижение сайтов в Семее,/seo-prodvizhenie-sajtov-v-semee,SEO-продвижение сайтов в Семее,SEO-продвижение сайтов в Семее | Raskrutov,"SEO-продвижение сайтов компаний в Семее: семантика, структура, техническая оптимизация, контент, аналитика и рост видимости в поиске.",Гео-услуга,"index, follow после QA уникальности","Service (areaServed: Семей), BreadcrumbList, FAQPage (если FAQ видим)",P2,Региональные страницы — этап 2,Запланирована (региональное расширение),NEW,/web-studiya; /seo-prodvizhenie-sajtov; /web-studiya/semey,/seo-prodvizhenie-sajtov; /web-studiya/semey; /keysy/prodvizhenie; /sozdanie-saitov-v-semee; /seo-prodvizhenie-sajtov-v-semee
197,3,AEO-продвижение,AEO/GEO-продвижение в Семее,/web-studiya/aeo-geo-prodvizhenie/semey,AEO и GEO-продвижение в AI-выдаче в Семее,AEO/GEO-продвижение в Семее | Raskrutov,"Продвигаем компании из Семей в AI-ответах и нейропоиске: структура, сущности, экспертный контент, FAQ, Schema.org и AEO/GEO-оптимизация.",Гео-услуга,"index, follow после QA уникальности","Service (areaServed: Семей), BreadcrumbList, FAQPage (если FAQ видим)",P3,Региональные страницы — этап 3,Запланирована (региональное расширение),NEW,/web-studiya; /web-studiya/aeo-geo-prodvizhenie; /web-studiya/semey,/web-studiya/aeo-geo-prodvizhenie; /web-studiya/semey; /keysy/prodvizhenie; /sozdanie-saitov-v-semee; /seo-prodvizhenie-sajtov-v-semee
198,3,Контекстная реклама,Контекстная реклама в Семее,/web-studiya/kontekstnaya-reklama/semey,Контекстная реклама в Семее,Контекстная реклама в Семее | Raskrutov,"Настраиваем контекстную рекламу для бизнеса в Семее: Google Ads, Яндекс Директ, аналитика, оптимизация бюджета и заявок.",Гео-услуга,"index, follow после QA уникальности","Service (areaServed: Семей), BreadcrumbList, FAQPage (если FAQ видим)",P3,Региональные страницы — этап 3,Запланирована (региональное расширение),NEW,/web-studiya; /web-studiya/kontekstnaya-reklama; /web-studiya/semey,/web-studiya/kontekstnaya-reklama; /web-studiya/semey; /keysy/prodvizhenie; /sozdanie-saitov-v-semee; /seo-prodvizhenie-sajtov-v-semee
199,3,Лидогенерация,Лидогенерация в Семее,/web-studiya/lidogeneratsiya/semey,Лидогенерация для бизнеса в Семее,Лидогенерация в Семее | Raskrutov,"Привлекаем целевые заявки для бизнеса в Семее: сайт, реклама, квизы, аналитика, CRM и оптимизация воронки продаж.",Гео-услуга,"index, follow после QA уникальности","Service (areaServed: Семей), BreadcrumbList, FAQPage (если FAQ видим)",P3,Региональные страницы — этап 3,Запланирована (региональное расширение),NEW,/web-studiya; /web-studiya/lidogeneratsiya; /web-studiya/semey,/web-studiya/lidogeneratsiya; /web-studiya/semey; /keysy; /sozdanie-saitov-v-semee; /seo-prodvizhenie-sajtov-v-semee
200,3,Поддержка сайтов,Поддержка сайтов в Семее,/web-studiya/podderzhka-saytov/semey,Техническая поддержка сайтов в Семее,Поддержка сайтов в Семее | Raskrutov,"Техническая поддержка сайтов компаний в Семее: обновления, безопасность, резервные копии, исправления и развитие проекта.",Гео-услуга,"index, follow после QA уникальности","Service (areaServed: Семей), BreadcrumbList, FAQPage (если FAQ видим)",P3,Региональные страницы — этап 3,Запланирована (региональное расширение),NEW,/web-studiya; /web-studiya/podderzhka-saytov; /web-studiya/semey,/web-studiya/podderzhka-saytov; /web-studiya/semey; /keysy/sayty; /sozdanie-saitov-v-semee; /seo-prodvizhenie-sajtov-v-semee
201,3,Digital-консалтинг,Digital-консалтинг в Семее,/web-studiya/digital-konsalting/semey,Digital-консалтинг для бизнеса в Семее,Digital-консалтинг в Семее | Raskrutov,"Digital-консалтинг для бизнеса в Семее: аудит, стратегия, аналитика, приоритеты внедрения и план роста цифровых каналов.",Гео-услуга,"index, follow после QA уникальности","Service (areaServed: Семей), BreadcrumbList, FAQPage (если FAQ видим)",P3,Региональные страницы — этап 3,Запланирована (региональное расширение),NEW,/web-studiya; /web-studiya/digital-konsalting; /web-studiya/semey,/web-studiya/digital-konsalting; /web-studiya/semey; /keysy; /sozdanie-saitov-v-semee; /seo-prodvizhenie-sajtov-v-semee
202,3,Вебстудия Raskrutov,Веб-студия в Талдыкоргане,/web-studiya/taldykorgan,Веб-студия в Талдыкоргане,"Веб-студия в Талдыкоргане: сайты, SEO и реклама | Raskrutov","Веб-студия Raskrutov в Талдыкоргане: создаём сайты, продвигаем в поиске и AI-выдаче, настраиваем рекламу и лидогенерацию для бизнеса.",Региональный хаб,"index, follow после QA уникальности","CollectionPage, BreadcrumbList",P2,Региональные страницы — этап 2,Запланирована (региональное расширение),NEW,/web-studiya; /sozdanie-saitov-v-taldykorgane; /web-studiya/dizayn/taldykorgan; /seo-prodvizhenie-sajtov-v-taldykorgane; /web-studiya/aeo-geo-prodvizhenie/taldykorgan; /web-studiya/kontekstnaya-reklama/taldykorgan; /web-studiya/lidogeneratsiya/taldykorgan; /web-studiya/podderzhka-saytov/taldykorgan; /web-studiya/digital-konsalting/taldykorgan,/web-studiya; /sozdanie-saitov-v-taldykorgane; /web-studiya/dizayn/taldykorgan; /seo-prodvizhenie-sajtov-v-taldykorgane; /web-studiya/aeo-geo-prodvizhenie/taldykorgan; /web-studiya/kontekstnaya-reklama/taldykorgan; /web-studiya/lidogeneratsiya/taldykorgan; /web-studiya/podderzhka-saytov/taldykorgan; /web-studiya/digital-konsalting/taldykorgan
203,3,Создание сайтов,Создание сайтов в Талдыкоргане,/sozdanie-saitov-v-taldykorgane,Создание сайтов в Талдыкоргане,Создание сайтов в Талдыкоргане под ключ | Raskrutov,"Создаём сайты для бизнеса в Талдыкоргане: лендинги, корпоративные сайты и интернет-магазины с подготовкой к SEO, рекламе и продажам.",Гео-услуга,"index, follow после QA уникальности","Service (areaServed: Талдыкорган), BreadcrumbList, FAQPage (если FAQ видим)",P2,Региональные страницы — этап 2,Запланирована (региональное расширение),NEW,/web-studiya; /sozdanie-saitov; /web-studiya/taldykorgan,/sozdanie-saitov; /web-studiya/taldykorgan; /keysy/sayty; /sozdanie-saitov-v-taldykorgane; /seo-prodvizhenie-sajtov-v-taldykorgane
204,3,Услуги дизайнера,Услуги дизайнера в Талдыкоргане,/web-studiya/dizayn/taldykorgan,Услуги дизайнера и веб-дизайн в Талдыкоргане,Услуги дизайнера в Талдыкоргане | Raskrutov,"Дизайн для бизнеса в Талдыкоргане: сайты, логотипы, фирменный стиль, брендбук и визуальные материалы с понятным процессом и результатом.",Гео-услуга,"index, follow после QA уникальности","Service (areaServed: Талдыкорган), BreadcrumbList, FAQPage (если FAQ видим)",P3,Региональные страницы — этап 3,Запланирована (региональное расширение),NEW,/web-studiya; /web-studiya/dizayn; /web-studiya/taldykorgan,/web-studiya/dizayn; /web-studiya/taldykorgan; /keysy/sayty; /sozdanie-saitov-v-taldykorgane; /seo-prodvizhenie-sajtov-v-taldykorgane
205,3,SEO-продвижение,SEO-продвижение сайтов в Талдыкоргане,/seo-prodvizhenie-sajtov-v-taldykorgane,SEO-продвижение сайтов в Талдыкоргане,SEO-продвижение сайтов в Талдыкоргане | Raskrutov,"SEO-продвижение сайтов компаний в Талдыкоргане: семантика, структура, техническая оптимизация, контент, аналитика и рост видимости в поиске.",Гео-услуга,"index, follow после QA уникальности","Service (areaServed: Талдыкорган), BreadcrumbList, FAQPage (если FAQ видим)",P2,Региональные страницы — этап 2,Запланирована (региональное расширение),NEW,/web-studiya; /seo-prodvizhenie-sajtov; /web-studiya/taldykorgan,/seo-prodvizhenie-sajtov; /web-studiya/taldykorgan; /keysy/prodvizhenie; /sozdanie-saitov-v-taldykorgane; /seo-prodvizhenie-sajtov-v-taldykorgane
206,3,AEO-продвижение,AEO/GEO-продвижение в Талдыкоргане,/web-studiya/aeo-geo-prodvizhenie/taldykorgan,AEO и GEO-продвижение в AI-выдаче в Талдыкоргане,AEO/GEO-продвижение в Талдыкоргане | Raskrutov,"Продвигаем компании из Талдыкорган в AI-ответах и нейропоиске: структура, сущности, экспертный контент, FAQ, Schema.org и AEO/GEO-оптимизация.",Гео-услуга,"index, follow после QA уникальности","Service (areaServed: Талдыкорган), BreadcrumbList, FAQPage (если FAQ видим)",P3,Региональные страницы — этап 3,Запланирована (региональное расширение),NEW,/web-studiya; /web-studiya/aeo-geo-prodvizhenie; /web-studiya/taldykorgan,/web-studiya/aeo-geo-prodvizhenie; /web-studiya/taldykorgan; /keysy/prodvizhenie; /sozdanie-saitov-v-taldykorgane; /seo-prodvizhenie-sajtov-v-taldykorgane
207,3,Контекстная реклама,Контекстная реклама в Талдыкоргане,/web-studiya/kontekstnaya-reklama/taldykorgan,Контекстная реклама в Талдыкоргане,Контекстная реклама в Талдыкоргане | Raskrutov,"Настраиваем контекстную рекламу для бизнеса в Талдыкоргане: Google Ads, Яндекс Директ, аналитика, оптимизация бюджета и заявок.",Гео-услуга,"index, follow после QA уникальности","Service (areaServed: Талдыкорган), BreadcrumbList, FAQPage (если FAQ видим)",P3,Региональные страницы — этап 3,Запланирована (региональное расширение),NEW,/web-studiya; /web-studiya/kontekstnaya-reklama; /web-studiya/taldykorgan,/web-studiya/kontekstnaya-reklama; /web-studiya/taldykorgan; /keysy/prodvizhenie; /sozdanie-saitov-v-taldykorgane; /seo-prodvizhenie-sajtov-v-taldykorgane
208,3,Лидогенерация,Лидогенерация в Талдыкоргане,/web-studiya/lidogeneratsiya/taldykorgan,Лидогенерация для бизнеса в Талдыкоргане,Лидогенерация в Талдыкоргане | Raskrutov,"Привлекаем целевые заявки для бизнеса в Талдыкоргане: сайт, реклама, квизы, аналитика, CRM и оптимизация воронки продаж.",Гео-услуга,"index, follow после QA уникальности","Service (areaServed: Талдыкорган), BreadcrumbList, FAQPage (если FAQ видим)",P3,Региональные страницы — этап 3,Запланирована (региональное расширение),NEW,/web-studiya; /web-studiya/lidogeneratsiya; /web-studiya/taldykorgan,/web-studiya/lidogeneratsiya; /web-studiya/taldykorgan; /keysy; /sozdanie-saitov-v-taldykorgane; /seo-prodvizhenie-sajtov-v-taldykorgane
209,3,Поддержка сайтов,Поддержка сайтов в Талдыкоргане,/web-studiya/podderzhka-saytov/taldykorgan,Техническая поддержка сайтов в Талдыкоргане,Поддержка сайтов в Талдыкоргане | Raskrutov,"Техническая поддержка сайтов компаний в Талдыкоргане: обновления, безопасность, резервные копии, исправления и развитие проекта.",Гео-услуга,"index, follow после QA уникальности","Service (areaServed: Талдыкорган), BreadcrumbList, FAQPage (если FAQ видим)",P3,Региональные страницы — этап 3,Запланирована (региональное расширение),NEW,/web-studiya; /web-studiya/podderzhka-saytov; /web-studiya/taldykorgan,/web-studiya/podderzhka-saytov; /web-studiya/taldykorgan; /keysy/sayty; /sozdanie-saitov-v-taldykorgane; /seo-prodvizhenie-sajtov-v-taldykorgane
210,3,Digital-консалтинг,Digital-консалтинг в Талдыкоргане,/web-studiya/digital-konsalting/taldykorgan,Digital-консалтинг для бизнеса в Талдыкоргане,Digital-консалтинг в Талдыкоргане | Raskrutov,"Digital-консалтинг для бизнеса в Талдыкоргане: аудит, стратегия, аналитика, приоритеты внедрения и план роста цифровых каналов.",Гео-услуга,"index, follow после QA уникальности","Service (areaServed: Талдыкорган), BreadcrumbList, FAQPage (если FAQ видим)",P3,Региональные страницы — этап 3,Запланирована (региональное расширение),NEW,/web-studiya; /web-studiya/digital-konsalting; /web-studiya/taldykorgan,/web-studiya/digital-konsalting; /web-studiya/taldykorgan; /keysy; /sozdanie-saitov-v-taldykorgane; /seo-prodvizhenie-sajtov-v-taldykorgane
211,3,Вебстудия Raskrutov,Веб-студия в Таразе,/web-studiya/taraz,Веб-студия в Таразе,"Веб-студия в Таразе: сайты, SEO и реклама | Raskrutov","Веб-студия Raskrutov в Таразе: создаём сайты, продвигаем в поиске и AI-выдаче, настраиваем рекламу и лидогенерацию для бизнеса.",Региональный хаб,"index, follow после QA уникальности","CollectionPage, BreadcrumbList",P2,Региональные страницы — этап 2,Запланирована (региональное расширение),NEW,/web-studiya; /sozdanie-saitov-v-taraze; /web-studiya/dizayn/taraz; /seo-prodvizhenie-sajtov-v-taraze; /web-studiya/aeo-geo-prodvizhenie/taraz; /web-studiya/kontekstnaya-reklama/taraz; /web-studiya/lidogeneratsiya/taraz; /web-studiya/podderzhka-saytov/taraz; /web-studiya/digital-konsalting/taraz,/web-studiya; /sozdanie-saitov-v-taraze; /web-studiya/dizayn/taraz; /seo-prodvizhenie-sajtov-v-taraze; /web-studiya/aeo-geo-prodvizhenie/taraz; /web-studiya/kontekstnaya-reklama/taraz; /web-studiya/lidogeneratsiya/taraz; /web-studiya/podderzhka-saytov/taraz; /web-studiya/digital-konsalting/taraz
212,3,Создание сайтов,Создание сайтов в Таразе,/sozdanie-saitov-v-taraze,Создание сайтов в Таразе,Создание сайтов в Таразе под ключ | Raskrutov,"Создаём сайты для бизнеса в Таразе: лендинги, корпоративные сайты и интернет-магазины с подготовкой к SEO, рекламе и продажам.",Гео-услуга,"index, follow после QA уникальности","Service (areaServed: Тараз), BreadcrumbList, FAQPage (если FAQ видим)",P2,Региональные страницы — этап 2,Запланирована (региональное расширение),NEW,/web-studiya; /sozdanie-saitov; /web-studiya/taraz,/sozdanie-saitov; /web-studiya/taraz; /keysy/sayty; /sozdanie-saitov-v-taraze; /seo-prodvizhenie-sajtov-v-taraze
213,3,Услуги дизайнера,Услуги дизайнера в Таразе,/web-studiya/dizayn/taraz,Услуги дизайнера и веб-дизайн в Таразе,Услуги дизайнера в Таразе | Raskrutov,"Дизайн для бизнеса в Таразе: сайты, логотипы, фирменный стиль, брендбук и визуальные материалы с понятным процессом и результатом.",Гео-услуга,"index, follow после QA уникальности","Service (areaServed: Тараз), BreadcrumbList, FAQPage (если FAQ видим)",P3,Региональные страницы — этап 3,Запланирована (региональное расширение),NEW,/web-studiya; /web-studiya/dizayn; /web-studiya/taraz,/web-studiya/dizayn; /web-studiya/taraz; /keysy/sayty; /sozdanie-saitov-v-taraze; /seo-prodvizhenie-sajtov-v-taraze
214,3,SEO-продвижение,SEO-продвижение сайтов в Таразе,/seo-prodvizhenie-sajtov-v-taraze,SEO-продвижение сайтов в Таразе,SEO-продвижение сайтов в Таразе | Raskrutov,"SEO-продвижение сайтов компаний в Таразе: семантика, структура, техническая оптимизация, контент, аналитика и рост видимости в поиске.",Гео-услуга,"index, follow после QA уникальности","Service (areaServed: Тараз), BreadcrumbList, FAQPage (если FAQ видим)",P2,Региональные страницы — этап 2,Запланирована (региональное расширение),NEW,/web-studiya; /seo-prodvizhenie-sajtov; /web-studiya/taraz,/seo-prodvizhenie-sajtov; /web-studiya/taraz; /keysy/prodvizhenie; /sozdanie-saitov-v-taraze; /seo-prodvizhenie-sajtov-v-taraze
215,3,AEO-продвижение,AEO/GEO-продвижение в Таразе,/web-studiya/aeo-geo-prodvizhenie/taraz,AEO и GEO-продвижение в AI-выдаче в Таразе,AEO/GEO-продвижение в Таразе | Raskrutov,"Продвигаем компании из Тараз в AI-ответах и нейропоиске: структура, сущности, экспертный контент, FAQ, Schema.org и AEO/GEO-оптимизация.",Гео-услуга,"index, follow после QA уникальности","Service (areaServed: Тараз), BreadcrumbList, FAQPage (если FAQ видим)",P3,Региональные страницы — этап 3,Запланирована (региональное расширение),NEW,/web-studiya; /web-studiya/aeo-geo-prodvizhenie; /web-studiya/taraz,/web-studiya/aeo-geo-prodvizhenie; /web-studiya/taraz; /keysy/prodvizhenie; /sozdanie-saitov-v-taraze; /seo-prodvizhenie-sajtov-v-taraze
216,3,Контекстная реклама,Контекстная реклама в Таразе,/web-studiya/kontekstnaya-reklama/taraz,Контекстная реклама в Таразе,Контекстная реклама в Таразе | Raskrutov,"Настраиваем контекстную рекламу для бизнеса в Таразе: Google Ads, Яндекс Директ, аналитика, оптимизация бюджета и заявок.",Гео-услуга,"index, follow после QA уникальности","Service (areaServed: Тараз), BreadcrumbList, FAQPage (если FAQ видим)",P3,Региональные страницы — этап 3,Запланирована (региональное расширение),NEW,/web-studiya; /web-studiya/kontekstnaya-reklama; /web-studiya/taraz,/web-studiya/kontekstnaya-reklama; /web-studiya/taraz; /keysy/prodvizhenie; /sozdanie-saitov-v-taraze; /seo-prodvizhenie-sajtov-v-taraze
217,3,Лидогенерация,Лидогенерация в Таразе,/web-studiya/lidogeneratsiya/taraz,Лидогенерация для бизнеса в Таразе,Лидогенерация в Таразе | Raskrutov,"Привлекаем целевые заявки для бизнеса в Таразе: сайт, реклама, квизы, аналитика, CRM и оптимизация воронки продаж.",Гео-услуга,"index, follow после QA уникальности","Service (areaServed: Тараз), BreadcrumbList, FAQPage (если FAQ видим)",P3,Региональные страницы — этап 3,Запланирована (региональное расширение),NEW,/web-studiya; /web-studiya/lidogeneratsiya; /web-studiya/taraz,/web-studiya/lidogeneratsiya; /web-studiya/taraz; /keysy; /sozdanie-saitov-v-taraze; /seo-prodvizhenie-sajtov-v-taraze
218,3,Поддержка сайтов,Поддержка сайтов в Таразе,/web-studiya/podderzhka-saytov/taraz,Техническая поддержка сайтов в Таразе,Поддержка сайтов в Таразе | Raskrutov,"Техническая поддержка сайтов компаний в Таразе: обновления, безопасность, резервные копии, исправления и развитие проекта.",Гео-услуга,"index, follow после QA уникальности","Service (areaServed: Тараз), BreadcrumbList, FAQPage (если FAQ видим)",P3,Региональные страницы — этап 3,Запланирована (региональное расширение),NEW,/web-studiya; /web-studiya/podderzhka-saytov; /web-studiya/taraz,/web-studiya/podderzhka-saytov; /web-studiya/taraz; /keysy/sayty; /sozdanie-saitov-v-taraze; /seo-prodvizhenie-sajtov-v-taraze
219,3,Digital-консалтинг,Digital-консалтинг в Таразе,/web-studiya/digital-konsalting/taraz,Digital-консалтинг для бизнеса в Таразе,Digital-консалтинг в Таразе | Raskrutov,"Digital-консалтинг для бизнеса в Таразе: аудит, стратегия, аналитика, приоритеты внедрения и план роста цифровых каналов.",Гео-услуга,"index, follow после QA уникальности","Service (areaServed: Тараз), BreadcrumbList, FAQPage (если FAQ видим)",P3,Региональные страницы — этап 3,Запланирована (региональное расширение),NEW,/web-studiya; /web-studiya/digital-konsalting; /web-studiya/taraz,/web-studiya/digital-konsalting; /web-studiya/taraz; /keysy; /sozdanie-saitov-v-taraze; /seo-prodvizhenie-sajtov-v-taraze
220,3,Вебстудия Raskrutov,Веб-студия в Туркестане,/web-studiya/turkestan,Веб-студия в Туркестане,"Веб-студия в Туркестане: сайты, SEO и реклама | Raskrutov","Веб-студия Raskrutov в Туркестане: создаём сайты, продвигаем в поиске и AI-выдаче, настраиваем рекламу и лидогенерацию для бизнеса.",Региональный хаб,"index, follow после QA уникальности","CollectionPage, BreadcrumbList",P2,Региональные страницы — этап 2,Запланирована (региональное расширение),NEW,/web-studiya; /sozdanie-saitov-v-turkestane; /web-studiya/dizayn/turkestan; /seo-prodvizhenie-sajtov-v-turkestane; /web-studiya/aeo-geo-prodvizhenie/turkestan; /web-studiya/kontekstnaya-reklama/turkestan; /web-studiya/lidogeneratsiya/turkestan; /web-studiya/podderzhka-saytov/turkestan; /web-studiya/digital-konsalting/turkestan,/web-studiya; /sozdanie-saitov-v-turkestane; /web-studiya/dizayn/turkestan; /seo-prodvizhenie-sajtov-v-turkestane; /web-studiya/aeo-geo-prodvizhenie/turkestan; /web-studiya/kontekstnaya-reklama/turkestan; /web-studiya/lidogeneratsiya/turkestan; /web-studiya/podderzhka-saytov/turkestan; /web-studiya/digital-konsalting/turkestan
221,3,Создание сайтов,Создание сайтов в Туркестане,/sozdanie-saitov-v-turkestane,Создание сайтов в Туркестане,Создание сайтов в Туркестане под ключ | Raskrutov,"Создаём сайты для бизнеса в Туркестане: лендинги, корпоративные сайты и интернет-магазины с подготовкой к SEO, рекламе и продажам.",Гео-услуга,"index, follow после QA уникальности","Service (areaServed: Туркестан), BreadcrumbList, FAQPage (если FAQ видим)",P2,Региональные страницы — этап 2,Запланирована (региональное расширение),NEW,/web-studiya; /sozdanie-saitov; /web-studiya/turkestan,/sozdanie-saitov; /web-studiya/turkestan; /keysy/sayty; /sozdanie-saitov-v-turkestane; /seo-prodvizhenie-sajtov-v-turkestane
222,3,Услуги дизайнера,Услуги дизайнера в Туркестане,/web-studiya/dizayn/turkestan,Услуги дизайнера и веб-дизайн в Туркестане,Услуги дизайнера в Туркестане | Raskrutov,"Дизайн для бизнеса в Туркестане: сайты, логотипы, фирменный стиль, брендбук и визуальные материалы с понятным процессом и результатом.",Гео-услуга,"index, follow после QA уникальности","Service (areaServed: Туркестан), BreadcrumbList, FAQPage (если FAQ видим)",P3,Региональные страницы — этап 3,Запланирована (региональное расширение),NEW,/web-studiya; /web-studiya/dizayn; /web-studiya/turkestan,/web-studiya/dizayn; /web-studiya/turkestan; /keysy/sayty; /sozdanie-saitov-v-turkestane; /seo-prodvizhenie-sajtov-v-turkestane
223,3,SEO-продвижение,SEO-продвижение сайтов в Туркестане,/seo-prodvizhenie-sajtov-v-turkestane,SEO-продвижение сайтов в Туркестане,SEO-продвижение сайтов в Туркестане | Raskrutov,"SEO-продвижение сайтов компаний в Туркестане: семантика, структура, техническая оптимизация, контент, аналитика и рост видимости в поиске.",Гео-услуга,"index, follow после QA уникальности","Service (areaServed: Туркестан), BreadcrumbList, FAQPage (если FAQ видим)",P2,Региональные страницы — этап 2,Запланирована (региональное расширение),NEW,/web-studiya; /seo-prodvizhenie-sajtov; /web-studiya/turkestan,/seo-prodvizhenie-sajtov; /web-studiya/turkestan; /keysy/prodvizhenie; /sozdanie-saitov-v-turkestane; /seo-prodvizhenie-sajtov-v-turkestane
224,3,AEO-продвижение,AEO/GEO-продвижение в Туркестане,/web-studiya/aeo-geo-prodvizhenie/turkestan,AEO и GEO-продвижение в AI-выдаче в Туркестане,AEO/GEO-продвижение в Туркестане | Raskrutov,"Продвигаем компании из Туркестан в AI-ответах и нейропоиске: структура, сущности, экспертный контент, FAQ, Schema.org и AEO/GEO-оптимизация.",Гео-услуга,"index, follow после QA уникальности","Service (areaServed: Туркестан), BreadcrumbList, FAQPage (если FAQ видим)",P3,Региональные страницы — этап 3,Запланирована (региональное расширение),NEW,/web-studiya; /web-studiya/aeo-geo-prodvizhenie; /web-studiya/turkestan,/web-studiya/aeo-geo-prodvizhenie; /web-studiya/turkestan; /keysy/prodvizhenie; /sozdanie-saitov-v-turkestane; /seo-prodvizhenie-sajtov-v-turkestane
225,3,Контекстная реклама,Контекстная реклама в Туркестане,/web-studiya/kontekstnaya-reklama/turkestan,Контекстная реклама в Туркестане,Контекстная реклама в Туркестане | Raskrutov,"Настраиваем контекстную рекламу для бизнеса в Туркестане: Google Ads, Яндекс Директ, аналитика, оптимизация бюджета и заявок.",Гео-услуга,"index, follow после QA уникальности","Service (areaServed: Туркестан), BreadcrumbList, FAQPage (если FAQ видим)",P3,Региональные страницы — этап 3,Запланирована (региональное расширение),NEW,/web-studiya; /web-studiya/kontekstnaya-reklama; /web-studiya/turkestan,/web-studiya/kontekstnaya-reklama; /web-studiya/turkestan; /keysy/prodvizhenie; /sozdanie-saitov-v-turkestane; /seo-prodvizhenie-sajtov-v-turkestane
226,3,Лидогенерация,Лидогенерация в Туркестане,/web-studiya/lidogeneratsiya/turkestan,Лидогенерация для бизнеса в Туркестане,Лидогенерация в Туркестане | Raskrutov,"Привлекаем целевые заявки для бизнеса в Туркестане: сайт, реклама, квизы, аналитика, CRM и оптимизация воронки продаж.",Гео-услуга,"index, follow после QA уникальности","Service (areaServed: Туркестан), BreadcrumbList, FAQPage (если FAQ видим)",P3,Региональные страницы — этап 3,Запланирована (региональное расширение),NEW,/web-studiya; /web-studiya/lidogeneratsiya; /web-studiya/turkestan,/web-studiya/lidogeneratsiya; /web-studiya/turkestan; /keysy; /sozdanie-saitov-v-turkestane; /seo-prodvizhenie-sajtov-v-turkestane
227,3,Поддержка сайтов,Поддержка сайтов в Туркестане,/web-studiya/podderzhka-saytov/turkestan,Техническая поддержка сайтов в Туркестане,Поддержка сайтов в Туркестане | Raskrutov,"Техническая поддержка сайтов компаний в Туркестане: обновления, безопасность, резервные копии, исправления и развитие проекта.",Гео-услуга,"index, follow после QA уникальности","Service (areaServed: Туркестан), BreadcrumbList, FAQPage (если FAQ видим)",P3,Региональные страницы — этап 3,Запланирована (региональное расширение),NEW,/web-studiya; /web-studiya/podderzhka-saytov; /web-studiya/turkestan,/web-studiya/podderzhka-saytov; /web-studiya/turkestan; /keysy/sayty; /sozdanie-saitov-v-turkestane; /seo-prodvizhenie-sajtov-v-turkestane
228,3,Digital-консалтинг,Digital-консалтинг в Туркестане,/web-studiya/digital-konsalting/turkestan,Digital-консалтинг для бизнеса в Туркестане,Digital-консалтинг в Туркестане | Raskrutov,"Digital-консалтинг для бизнеса в Туркестане: аудит, стратегия, аналитика, приоритеты внедрения и план роста цифровых каналов.",Гео-услуга,"index, follow после QA уникальности","Service (areaServed: Туркестан), BreadcrumbList, FAQPage (если FAQ видим)",P3,Региональные страницы — этап 3,Запланирована (региональное расширение),NEW,/web-studiya; /web-studiya/digital-konsalting; /web-studiya/turkestan,/web-studiya/digital-konsalting; /web-studiya/turkestan; /keysy; /sozdanie-saitov-v-turkestane; /seo-prodvizhenie-sajtov-v-turkestane
229,3,Вебстудия Raskrutov,Веб-студия в Уральске,/web-studiya/uralsk,Веб-студия в Уральске,"Веб-студия в Уральске: сайты, SEO и реклама | Raskrutov","Веб-студия Raskrutov в Уральске: создаём сайты, продвигаем в поиске и AI-выдаче, настраиваем рекламу и лидогенерацию для бизнеса.",Региональный хаб,"index, follow после QA уникальности","CollectionPage, BreadcrumbList",P2,Региональные страницы — этап 2,Запланирована (региональное расширение),NEW,/web-studiya; /sozdanie-saitov-v-uralske; /web-studiya/dizayn/uralsk; /seo-prodvizhenie-sajtov-v-uralske; /web-studiya/aeo-geo-prodvizhenie/uralsk; /web-studiya/kontekstnaya-reklama/uralsk; /web-studiya/lidogeneratsiya/uralsk; /web-studiya/podderzhka-saytov/uralsk; /web-studiya/digital-konsalting/uralsk,/web-studiya; /sozdanie-saitov-v-uralske; /web-studiya/dizayn/uralsk; /seo-prodvizhenie-sajtov-v-uralske; /web-studiya/aeo-geo-prodvizhenie/uralsk; /web-studiya/kontekstnaya-reklama/uralsk; /web-studiya/lidogeneratsiya/uralsk; /web-studiya/podderzhka-saytov/uralsk; /web-studiya/digital-konsalting/uralsk
230,3,Создание сайтов,Создание сайтов в Уральске,/sozdanie-saitov-v-uralske,Создание сайтов в Уральске,Создание сайтов в Уральске под ключ | Raskrutov,"Создаём сайты для бизнеса в Уральске: лендинги, корпоративные сайты и интернет-магазины с подготовкой к SEO, рекламе и продажам.",Гео-услуга,"index, follow после QA уникальности","Service (areaServed: Уральск), BreadcrumbList, FAQPage (если FAQ видим)",P2,Региональные страницы — этап 2,Запланирована (региональное расширение),NEW,/web-studiya; /sozdanie-saitov; /web-studiya/uralsk,/sozdanie-saitov; /web-studiya/uralsk; /keysy/sayty; /sozdanie-saitov-v-uralske; /seo-prodvizhenie-sajtov-v-uralske
231,3,Услуги дизайнера,Услуги дизайнера в Уральске,/web-studiya/dizayn/uralsk,Услуги дизайнера и веб-дизайн в Уральске,Услуги дизайнера в Уральске | Raskrutov,"Дизайн для бизнеса в Уральске: сайты, логотипы, фирменный стиль, брендбук и визуальные материалы с понятным процессом и результатом.",Гео-услуга,"index, follow после QA уникальности","Service (areaServed: Уральск), BreadcrumbList, FAQPage (если FAQ видим)",P3,Региональные страницы — этап 3,Запланирована (региональное расширение),NEW,/web-studiya; /web-studiya/dizayn; /web-studiya/uralsk,/web-studiya/dizayn; /web-studiya/uralsk; /keysy/sayty; /sozdanie-saitov-v-uralske; /seo-prodvizhenie-sajtov-v-uralske
232,3,SEO-продвижение,SEO-продвижение сайтов в Уральске,/seo-prodvizhenie-sajtov-v-uralske,SEO-продвижение сайтов в Уральске,SEO-продвижение сайтов в Уральске | Raskrutov,"SEO-продвижение сайтов компаний в Уральске: семантика, структура, техническая оптимизация, контент, аналитика и рост видимости в поиске.",Гео-услуга,"index, follow после QA уникальности","Service (areaServed: Уральск), BreadcrumbList, FAQPage (если FAQ видим)",P2,Региональные страницы — этап 2,Запланирована (региональное расширение),NEW,/web-studiya; /seo-prodvizhenie-sajtov; /web-studiya/uralsk,/seo-prodvizhenie-sajtov; /web-studiya/uralsk; /keysy/prodvizhenie; /sozdanie-saitov-v-uralske; /seo-prodvizhenie-sajtov-v-uralske
233,3,AEO-продвижение,AEO/GEO-продвижение в Уральске,/web-studiya/aeo-geo-prodvizhenie/uralsk,AEO и GEO-продвижение в AI-выдаче в Уральске,AEO/GEO-продвижение в Уральске | Raskrutov,"Продвигаем компании из Уральск в AI-ответах и нейропоиске: структура, сущности, экспертный контент, FAQ, Schema.org и AEO/GEO-оптимизация.",Гео-услуга,"index, follow после QA уникальности","Service (areaServed: Уральск), BreadcrumbList, FAQPage (если FAQ видим)",P3,Региональные страницы — этап 3,Запланирована (региональное расширение),NEW,/web-studiya; /web-studiya/aeo-geo-prodvizhenie; /web-studiya/uralsk,/web-studiya/aeo-geo-prodvizhenie; /web-studiya/uralsk; /keysy/prodvizhenie; /sozdanie-saitov-v-uralske; /seo-prodvizhenie-sajtov-v-uralske
234,3,Контекстная реклама,Контекстная реклама в Уральске,/web-studiya/kontekstnaya-reklama/uralsk,Контекстная реклама в Уральске,Контекстная реклама в Уральске | Raskrutov,"Настраиваем контекстную рекламу для бизнеса в Уральске: Google Ads, Яндекс Директ, аналитика, оптимизация бюджета и заявок.",Гео-услуга,"index, follow после QA уникальности","Service (areaServed: Уральск), BreadcrumbList, FAQPage (если FAQ видим)",P3,Региональные страницы — этап 3,Запланирована (региональное расширение),NEW,/web-studiya; /web-studiya/kontekstnaya-reklama; /web-studiya/uralsk,/web-studiya/kontekstnaya-reklama; /web-studiya/uralsk; /keysy/prodvizhenie; /sozdanie-saitov-v-uralske; /seo-prodvizhenie-sajtov-v-uralske
235,3,Лидогенерация,Лидогенерация в Уральске,/web-studiya/lidogeneratsiya/uralsk,Лидогенерация для бизнеса в Уральске,Лидогенерация в Уральске | Raskrutov,"Привлекаем целевые заявки для бизнеса в Уральске: сайт, реклама, квизы, аналитика, CRM и оптимизация воронки продаж.",Гео-услуга,"index, follow после QA уникальности","Service (areaServed: Уральск), BreadcrumbList, FAQPage (если FAQ видим)",P3,Региональные страницы — этап 3,Запланирована (региональное расширение),NEW,/web-studiya; /web-studiya/lidogeneratsiya; /web-studiya/uralsk,/web-studiya/lidogeneratsiya; /web-studiya/uralsk; /keysy; /sozdanie-saitov-v-uralske; /seo-prodvizhenie-sajtov-v-uralske
236,3,Поддержка сайтов,Поддержка сайтов в Уральске,/web-studiya/podderzhka-saytov/uralsk,Техническая поддержка сайтов в Уральске,Поддержка сайтов в Уральске | Raskrutov,"Техническая поддержка сайтов компаний в Уральске: обновления, безопасность, резервные копии, исправления и развитие проекта.",Гео-услуга,"index, follow после QA уникальности","Service (areaServed: Уральск), BreadcrumbList, FAQPage (если FAQ видим)",P3,Региональные страницы — этап 3,Запланирована (региональное расширение),NEW,/web-studiya; /web-studiya/podderzhka-saytov; /web-studiya/uralsk,/web-studiya/podderzhka-saytov; /web-studiya/uralsk; /keysy/sayty; /sozdanie-saitov-v-uralske; /seo-prodvizhenie-sajtov-v-uralske
237,3,Digital-консалтинг,Digital-консалтинг в Уральске,/web-studiya/digital-konsalting/uralsk,Digital-консалтинг для бизнеса в Уральске,Digital-консалтинг в Уральске | Raskrutov,"Digital-консалтинг для бизнеса в Уральске: аудит, стратегия, аналитика, приоритеты внедрения и план роста цифровых каналов.",Гео-услуга,"index, follow после QA уникальности","Service (areaServed: Уральск), BreadcrumbList, FAQPage (если FAQ видим)",P3,Региональные страницы — этап 3,Запланирована (региональное расширение),NEW,/web-studiya; /web-studiya/digital-konsalting; /web-studiya/uralsk,/web-studiya/digital-konsalting; /web-studiya/uralsk; /keysy; /sozdanie-saitov-v-uralske; /seo-prodvizhenie-sajtov-v-uralske
238,3,Вебстудия Raskrutov,Веб-студия в Усть-Каменогорске,/web-studiya/ust-kamenogorsk,Веб-студия в Усть-Каменогорске,"Веб-студия в Усть-Каменогорске: сайты, SEO и реклама | Raskrutov","Веб-студия Raskrutov в Усть-Каменогорске: создаём сайты, продвигаем в поиске и AI-выдаче, настраиваем рекламу и лидогенерацию для бизнеса.",Региональный хаб,"index, follow после QA уникальности","CollectionPage, BreadcrumbList",P2,Региональные страницы — этап 2,Запланирована (региональное расширение),NEW,/web-studiya; /sozdanie-saitov-v-ust-kamenogorske; /web-studiya/dizayn/ust-kamenogorsk; /seo-prodvizhenie-sajtov-v-ust-kamenogorske; /web-studiya/aeo-geo-prodvizhenie/ust-kamenogorsk; /web-studiya/kontekstnaya-reklama/ust-kamenogorsk; /web-studiya/lidogeneratsiya/ust-kamenogorsk; /web-studiya/podderzhka-saytov/ust-kamenogorsk; /web-studiya/digital-konsalting/ust-kamenogorsk,/web-studiya; /sozdanie-saitov-v-ust-kamenogorske; /web-studiya/dizayn/ust-kamenogorsk; /seo-prodvizhenie-sajtov-v-ust-kamenogorske; /web-studiya/aeo-geo-prodvizhenie/ust-kamenogorsk; /web-studiya/kontekstnaya-reklama/ust-kamenogorsk; /web-studiya/lidogeneratsiya/ust-kamenogorsk; /web-studiya/podderzhka-saytov/ust-kamenogorsk; /web-studiya/digital-konsalting/ust-kamenogorsk
239,3,Создание сайтов,Создание сайтов в Усть-Каменогорске,/sozdanie-saitov-v-ust-kamenogorske,Создание сайтов в Усть-Каменогорске,Создание сайтов в Усть-Каменогорске под ключ | Raskrutov,"Создаём сайты для бизнеса в Усть-Каменогорске: лендинги, корпоративные сайты и интернет-магазины с подготовкой к SEO, рекламе и продажам.",Гео-услуга,"index, follow после QA уникальности","Service (areaServed: Усть-Каменогорск), BreadcrumbList, FAQPage (если FAQ видим)",P2,Региональные страницы — этап 2,Запланирована (региональное расширение),NEW,/web-studiya; /sozdanie-saitov; /web-studiya/ust-kamenogorsk,/sozdanie-saitov; /web-studiya/ust-kamenogorsk; /keysy/sayty; /sozdanie-saitov-v-ust-kamenogorske; /seo-prodvizhenie-sajtov-v-ust-kamenogorske
240,3,Услуги дизайнера,Услуги дизайнера в Усть-Каменогорске,/web-studiya/dizayn/ust-kamenogorsk,Услуги дизайнера и веб-дизайн в Усть-Каменогорске,Услуги дизайнера в Усть-Каменогорске | Raskrutov,"Дизайн для бизнеса в Усть-Каменогорске: сайты, логотипы, фирменный стиль, брендбук и визуальные материалы с понятным процессом и результатом.",Гео-услуга,"index, follow после QA уникальности","Service (areaServed: Усть-Каменогорск), BreadcrumbList, FAQPage (если FAQ видим)",P3,Региональные страницы — этап 3,Запланирована (региональное расширение),NEW,/web-studiya; /web-studiya/dizayn; /web-studiya/ust-kamenogorsk,/web-studiya/dizayn; /web-studiya/ust-kamenogorsk; /keysy/sayty; /sozdanie-saitov-v-ust-kamenogorske; /seo-prodvizhenie-sajtov-v-ust-kamenogorske
241,3,SEO-продвижение,SEO-продвижение сайтов в Усть-Каменогорске,/seo-prodvizhenie-sajtov-v-ust-kamenogorske,SEO-продвижение сайтов в Усть-Каменогорске,SEO-продвижение сайтов в Усть-Каменогорске | Raskrutov,"SEO-продвижение сайтов компаний в Усть-Каменогорске: семантика, структура, техническая оптимизация, контент, аналитика и рост видимости в поиске.",Гео-услуга,"index, follow после QA уникальности","Service (areaServed: Усть-Каменогорск), BreadcrumbList, FAQPage (если FAQ видим)",P2,Региональные страницы — этап 2,Запланирована (региональное расширение),NEW,/web-studiya; /seo-prodvizhenie-sajtov; /web-studiya/ust-kamenogorsk,/seo-prodvizhenie-sajtov; /web-studiya/ust-kamenogorsk; /keysy/prodvizhenie; /sozdanie-saitov-v-ust-kamenogorske; /seo-prodvizhenie-sajtov-v-ust-kamenogorske
242,3,AEO-продвижение,AEO/GEO-продвижение в Усть-Каменогорске,/web-studiya/aeo-geo-prodvizhenie/ust-kamenogorsk,AEO и GEO-продвижение в AI-выдаче в Усть-Каменогорске,AEO/GEO-продвижение в Усть-Каменогорске | Raskrutov,"Продвигаем компании из Усть-Каменогорск в AI-ответах и нейропоиске: структура, сущности, экспертный контент, FAQ, Schema.org и AEO/GEO-оптимизация.",Гео-услуга,"index, follow после QA уникальности","Service (areaServed: Усть-Каменогорск), BreadcrumbList, FAQPage (если FAQ видим)",P3,Региональные страницы — этап 3,Запланирована (региональное расширение),NEW,/web-studiya; /web-studiya/aeo-geo-prodvizhenie; /web-studiya/ust-kamenogorsk,/web-studiya/aeo-geo-prodvizhenie; /web-studiya/ust-kamenogorsk; /keysy/prodvizhenie; /sozdanie-saitov-v-ust-kamenogorske; /seo-prodvizhenie-sajtov-v-ust-kamenogorske
243,3,Контекстная реклама,Контекстная реклама в Усть-Каменогорске,/web-studiya/kontekstnaya-reklama/ust-kamenogorsk,Контекстная реклама в Усть-Каменогорске,Контекстная реклама в Усть-Каменогорске | Raskrutov,"Настраиваем контекстную рекламу для бизнеса в Усть-Каменогорске: Google Ads, Яндекс Директ, аналитика, оптимизация бюджета и заявок.",Гео-услуга,"index, follow после QA уникальности","Service (areaServed: Усть-Каменогорск), BreadcrumbList, FAQPage (если FAQ видим)",P3,Региональные страницы — этап 3,Запланирована (региональное расширение),NEW,/web-studiya; /web-studiya/kontekstnaya-reklama; /web-studiya/ust-kamenogorsk,/web-studiya/kontekstnaya-reklama; /web-studiya/ust-kamenogorsk; /keysy/prodvizhenie; /sozdanie-saitov-v-ust-kamenogorske; /seo-prodvizhenie-sajtov-v-ust-kamenogorske
244,3,Лидогенерация,Лидогенерация в Усть-Каменогорске,/web-studiya/lidogeneratsiya/ust-kamenogorsk,Лидогенерация для бизнеса в Усть-Каменогорске,Лидогенерация в Усть-Каменогорске | Raskrutov,"Привлекаем целевые заявки для бизнеса в Усть-Каменогорске: сайт, реклама, квизы, аналитика, CRM и оптимизация воронки продаж.",Гео-услуга,"index, follow после QA уникальности","Service (areaServed: Усть-Каменогорск), BreadcrumbList, FAQPage (если FAQ видим)",P3,Региональные страницы — этап 3,Запланирована (региональное расширение),NEW,/web-studiya; /web-studiya/lidogeneratsiya; /web-studiya/ust-kamenogorsk,/web-studiya/lidogeneratsiya; /web-studiya/ust-kamenogorsk; /keysy; /sozdanie-saitov-v-ust-kamenogorske; /seo-prodvizhenie-sajtov-v-ust-kamenogorske
245,3,Поддержка сайтов,Поддержка сайтов в Усть-Каменогорске,/web-studiya/podderzhka-saytov/ust-kamenogorsk,Техническая поддержка сайтов в Усть-Каменогорске,Поддержка сайтов в Усть-Каменогорске | Raskrutov,"Техническая поддержка сайтов компаний в Усть-Каменогорске: обновления, безопасность, резервные копии, исправления и развитие проекта.",Гео-услуга,"index, follow после QA уникальности","Service (areaServed: Усть-Каменогорск), BreadcrumbList, FAQPage (если FAQ видим)",P3,Региональные страницы — этап 3,Запланирована (региональное расширение),NEW,/web-studiya; /web-studiya/podderzhka-saytov; /web-studiya/ust-kamenogorsk,/web-studiya/podderzhka-saytov; /web-studiya/ust-kamenogorsk; /keysy/sayty; /sozdanie-saitov-v-ust-kamenogorske; /seo-prodvizhenie-sajtov-v-ust-kamenogorske
246,3,Digital-консалтинг,Digital-консалтинг в Усть-Каменогорске,/web-studiya/digital-konsalting/ust-kamenogorsk,Digital-консалтинг для бизнеса в Усть-Каменогорске,Digital-консалтинг в Усть-Каменогорске | Raskrutov,"Digital-консалтинг для бизнеса в Усть-Каменогорске: аудит, стратегия, аналитика, приоритеты внедрения и план роста цифровых каналов.",Гео-услуга,"index, follow после QA уникальности","Service (areaServed: Усть-Каменогорск), BreadcrumbList, FAQPage (если FAQ видим)",P3,Региональные страницы — этап 3,Запланирована (региональное расширение),NEW,/web-studiya; /web-studiya/digital-konsalting; /web-studiya/ust-kamenogorsk,/web-studiya/digital-konsalting; /web-studiya/ust-kamenogorsk; /keysy; /sozdanie-saitov-v-ust-kamenogorske; /seo-prodvizhenie-sajtov-v-ust-kamenogorske
247,—,Миграция,REDIRECT: /samyi-svezhiy-blog-o-sozdanii-i-prodvizhenii-saytov-v-astane-2025-,/sozdanie-saitov-v-astane,,,,Миграционная запись,"нет, 301",не применяется,P1,Миграция/301,GSC/sitemap,REDIRECT,удалить ссылки на старый URL,
248,—,Миграция,REDIRECT: /seo-prodvizhenie-sajtov-v-kazakhstane-klyuchevye-strategii-dlya-uspekha,/strategii-prodvizheniya-sajtov-v-kazakhstane,,,,Миграционная запись,"нет, 301",не применяется,P1,Миграция/301,GSC/sitemap,REDIRECT,удалить ссылки на старый URL,
249,—,Миграция,REDIRECT: /seo-prodvizhenie-sajtov-v-kazakhstane-aktualnye-trendy-i-strategii-2024-goda,/strategii-prodvizheniya-sajtov-v-kazakhstane,,,,Миграционная запись,"нет, 301",не применяется,P1,Миграция/301,GSC/sitemap,REDIRECT,удалить ссылки на старый URL,
250,—,Миграция,REDIRECT: /prodvizhenie-sajtov-v-kazakhstane-ehffektivnye-strategii-dlya-vashego-biznesa,/strategii-prodvizheniya-sajtov-v-kazakhstane,,,,Миграционная запись,"нет, 301",не применяется,P1,Миграция/301,GSC/sitemap,REDIRECT,удалить ссылки на старый URL,
251,—,Миграция,REDIRECT: /seo-prodvizhenie-sajtov-v-kazakhstane-zakazat-u-raskrutov,/seo-prodvizhenie-sajtov,,,,Миграционная запись,"нет, 301",не применяется,P1,Миграция/301,GSC/sitemap,REDIRECT,удалить ссылки на старый URL,
252,—,Миграция,REDIRECT: /seo-optimizaciya-i-prodvizhenie-sajtov-po-kazakhstanu-raskrutov,/seo-prodvizhenie-sajtov,,,,Миграционная запись,"нет, 301",не применяется,P1,Миграция/301,GSC/sitemap,REDIRECT,удалить ссылки на старый URL,
253,—,Миграция,REDIRECT: /seo-prodvizhenie-v-almaty-kak-uluchshit-polzovatelskij-opyt-na-sajte,/seo-prodvizhenie-v-almaty-polnyj-gid-dlya-biznesa,,,,Миграционная запись,"нет, 301",не применяется,P2,Миграция/301,GSC/sitemap,REDIRECT,удалить ссылки на старый URL,
254,—,Миграция,REDIRECT: /prodvizhenie-sajtov-v-almaty-lokalnye-metody-dlya-uvelicheniya-trafika,/seo-prodvizhenie-v-almaty-polnyj-gid-dlya-biznesa,,,,Миграционная запись,"нет, 301",не применяется,P2,Миграция/301,GSC/sitemap,REDIRECT,удалить ссылки на старый URL,
255,—,Миграция,REDIRECT: /preimuschestva-kompanii,/o-kompanii,,,,Миграционная запись,"нет, 301",не применяется,P2,Миграция/301,GSC/sitemap,REDIRECT,удалить ссылки на старый URL,
256,—,Миграция,REDIRECT: /web-studiya/sozdanie-saitov,/sozdanie-saitov,,,,Миграционная запись,"нет, 301",не применяется,P2,Миграция/301,GSC/sitemap,REDIRECT,удалить ссылки на старый URL,
257,—,Миграция,REDIRECT: /usloviya-sotrudnichestva,/partneram,,,,Миграционная запись,"нет, 301",не применяется,P2,Миграция/301,GSC/sitemap,REDIRECT,удалить ссылки на старый URL,
258,—,Миграция,REDIRECT: /contextnaya-reklama-google-i-yandex,/web-studiya/kontekstnaya-reklama,,,,Миграционная запись,"нет, 301",не применяется,P2,Миграция/301,GSC/sitemap,REDIRECT,удалить ссылки на старый URL,
259,—,Миграция,REDIRECT: /sozdanie-saitov-v-Penropavlovske,/sozdanie-saitov-v-Petropavlovske,,,,Миграционная запись,"нет, 301",не применяется,P1,Миграция/301,GSC/sitemap,REDIRECT,удалить ссылки на старый URL,
260,—,Миграция,REDIRECT: /sozdanie-sajtov-v-kazakhstane-kak-vybrat-podryadchika-dlya-vashego-proekta,/sozdanie-saitov,,,,Миграционная запись,"нет, 301",не применяется,P2,Миграция/301,GSC/sitemap,REDIRECT,удалить ссылки на старый URL,
261,—,Миграция,REDIRECT: /sozdanie-sajtov-v-astane-pochemu-ehto-vazhno-dlya-vashego-biznesa,/sozdanie-saitov-v-astane,,,,Миграционная запись,"нет, 301",не применяется,P3,Миграция/301,GSC/sitemap,REDIRECT,удалить ссылки на старый URL,
262,—,Миграция,REDIRECT: /kejsy,/keysy,,,,Миграционная запись,"нет, 301",не применяется,P3,Миграция/301,GSC/sitemap,REDIRECT,удалить ссылки на старый URL,
263,—,Миграция,REDIRECT: /samyi-svezhiy-blog-o-sozdanii-i-prodvizhenii-saytov-v-petropavlovske-2025,/sozdanie-saitov-v-Petropavlovske,,,,Миграционная запись,"нет, 301",не применяется,P1,Миграция/301,GSC/sitemap,REDIRECT,удалить ссылки на старый URL,
264,—,Миграция,REDIRECT: /prodvizhenie-sajtov-v-astane-kak-optimizirovat-kontent-dlya-poiskovykh-sistem,/seo-prodvizhenie-sajtov-v-astane,,,,Миграционная запись,"нет, 301",не применяется,P3,Миграция/301,GSC/sitemap,REDIRECT,удалить ссылки на старый URL,
265,—,Миграция,REDIRECT: /partnership,/partneram,,,,Миграционная запись,"нет, 301",не применяется,P3,Миграция/301,GSC/sitemap,REDIRECT,удалить ссылки на старый URL,
266,—,Миграция,REDIRECT: /zakazat-sozdanie-sajtov-v-kazakhstane-veb-studiya-raskrutov,/sozdanie-saitov,,,,Миграционная запись,"нет, 301",не применяется,P3,Миграция/301,GSC/sitemap,REDIRECT,удалить ссылки на старый URL,
267,—,Миграция,REDIRECT: /sozdanie-sajtov-v-kazakhstane-pochemu-adaptivnyj-dizajn-ehto-neobkhodimost,/sozdanie-saitov,,,,Миграционная запись,"нет, 301",не применяется,P3,Миграция/301,GSC/sitemap,REDIRECT,удалить ссылки на старый URL,
268,—,Миграция,REDIRECT: /ehffektivnoe-seo-prodvizhenie-sajtov-v-petropavlovske-raskrutov,/seo-prodvizhenie-sajtov-v-petropavlovske,,,,Миграционная запись,"нет, 301",не применяется,P3,Миграция/301,GSC/sitemap,REDIRECT,удалить ссылки на старый URL,
269,—,Миграция,REDIRECT: /kontakty,/kontakti,,,,Миграционная запись,"нет, 301",не применяется,P3,Миграция/301,GSC/sitemap,REDIRECT,удалить ссылки на старый URL,
270,—,Миграция,REDIRECT: /kak-seo-prodvizhenie-pomogaet-uvelichit-trafik-na-sajt,/seo-prodvizhenie-sajtov,,,,Миграционная запись,"нет, 301",не применяется,P3,Миграция/301,GSC/sitemap,REDIRECT,удалить ссылки на старый URL,
271,—,Миграция,REDIRECT: /prodvizhenie-korporativnykh-sajtov-v-kazakhstane-raskrutov,/web-studiya/sozdanie-saitov/korporativnyy-sayt,,,,Миграционная запись,"нет, 301",не применяется,P3,Миграция/301,GSC/sitemap,REDIRECT,удалить ссылки на старый URL,
272,—,Миграция,REDIRECT: /razrabotka-sajtov-v-kazakhstane-zakazat-sajt-v-raskrutov,/sozdanie-saitov,,,,Миграционная запись,"нет, 301",не применяется,P3,Миграция/301,GSC/sitemap,REDIRECT,удалить ссылки на старый URL,
273,—,Миграция,REDIRECT: /prodvizhenie-sajtov-v-gorodakh-kazakhstana-zakazat-v-raskrutov,/seo-prodvizhenie-sajtov,,,,Миграционная запись,"нет, 301",не применяется,P3,Миграция/301,GSC/sitemap,REDIRECT,удалить ссылки на старый URL,
274,—,Миграция,REDIRECT: /sozdanie-sajtov-dlya-malogo-biznesa-v-petropavlovske-raskrutov,/sozdanie-saitov-v-Petropavlovske,,,,Миграционная запись,"нет, 301",не применяется,P3,Миграция/301,GSC/sitemap,REDIRECT,удалить ссылки на старый URL,
275,—,Миграция,REDIRECT: /zakazat-sajt-dlya-biznesa-v-petropavlovske-studiya-raskrutov,/sozdanie-saitov-v-Petropavlovske,,,,Миграционная запись,"нет, 301",не применяется,P3,Миграция/301,GSC/sitemap,REDIRECT,удалить ссылки на старый URL,
276,—,Миграция,REDIRECT: /-sozdanie-sajtov-v-petropavlovske-zakazat-sajt-v-raskrutov,/sozdanie-saitov-v-Petropavlovske,,,,Миграционная запись,"нет, 301",не применяется,P3,Миграция/301,GSC/sitemap,REDIRECT,удалить ссылки на старый URL,
277,—,Миграция,REDIRECT: /prodvizhenie-sajtov-v-petropavlovske-kak-ispolzovat-socialnye-seti-dlya-uvelicheniya-trafika,/seo-prodvizhenie-sajtov-v-petropavlovske,,,,Миграционная запись,"нет, 301",не применяется,P3,Миграция/301,GSC/sitemap,REDIRECT,удалить ссылки на старый URL,
278,—,Миграция,REDIRECT: /kupit-gotovyj-sajt-v-petropavlovske-veb-studiya-raskrutov,/sozdanie-saitov-v-Petropavlovske,,,,Миграционная запись,"нет, 301",не применяется,P3,Миграция/301,GSC/sitemap,REDIRECT,удалить ссылки на старый URL,
279,—,Миграция,REDIRECT: /sozdanie-sajtov-pod-klyuch-v-petropavlovske-studiya-raskrutov,/sozdanie-saitov-v-Petropavlovske,,,,Миграционная запись,"нет, 301",не применяется,P3,Миграция/301,GSC/sitemap,REDIRECT,удалить ссылки на старый URL,
280,—,Миграция,REDIRECT: /sozdanie-sajtov-v-almaty-kak-vybrat-podkhodyashchuyu-cms-dlya-vashego-proekta,/sozdanie-sajtov-v-kazakhstane-kak-vybrat-podkhodyashchuyu-platformu,,,,Миграционная запись,"нет, 301",не применяется,P1,Миграция/301,GSC/sitemap,REDIRECT,удалить ссылки на старый URL,
281,—,Миграция,REDIRECT: /prodvizhenie-sajtov-v-petropavlovske-i-sko-zakazat-v-raskrutov,/seo-prodvizhenie-sajtov-v-petropavlovske,,,,Миграционная запись,"нет, 301",не применяется,P3,Миграция/301,GSC/sitemap,REDIRECT,удалить ссылки на старый URL,
282,—,Миграция,REDIRECT: /sozdanie-sajtov-v-almaty-osobennosti-i-preimushchestva,/sozdanie-saitov-v-almaty,,,,Миграционная запись,"нет, 301",не применяется,P3,Миграция/301,GSC/sitemap,REDIRECT,удалить ссылки на старый URL,
283,—,Миграция,REDIRECT: /veb-studiya-v-petropavlovske-zakazat-sajt-v-raskrutov,/sozdanie-saitov-v-Petropavlovske,,,,Миграционная запись,"нет, 301",не применяется,P3,Миграция/301,GSC/sitemap,REDIRECT,удалить ссылки на старый URL,
284,—,Миграция,REDIRECT: /obsluzhivanie-sajtov-v-kazakhstane-zakazat-v-studii-raskrutov,/web-studiya/podderzhka-saytov,,,,Миграционная запись,"нет, 301",не применяется,P3,Миграция/301,GSC/sitemap,REDIRECT,удалить ссылки на старый URL,
285,—,Миграция,REDIRECT: /razrabotka-korporativnykh-sajtov-v-kazakhstane-raskrutov,/web-studiya/sozdanie-saitov/korporativnyy-sayt,,,,Миграционная запись,"нет, 301",не применяется,P3,Миграция/301,GSC/sitemap,REDIRECT,удалить ссылки на старый URL,
286,—,Миграция,REDIRECT: /sozdanie-sajtov-v-kazakhstane-kak-obespechit-bezopasnost-i-zashchitu-dannykh,/sozdanie-saitov,,,,Миграционная запись,"нет, 301",не применяется,P3,Миграция/301,GSC/sitemap,REDIRECT,удалить ссылки на старый URL,
287,—,Миграция,REDIRECT: /zakazat-sajt-dlya-prodvizheniya-biznesa-v-kazakhstane-raskrutov,/sozdanie-saitov,,,,Миграционная запись,"нет, 301",не применяется,P3,Миграция/301,GSC/sitemap,REDIRECT,удалить ссылки на старый URL,
288,—,Миграция,REDIRECT: /zakazat-sozdanie-internet-magazina-v-petropavlovske-raskrutov,/web-studiya/sozdanie-saitov/internet-magazin,,,,Миграционная запись,"нет, 301",не применяется,P3,Миграция/301,GSC/sitemap,REDIRECT,удалить ссылки на старый URL,
289,—,Миграция,REDIRECT: /Kak-Raskrutov-pomagaet-vashemu-biznesu-cherez-sozdanie-saitov,/sozdanie-saitov,,,,Миграционная запись,"нет, 301",не применяется,P3,Миграция/301,GSC/sitemap,REDIRECT,удалить ссылки на старый URL,
290,—,Миграция,REDIRECT: /prodvizhenie-sajta-v-google-i-yandeks-v-petropavlovske-raskrutov,/seo-prodvizhenie-sajtov-v-petropavlovske,,,,Миграционная запись,"нет, 301",не применяется,P3,Миграция/301,GSC/sitemap,REDIRECT,удалить ссылки на старый URL,
291,—,Миграция,REDIRECT: /razrabotka-i-prodvizhenie-sajtov-v-sko-zakazat-v-raskrutov,/seo-prodvizhenie-sajtov,,,,Миграционная запись,"нет, 301",не применяется,P3,Миграция/301,GSC/sitemap,REDIRECT,удалить ссылки на старый URL,
292,—,Миграция,REDIRECT: /razrabotka-lendingov-v-petropavlovske-zakazat-v-raskrutov,/web-studiya/sozdanie-saitov/landing,,,,Миграционная запись,"нет, 301",не применяется,P3,Миграция/301,GSC/sitemap,REDIRECT,удалить ссылки на старый URL,
293,—,Миграция,REDIRECT: /sozdanie-sajtov-v-petropavlovske-kupit-sajt-v-raskrutov,/sozdanie-saitov-v-Petropavlovske,,,,Миграционная запись,"нет, 301",не применяется,P3,Миграция/301,GSC/sitemap,REDIRECT,удалить ссылки на старый URL,
294,—,Миграция,REDIRECT: /SEO-optimizaciya-s-Raskrutov-Vash-sait-na-vershine-poiskovyh-sistem,/seo-prodvizhenie-sajtov,,,,Миграционная запись,"нет, 301",не применяется,P3,Миграция/301,GSC/sitemap,REDIRECT,удалить ссылки на старый URL,
295,—,Миграция,REDIRECT: /kupit-nedorogoj-sajt-v-petropavlovske-raskrutov,/sozdanie-saitov-v-Petropavlovske,,,,Миграционная запись,"нет, 301",не применяется,P3,Миграция/301,GSC/sitemap,REDIRECT,удалить ссылки на старый URL,
296,—,Миграция,REDIRECT: /prodvizhenie-sajtov-v-petropavlovske-kak-uluchshit-vidimost-v-poiskovykh-sistemakh,/seo-prodvizhenie-sajtov-v-petropavlovske,,,,Миграционная запись,"нет, 301",не применяется,P3,Миграция/301,GSC/sitemap,REDIRECT,удалить ссылки на старый URL,
297,—,Миграция,REDIRECT: /prodvizhenie-sajtov-v-petropavlovske-kak-vyvesti-sajt-v-top,/seo-prodvizhenie-sajtov-v-petropavlovske,,,,Миграционная запись,"нет, 301",не применяется,P3,Миграция/301,GSC/sitemap,REDIRECT,удалить ссылки на старый URL,
298,—,Миграция,REDIRECT: /professionalnoe-sozdanie-i-obsluzhivanie-sajtov-v-kazakhstane,/web-studiya/podderzhka-saytov,,,,Миграционная запись,"нет, 301",не применяется,P3,Миграция/301,GSC/sitemap,REDIRECT,удалить ссылки на старый URL,
299,—,Миграция,REDIRECT: /sozdanie-i-raskrutka-internet-magazinov-v-kazakhstane-raskrutov,/web-studiya/sozdanie-saitov/internet-magazin,,,,Миграционная запись,"нет, 301",не применяется,P3,Миграция/301,GSC/sitemap,REDIRECT,удалить ссылки на старый URL,
300,—,Миграция,REDIRECT: /sozdanie-sajtov-dlya-uslug-v-petropavlovske-veb-studiya-raskrutov,/sozdanie-saitov-v-Petropavlovske,,,,Миграционная запись,"нет, 301",не применяется,P3,Миграция/301,GSC/sitemap,REDIRECT,удалить ссылки на старый URL,
301,—,Миграция,REDIRECT: /sozdanie-sajtov-v-astane-tendencii-i-innovacii-2024-goda,/sozdanie-saitov-v-astane,,,,Миграционная запись,"нет, 301",не применяется,P3,Миграция/301,GSC/sitemap,REDIRECT,удалить ссылки на старый URL,
302,—,Миграция,REDIRECT: /sozdanie-sajtov-v-kazakhstane-s-garantiej-prodvizheniya-raskrutov,/sozdanie-saitov,,,,Миграционная запись,"нет, 301",не применяется,P3,Миграция/301,GSC/sitemap,REDIRECT,удалить ссылки на старый URL,
303,—,Миграция,REDIRECT: /sozdanie-sajtov-v-kazakhstane-sovremennye-tendencii-i-luchshie-praktiki,/sozdanie-saitov,,,,Миграционная запись,"нет, 301",не применяется,P3,Миграция/301,GSC/sitemap,REDIRECT,удалить ссылки на старый URL,
304,—,Миграция,REDIRECT: /sozdanie-sajtov-v-petropavlovske-zakazat-sajt-v-raskrutov,/sozdanie-saitov-v-Petropavlovske,,,,Миграционная запись,"нет, 301",не применяется,P3,Миграция/301,GSC/sitemap,REDIRECT,удалить ссылки на старый URL,
305,—,Миграция,REDIRECT: /zakazat-sajt-vizitku-v-petropavlovske-studiya-raskrutov,/web-studiya/sozdanie-saitov/sayt-vizitka,,,,Миграционная запись,"нет, 301",не применяется,P3,Миграция/301,GSC/sitemap,REDIRECT,удалить ссылки на старый URL,
306,—,Миграция,REDIRECT: /o-kompanii/o-nas,/about-us,,,,Миграционная запись,"нет, 301",не применяется,P3,Миграция/301,GSC/sitemap,REDIRECT,удалить ссылки на старый URL,
307,—,Миграция,REDIRECT: /web-studiya/seo-prodvizhenie,/seo-prodvizhenie-sajtov,,,,Миграционная запись,"нет, 301",не применяется,P3,Миграция/301,GSC/sitemap,REDIRECT,удалить ссылки на старый URL,
308,—,Миграция,MERGE: /faq/aeo,/web-studiya/aeo-geo-prodvizhenie,,,,Миграционная запись,не создавать отдельный URL,не применяется,P2,Миграция/301,Старая SEO-карта (не опубликовано),MERGE,удалить ссылки на старый URL,
309,—,Миграция,MERGE: /faq/akademiya,/akademiya,,,,Миграционная запись,не создавать отдельный URL,не применяется,P2,Миграция/301,Старая SEO-карта (не опубликовано),MERGE,удалить ссылки на старый URL,
310,—,Миграция,MERGE: /faq/crm,/crm,,,,Миграционная запись,не создавать отдельный URL,не применяется,P2,Миграция/301,Старая SEO-карта (не опубликовано),MERGE,удалить ссылки на старый URL,
311,—,Миграция,MERGE: /faq/partnerstvo,/partneram,,,,Миграционная запись,не создавать отдельный URL,не применяется,P2,Миграция/301,Старая SEO-карта (не опубликовано),MERGE,удалить ссылки на старый URL,
312,—,Миграция,MERGE: /faq/sayty,/sozdanie-saitov,,,,Миграционная запись,не создавать отдельный URL,не применяется,P2,Миграция/301,Старая SEO-карта (не опубликовано),MERGE,удалить ссылки на старый URL,
313,—,Миграция,MERGE: /faq/seo,/seo-prodvizhenie-sajtov,,,,Миграционная запись,не создавать отдельный URL,не применяется,P2,Миграция/301,Старая SEO-карта (не опубликовано),MERGE,удалить ссылки на старый URL,
314,—,Миграция,MERGE: /web-studiya/sozdanie-saitov/crm-sistemy,/crm/vnedrenie-crm,,,,Миграционная запись,не создавать отдельный URL,не применяется,P2,Миграция/301,Старая SEO-карта (не опубликовано),MERGE,удалить ссылки на старый URL,
315,—,Миграция,MERGE: /web-studiya/sozdanie-saitov/obsluzhivanie-saytov,/web-studiya/podderzhka-saytov,,,,Миграционная запись,не создавать отдельный URL,не применяется,P2,Миграция/301,Старая SEO-карта (не опубликовано),MERGE,удалить ссылки на старый URL,
316,—,Миграция,NOINDEX: /targetnaya-reklama-instagram,/targetnaya-reklama-instagram,,,,Миграционная запись,"noindex, follow",не применяется,P1,Техническая настройка,GSC/sitemap,NOINDEX,удалить ссылки на старый URL,
317,—,Миграция,NOINDEX: /uslugi-po-sozdaniyu-i-prodvizheniyu-sajtov-v-kazakhstane-ot-kompanii-raskrutov,/uslugi-po-sozdaniyu-i-prodvizheniyu-sajtov-v-kazakhstane-ot-kompanii-raskrutov,,,,Миграционная запись,"noindex, follow",не применяется,P2,Техническая настройка,GSC/sitemap,NOINDEX,удалить ссылки на старый URL,
318,—,Миграция,NOINDEX: /targetnaya-reklama,/targetnaya-reklama,,,,Миграционная запись,"noindex, follow",не применяется,P2,Техническая настройка,GSC/sitemap,NOINDEX,удалить ссылки на старый URL,
319,—,Миграция,NOINDEX: /videoroliki-dlya-biznesa,/videoroliki-dlya-biznesa,,,,Миграционная запись,"noindex, follow",не применяется,P2,Техническая настройка,GSC/sitemap,NOINDEX,удалить ссылки на старый URL,
320,—,Миграция,NOINDEX: /uslugi-instagram,/uslugi-instagram,,,,Миграционная запись,"noindex, follow",не применяется,P2,Техническая настройка,GSC/sitemap,NOINDEX,удалить ссылки на старый URL,
321,—,Миграция,NOINDEX: /preimushchestva-sozdaniya-sajtov-v-kazakhstane,/preimushchestva-sozdaniya-sajtov-v-kazakhstane,,,,Миграционная запись,"noindex, follow",не применяется,P2,Техническая настройка,GSC/sitemap,NOINDEX,удалить ссылки на старый URL,
322,—,Миграция,NOINDEX: /vebinarnie-meropriyatiya,/vebinarnie-meropriyatiya,,,,Миграционная запись,"noindex, follow",не применяется,P3,Техническая настройка,GSC/sitemap,NOINDEX,удалить ссылки на старый URL,
323,—,Миграция,NOINDEX: /kak-vybrat-kompaniyu-dlya-sozdaniya-i-prodvizheniya-sajta,/kak-vybrat-kompaniyu-dlya-sozdaniya-i-prodvizheniya-sajta,,,,Миграционная запись,"noindex, follow",не применяется,P3,Техническая настройка,GSC/sitemap,NOINDEX,удалить ссылки на старый URL,
324,—,Миграция,NOINDEX: /Preimushestva-sozdaniya-saitov-s-Raskrutov,/Preimushestva-sozdaniya-saitov-s-Raskrutov,,,,Миграционная запись,"noindex, follow",не применяется,P3,Техническая настройка,GSC/sitemap,NOINDEX,удалить ссылки на старый URL,
325,—,Миграция,NOINDEX: /Sozdaite-uspeshnyi-sait-s-Raskrutov-Put-k-uvelicheniyu-prodazh,/Sozdaite-uspeshnyi-sait-s-Raskrutov-Put-k-uvelicheniyu-prodazh,,,,Миграционная запись,"noindex, follow",не применяется,P3,Техническая настройка,GSC/sitemap,NOINDEX,удалить ссылки на старый URL,
326,—,Миграция,REMOVE: /arenda-kvartir-v-petropavlovske,,,,,Миграционная запись,нет; удалить/410 после проверки,не применяется,P1,Удаление/410,GSC/sitemap,REMOVE,удалить ссылки на старый URL,
327,—,Миграция,REMOVE: /page74,,,,,Миграционная запись,нет; удалить/410 после проверки,не применяется,P2,Удаление/410,GSC/sitemap,REMOVE,удалить ссылки на старый URL,
328,—,Миграция,REMOVE: /optovye-postavki-svarochnykh-materialov,,,,,Миграционная запись,нет; удалить/410 после проверки,не применяется,P2,Удаление/410,GSC/sitemap,REMOVE,удалить ссылки на старый URL,
329,—,Миграция,REMOVE: /soundtrack,,,,,Миграционная запись,нет; удалить/410 после проверки,не применяется,P3,Удаление/410,GSC/sitemap,REMOVE,удалить ссылки на старый URL,
330,—,Миграция,REMOVE: /page84,,,,,Миграционная запись,нет; удалить/410 после проверки,не применяется,P3,Удаление/410,GSC/sitemap,REMOVE,удалить ссылки на старый URL,
