Страница или кластер;Что было;Что предлагается;Тип изменения;Причина;Влияние на текущий URL;Необходимость редиректа;SEO-риск;Приоритет
/prodvizhenie-sajtov-v-kazakhstane-ehffektivnye-strategii-dlya-vashego-biznesa;Старый URL (GSC/sitemap);/strategii-prodvizheniya-sajtov-v-kazakhstane;REDIRECT;Несколько близких статей объединяются в один evergreen-материал.;301 на /strategii-prodvizheniya-sajtov-v-kazakhstane;Да;Средний: проверить перенос контента и релевантность;P1
/samyi-svezhiy-blog-o-sozdanii-i-prodvizhenii-saytov-v-astane-2025-;Старый URL (GSC/sitemap);/sozdanie-saitov-v-astane;REDIRECT;"Устаревшая статья пересекается с коммерческой геостраницей; переносим полезный контент в неё.";301 на /sozdanie-saitov-v-astane;Да;Средний: проверить перенос контента и релевантность;P1
/samyi-svezhiy-blog-o-sozdanii-i-prodvizhenii-saytov-v-petropavlovske-2025;Старый URL (GSC/sitemap);/sozdanie-saitov-v-Petropavlovske;REDIRECT;Консолидация слабой страницы с локальной коммерческой страницей.;301 на /sozdanie-saitov-v-Petropavlovske;Да;Средний: проверить перенос контента и релевантность;P1
/seo-optimizaciya-i-prodvizhenie-sajtov-po-kazakhstanu-raskrutov;Старый URL (GSC/sitemap);/seo-prodvizhenie-sajtov;REDIRECT;Общий коммерческий SEO-интент консолидируется на основной услуге.;301 на /seo-prodvizhenie-sajtov;Да;Средний: проверить перенос контента и релевантность;P1
/seo-prodvizhenie-sajtov-v-kazakhstane-aktualnye-trendy-i-strategii-2024-goda;Старый URL (GSC/sitemap);/strategii-prodvizheniya-sajtov-v-kazakhstane;REDIRECT;Несколько близких статей объединяются в один evergreen-материал.;301 на /strategii-prodvizheniya-sajtov-v-kazakhstane;Да;Средний: проверить перенос контента и релевантность;P1
/seo-prodvizhenie-sajtov-v-kazakhstane-klyuchevye-strategii-dlya-uspekha;Старый URL (GSC/sitemap);/strategii-prodvizheniya-sajtov-v-kazakhstane;REDIRECT;Несколько близких статей объединяются в один evergreen-материал.;301 на /strategii-prodvizheniya-sajtov-v-kazakhstane;Да;Средний: проверить перенос контента и релевантность;P1
/seo-prodvizhenie-sajtov-v-kazakhstane-zakazat-u-raskrutov;Старый URL (GSC/sitemap);/seo-prodvizhenie-sajtov;REDIRECT;Коммерческий SEO-интент объединяется с основной услугой, а не с информационной статьёй.;301 на /seo-prodvizhenie-sajtov;Да;Средний: проверить перенос контента и релевантность;P1
/sozdanie-saitov-v-Penropavlovske;Старый URL (GSC/sitemap);/sozdanie-saitov-v-Petropavlovske;REDIRECT;Консолидация дубля в выбранный канонический URL.;301 на /sozdanie-saitov-v-Petropavlovske;Да;Средний: проверить перенос контента и релевантность;P1
/sozdanie-sajtov-v-almaty-kak-vybrat-podkhodyashchuyu-cms-dlya-vashego-proekta;Старый URL (GSC/sitemap);/sozdanie-sajtov-v-kazakhstane-kak-vybrat-podkhodyashchuyu-platformu;REDIRECT;Материал о CMS объединяется с evergreen-статьёй о выборе платформы.;301 на /sozdanie-sajtov-v-kazakhstane-kak-vybrat-podkhodyashchuyu-platformu;Да;Средний: проверить перенос контента и релевантность;P1
AEO-продвижение;/web-studiya/aeo-prodvizhenie;/web-studiya/aeo-geo-prodvizhenie;UPDATE;Сохраняем уже опубликованный URL /web-studiya/aeo-geo-prodvizhenie.;Новая страница;Да, если старый URL опубликован;Средний;P1
CRM и автоматизация;/crm;/crm;UPDATE;Отдельный интент или стратегическая страница отсутствует в опубликованной структуре.;Новая страница;Нет;Низкий;P1
SEO-продвижение;/web-studiya/seo-prodvizhenie;/seo-prodvizhenie-sajtov;UPDATE;Сохраняем /seo-prodvizhenie-sajtov: это самый заметный legacy-URL по данным GSC. Вложенный дубль консолидируется 301-редиректом.;Старый индексируемый URL сохраняется;Да, если старый URL опубликован;Средний;P1
Контакты Raskrutov;/kontakty;/kontakti;UPDATE;"Сохраняем /kontakti с кликами и сильными позициями; /kontakty перенаправляем.";Старый индексируемый URL сохраняется;Да, если старый URL опубликован;Средний;P1
Создание интернет-магазинов;/web-studiya/sozdanie-saitov/internet-magazin;/web-studiya/sozdanie-saitov/internet-magazin;UPDATE;Отдельный интент или стратегическая страница отсутствует в опубликованной структуре.;Новая страница;Нет;Низкий;P1
Создание корпоративного сайта;/web-studiya/sozdanie-saitov/korporativnyy-sayt;/web-studiya/sozdanie-saitov/korporativnyy-sayt;UPDATE;Отдельный интент или стратегическая страница отсутствует в опубликованной структуре.;Новая страница;Нет;Низкий;P1
Создание многостраничных сайтов;/web-studiya/sozdanie-saitov/mnogostranichnye-sayty;/web-studiya/sozdanie-saitov/mnogostranichnye-sayty;UPDATE;Отдельный интент или стратегическая страница отсутствует в опубликованной структуре.;Новая страница;Нет;Низкий;P1
Создание сайтов;/web-studiya/sozdanie-saitov;/sozdanie-saitov;UPDATE;Сохраняем legacy-URL /sozdanie-saitov: у него есть показы и клики GSC. Новый вложенный дубль должен вести на него напрямую.;Старый индексируемый URL сохраняется;Да, если старый URL опубликован;Средний;P1
Политика конфиденциальности;Страницы не было в старой карте;/politika-konfidencialnosti;NEW;"Обязательная служебная страница; поисковый спрос не является основанием создания.";Новая страница;Нет;Низкий;P1
Публичная оферта;Страницы не было в старой карте;/publichnaya-oferta;NEW;"Обязательная служебная страница; поисковый спрос не является основанием создания.";Новая страница;Нет;Низкий;P1
Согласие на обработку персональных данных;Страницы не было в старой карте;/soglasie-na-obrabotku-personalnyh-dannyh;NEW;"Обязательная служебная страница; поисковый спрос не является основанием создания.";Новая страница;Нет;Низкий;P1
/arenda-kvartir-v-petropavlovske;Старый URL (GSC/sitemap);Удалить / закрыть от индексации;REMOVE;"Нерелевантная страница не относится к услугам Raskrutov; редирект на услугу был бы нерелевантным.";URL перестаёт индексироваться;Нет;"Высокий при наличии внешних ссылок; проверить перед удалением";P1
/targetnaya-reklama-instagram;Старый URL (GSC/sitemap);/targetnaya-reklama-instagram;NOINDEX;"Направление не подтверждено в текущем перечне услуг; оставить до ручного решения без индексации.";URL перестаёт индексироваться;Нет;Средний: решение требует ручной проверки;P1
/contextnaya-reklama-google-i-yandex;Старый URL (GSC/sitemap);/web-studiya/kontekstnaya-reklama;REDIRECT;Консолидация дубля в выбранный канонический URL.;301 на /web-studiya/kontekstnaya-reklama;Да;Средний: проверить перенос контента и релевантность;P2
/preimuschestva-kompanii;Старый URL (GSC/sitemap);/o-kompanii;REDIRECT;Консолидация дубля в выбранный канонический URL.;301 на /o-kompanii;Да;Средний: проверить перенос контента и релевантность;P2
/prodvizhenie-sajtov-v-almaty-lokalnye-metody-dlya-uvelicheniya-trafika;Старый URL (GSC/sitemap);/seo-prodvizhenie-v-almaty-polnyj-gid-dlya-biznesa;REDIRECT;Дубли информационного интента объединяются с наиболее заметным URL.;301 на /seo-prodvizhenie-v-almaty-polnyj-gid-dlya-biznesa;Да;Средний: проверить перенос контента и релевантность;P2
/seo-prodvizhenie-v-almaty-kak-uluchshit-polzovatelskij-opyt-na-sajte;Старый URL (GSC/sitemap);/seo-prodvizhenie-v-almaty-polnyj-gid-dlya-biznesa;REDIRECT;Дубли информационного интента объединяются с наиболее заметным URL.;301 на /seo-prodvizhenie-v-almaty-polnyj-gid-dlya-biznesa;Да;Средний: проверить перенос контента и релевантность;P2
/sozdanie-sajtov-v-kazakhstane-kak-vybrat-podryadchika-dlya-vashego-proekta;Старый URL (GSC/sitemap);/sozdanie-saitov;REDIRECT;Слабые дубли коммерческого интента объединяются с основной услугой.;301 на /sozdanie-saitov;Да;Средний: проверить перенос контента и релевантность;P2
/usloviya-sotrudnichestva;Старый URL (GSC/sitemap);/partneram;REDIRECT;Консолидация дубля в выбранный канонический URL.;301 на /partneram;Да;Средний: проверить перенос контента и релевантность;P2
/web-studiya/sozdanie-saitov;Старый URL (GSC/sitemap);/sozdanie-saitov;REDIRECT;Консолидация дубля в выбранный канонический URL.;301 на /sozdanie-saitov;Да;Средний: проверить перенос контента и релевантность;P2
AI R-Builder;/r-builder/ai-r-builder;/r-builder/ai-r-builder;UPDATE;Отдельный интент или стратегическая страница отсутствует в опубликованной структуре.;Новая страница;Нет;Низкий;P2
R-Builder для бизнеса;/r-builder/dlya-biznesa;/r-builder/dlya-biznesa;UPDATE;Отдельный интент или стратегическая страница отсутствует в опубликованной структуре.;Новая страница;Нет;Низкий;P2
Автоматизация продаж;/crm/avtomatizatsiya-prodazh;/crm/avtomatizatsiya-prodazh;UPDATE;Отдельный интент или стратегическая страница отсутствует в опубликованной структуре.;Новая страница;Нет;Низкий;P2
Внедрение AI-консультантов;/web-studiya/sozdanie-saitov/ai-konsultanty;/web-studiya/sozdanie-saitov/ai-konsultanty;UPDATE;Отдельный интент или стратегическая страница отсутствует в опубликованной структуре.;Новая страница;Нет;Низкий;P2
Внедрение CRM;/crm/vnedrenie-crm;/crm/vnedrenie-crm;UPDATE;Отдельный интент или стратегическая страница отсутствует в опубликованной структуре.;Новая страница;Нет;Низкий;P2
Возможности платформы;/r-builder/vozmozhnosti;/r-builder/vozmozhnosti;UPDATE;Отдельный интент или стратегическая страница отсутствует в опубликованной структуре.;Новая страница;Нет;Низкий;P2
Действующие партнёры;/partneram/deystvuyushchie-partnery;/partneram/deystvuyushchie-partnery;UPDATE;Отдельный интент или стратегическая страница отсутствует в опубликованной структуре.;Новая страница;Нет;Низкий;P2
Для рекламных агентств;/partneram/dlya-reklamnyh-agentstv;/partneram/dlya-reklamnyh-agentstv;UPDATE;Отдельный интент или стратегическая страница отсутствует в опубликованной структуре.;Новая страница;Нет;Низкий;P2
Интеграции;/web-studiya/sozdanie-saitov/integratsii;/web-studiya/sozdanie-saitov/integratsii;UPDATE;Отдельный интент или стратегическая страница отсутствует в опубликованной структуре.;Новая страница;Нет;Низкий;P2
Интеграция с CRM;/crm/integratsiya-s-crm;/crm/integratsiya-s-crm;UPDATE;Отдельный интент или стратегическая страница отсутствует в опубликованной структуре.;Новая страница;Нет;Низкий;P2
Кейсы: CRM;/keysy/crm;/keysy/crm;UPDATE;Отдельный интент или стратегическая страница отсутствует в опубликованной структуре.;Новая страница;Нет;Низкий;P2
Кейсы: Академия;/keysy/akademiya;/keysy/akademiya;UPDATE;Отдельный интент или стратегическая страница отсутствует в опубликованной структуре.;Новая страница;Нет;Низкий;P2
Кейсы: партнёры;/keysy/partnery;/keysy/partnery;UPDATE;Отдельный интент или стратегическая страница отсутствует в опубликованной структуре.;Новая страница;Нет;Низкий;P2
Контекстная реклама в Google;/web-studiya/kontekstnaya-reklama/google-ads;/contextnaya-reklama-google;UPDATE;"Сохраняем старый URL с данными GSC; новый адрес из карты не создаём как дубль.";Старый индексируемый URL сохраняется;Да, если старый URL опубликован;Средний;P2
Контекстная реклама в Яндекс;/web-studiya/kontekstnaya-reklama/yandex-direct;/contextnaya-reklama-yandex;UPDATE;"Сохраняем старый URL с кликами и показами GSC; вложенный адрес не нужен.";Старый индексируемый URL сохраняется;Да, если старый URL опубликован;Средний;P2
Корпоративное обучение;/akademiya/korporativnoe-obuchenie;/akademiya/korporativnoe-obuchenie;UPDATE;Отдельный интент или стратегическая страница отсутствует в опубликованной структуре.;Новая страница;Нет;Низкий;P2
Обучение R-Builder;/akademiya/obuchenie-r-builder;/akademiya/obuchenie-r-builder;UPDATE;Отдельный интент или стратегическая страница отсутствует в опубликованной структуре.;Новая страница;Нет;Низкий;P2
Обучение SEO и AEO;/akademiya/obuchenie-seo-aeo;/akademiya/obuchenie-seo-aeo;UPDATE;Отдельный интент или стратегическая страница отсутствует в опубликованной структуре.;Новая страница;Нет;Низкий;P2
Обучение созданию сайтов;/akademiya/obuchenie-sozdaniyu-saytov;/akademiya/obuchenie-sozdaniyu-saytov;UPDATE;Отдельный интент или стратегическая страница отсутствует в опубликованной структуре.;Новая страница;Нет;Низкий;P2
Пакеты партнёрства;/partneram/pakety-partnerstva;/partneram/pakety-partnerstva;UPDATE;Отдельный интент или стратегическая страница отсутствует в опубликованной структуре.;Новая страница;Нет;Низкий;P2
Партнёрская программа — франшиза;/partneram/franshiza;/partneram/franshiza;UPDATE;Отдельный интент или стратегическая страница отсутствует в опубликованной структуре.;Новая страница;Нет;Низкий;P2
Продвижение в Google;/web-studiya/seo-prodvizhenie/google;/web-studiya/seo-prodvizhenie/google;UPDATE;Отдельный интент или стратегическая страница отсутствует в опубликованной структуре.;Новая страница;Нет;Низкий;P2
Продвижение в Яндекс;/web-studiya/seo-prodvizhenie/yandex;/web-studiya/seo-prodvizhenie/yandex;UPDATE;Отдельный интент или стратегическая страница отсутствует в опубликованной структуре.;Новая страница;Нет;Низкий;P2
Разработка онлайн-калькуляторов;/web-studiya/sozdanie-saitov/onlayn-kalkulyatory;/web-studiya/sozdanie-saitov/onlayn-kalkulyatory;UPDATE;Отдельный интент или стратегическая страница отсутствует в опубликованной структуре.;Новая страница;Нет;Низкий;P2
Редизайн сайтов;/web-studiya/sozdanie-saitov/redizayn-sayta;/web-studiya/sozdanie-saitov/redizayn-sayta;UPDATE;Отдельный интент или стратегическая страница отсутствует в опубликованной структуре.;Новая страница;Нет;Низкий;P2
Создание онлайн-школ;/web-studiya/sozdanie-saitov/onlayn-shkola;/sozdanie-onlain-shkol-i-kursov;UPDATE;Сохраняем старый URL с кликами и показами GSC вместо создания второго адреса под тот же интент.;Старый индексируемый URL сохраняется;Да, если старый URL опубликован;Средний;P2
Создание сайта-визитки;/web-studiya/sozdanie-saitov/sayt-vizitka;/web-studiya/sozdanie-saitov/sayt-vizitka;UPDATE;Отдельный интент или стратегическая страница отсутствует в опубликованной структуре.;Новая страница;Нет;Низкий;P2
Что такое R-Builder;/r-builder/chto-takoe-r-builder;/r-builder/chto-takoe-r-builder;UPDATE;Отдельный интент или стратегическая страница отсутствует в опубликованной структуре.;Новая страница;Нет;Низкий;P2
/faq/aeo;Запланированная отдельная страница;"Не создавать; перенести блок в /web-studiya/aeo-geo-prodvizhenie";MERGE;FAQ следует встроить в AEO/GEO-страницу.;Нет: URL не найден в sitemap/GSC;Нет;Низкий;P2
/faq/akademiya;Запланированная отдельная страница;"Не создавать; перенести блок в /akademiya";MERGE;FAQ следует встроить в Академию.;Нет: URL не найден в sitemap/GSC;Нет;Низкий;P2
/faq/crm;Запланированная отдельная страница;"Не создавать; перенести блок в /crm";MERGE;FAQ следует встроить в CRM-хаб.;Нет: URL не найден в sitemap/GSC;Нет;Низкий;P2
/faq/partnerstvo;Запланированная отдельная страница;"Не создавать; перенести блок в /partneram";MERGE;FAQ следует встроить в партнёрский хаб.;Нет: URL не найден в sitemap/GSC;Нет;Низкий;P2
/faq/sayty;Запланированная отдельная страница;"Не создавать; перенести блок в /sozdanie-saitov";MERGE;"FAQ следует встроить в услуговую страницу; отдельная страница была бы тонким дублем.";Нет: URL не найден в sitemap/GSC;Нет;Низкий;P2
/faq/seo;Запланированная отдельная страница;"Не создавать; перенести блок в /seo-prodvizhenie-sajtov";MERGE;"FAQ следует встроить в SEO-страницу; отдельная страница была бы тонким дублем.";Нет: URL не найден в sitemap/GSC;Нет;Низкий;P2
/web-studiya/sozdanie-saitov/crm-sistemy;Запланированная отдельная страница;"Не создавать; перенести блок в /crm/vnedrenie-crm";MERGE;Внедрение CRM уже покрывается самостоятельным CRM-разделом.;Нет: URL не найден в sitemap/GSC;Нет;Низкий;P2
/web-studiya/sozdanie-saitov/obsluzhivanie-saytov;Запланированная отдельная страница;"Не создавать; перенести блок в /web-studiya/podderzhka-saytov";MERGE;Обслуживание и поддержка сайта — один коммерческий интент.;Нет: URL не найден в sitemap/GSC;Нет;Низкий;P2
/optovye-postavki-svarochnykh-materialov;Старый URL (GSC/sitemap);Удалить / закрыть от индексации;REMOVE;"Нерелевантная страница не относится к услугам Raskrutov; редирект на услугу был бы нерелевантным.";URL перестаёт индексироваться;Нет;"Высокий при наличии внешних ссылок; проверить перед удалением";P2
/page74;Старый URL (GSC/sitemap);Удалить / закрыть от индексации;REMOVE;Технический/временный URL без понятного назначения.;URL перестаёт индексироваться;Нет;"Высокий при наличии внешних ссылок; проверить перед удалением";P2
/preimushchestva-sozdaniya-sajtov-v-kazakhstane;Старый URL (GSC/sitemap);/preimushchestva-sozdaniya-sajtov-v-kazakhstane;NOINDEX;"Назначение не подтверждено автоматически; требуется ручная проверка контента.";URL перестаёт индексироваться;Нет;Средний: решение требует ручной проверки;P2
/targetnaya-reklama;Старый URL (GSC/sitemap);/targetnaya-reklama;NOINDEX;"Направление не подтверждено в текущем перечне услуг; оставить до ручного решения без индексации.";URL перестаёт индексироваться;Нет;Средний: решение требует ручной проверки;P2
/uslugi-instagram;Старый URL (GSC/sitemap);/uslugi-instagram;NOINDEX;"Направление не подтверждено в текущем перечне услуг; оставить до ручного решения без индексации.";URL перестаёт индексироваться;Нет;Средний: решение требует ручной проверки;P2
/uslugi-po-sozdaniyu-i-prodvizheniyu-sajtov-v-kazakhstane-ot-kompanii-raskrutov;Старый URL (GSC/sitemap);/uslugi-po-sozdaniyu-i-prodvizheniyu-sajtov-v-kazakhstane-ot-kompanii-raskrutov;NOINDEX;"Назначение не подтверждено автоматически; требуется ручная проверка контента.";URL перестаёт индексироваться;Нет;Средний: решение требует ручной проверки;P2
/videoroliki-dlya-biznesa;Старый URL (GSC/sitemap);/videoroliki-dlya-biznesa;NOINDEX;"Направление не подтверждено в текущем перечне услуг; оставить до ручного решения без индексации.";URL перестаёт индексироваться;Нет;Средний: решение требует ручной проверки;P2
/-sozdanie-sajtov-v-petropavlovske-zakazat-sajt-v-raskrutov;Старый URL (GSC/sitemap);/sozdanie-saitov-v-Petropavlovske;REDIRECT;Консолидация нескольких страниц под один локальный коммерческий интент.;301 на /sozdanie-saitov-v-Petropavlovske;Да;Средний: проверить перенос контента и релевантность;P3
/Kak-Raskrutov-pomagaet-vashemu-biznesu-cherez-sozdanie-saitov;Старый URL (GSC/sitemap);/sozdanie-saitov;REDIRECT;Общий коммерческий интент создания сайтов.;301 на /sozdanie-saitov;Да;Средний: проверить перенос контента и релевантность;P3
/SEO-optimizaciya-s-Raskrutov-Vash-sait-na-vershine-poiskovyh-sistem;Старый URL (GSC/sitemap);/seo-prodvizhenie-sajtov;REDIRECT;Общий коммерческий SEO-интент консолидируется на основной услуге.;301 на /seo-prodvizhenie-sajtov;Да;Средний: проверить перенос контента и релевантность;P3
/ehffektivnoe-seo-prodvizhenie-sajtov-v-petropavlovske-raskrutov;Старый URL (GSC/sitemap);/seo-prodvizhenie-sajtov-v-petropavlovske;REDIRECT;Коммерческие дубли объединяются с локальной SEO-страницей.;301 на /seo-prodvizhenie-sajtov-v-petropavlovske;Да;Средний: проверить перенос контента и релевантность;P3
/kak-seo-prodvizhenie-pomogaet-uvelichit-trafik-na-sajt;Старый URL (GSC/sitemap);/seo-prodvizhenie-sajtov;REDIRECT;Общий коммерческий SEO-интент консолидируется на основной услуге.;301 на /seo-prodvizhenie-sajtov;Да;Средний: проверить перенос контента и релевантность;P3
/kejsy;Старый URL (GSC/sitemap);/keysy;REDIRECT;Консолидация дубля в выбранный канонический URL.;301 на /keysy;Да;Средний: проверить перенос контента и релевантность;P3
/kontakty;Старый URL (GSC/sitemap);/kontakti;REDIRECT;Консолидация дубля в выбранный канонический URL.;301 на /kontakti;Да;Средний: проверить перенос контента и релевантность;P3
/kupit-gotovyj-sajt-v-petropavlovske-veb-studiya-raskrutov;Старый URL (GSC/sitemap);/sozdanie-saitov-v-Petropavlovske;REDIRECT;Локальный коммерческий интент создания сайтов объединяется с геостраницей Петропавловска.;301 на /sozdanie-saitov-v-Petropavlovske;Да;Средний: проверить перенос контента и релевантность;P3
/kupit-nedorogoj-sajt-v-petropavlovske-raskrutov;Старый URL (GSC/sitemap);/sozdanie-saitov-v-Petropavlovske;REDIRECT;Локальный коммерческий интент создания сайтов объединяется с геостраницей Петропавловска.;301 на /sozdanie-saitov-v-Petropavlovske;Да;Средний: проверить перенос контента и релевантность;P3
/o-kompanii/o-nas;Старый URL (GSC/sitemap);/about-us;REDIRECT;Консолидация дубля в выбранный канонический URL.;301 на /about-us;Да;Средний: проверить перенос контента и релевантность;P3
/obsluzhivanie-sajtov-v-kazakhstane-zakazat-v-studii-raskrutov;Старый URL (GSC/sitemap);/web-studiya/podderzhka-saytov;REDIRECT;Обслуживание и поддержка — один коммерческий интент.;301 на /web-studiya/podderzhka-saytov;Да;Средний: проверить перенос контента и релевантность;P3
/partnership;Старый URL (GSC/sitemap);/partneram;REDIRECT;Консолидация дубля в выбранный канонический URL.;301 на /partneram;Да;Средний: проверить перенос контента и релевантность;P3
/prodvizhenie-korporativnykh-sajtov-v-kazakhstane-raskrutov;Старый URL (GSC/sitemap);/web-studiya/sozdanie-saitov/korporativnyy-sayt;REDIRECT;Дубль услуги корпоративных сайтов.;301 на /web-studiya/sozdanie-saitov/korporativnyy-sayt;Да;Средний: проверить перенос контента и релевантность;P3
/prodvizhenie-sajta-v-google-i-yandeks-v-petropavlovske-raskrutov;Старый URL (GSC/sitemap);/seo-prodvizhenie-sajtov-v-petropavlovske;REDIRECT;Коммерческие дубли объединяются с локальной SEO-страницей.;301 на /seo-prodvizhenie-sajtov-v-petropavlovske;Да;Средний: проверить перенос контента и релевантность;P3
/prodvizhenie-sajtov-v-astane-kak-optimizirovat-kontent-dlya-poiskovykh-sistem;Старый URL (GSC/sitemap);/seo-prodvizhenie-sajtov-v-astane;REDIRECT;Материал об SEO в Астане объединяется с локальной SEO-страницей.;301 на /seo-prodvizhenie-sajtov-v-astane;Да;Средний: проверить перенос контента и релевантность;P3
/prodvizhenie-sajtov-v-gorodakh-kazakhstana-zakazat-v-raskrutov;Старый URL (GSC/sitemap);/seo-prodvizhenie-sajtov;REDIRECT;Общий коммерческий SEO-интент консолидируется на основной услуге.;301 на /seo-prodvizhenie-sajtov;Да;Средний: проверить перенос контента и релевантность;P3
/prodvizhenie-sajtov-v-petropavlovske-i-sko-zakazat-v-raskrutov;Старый URL (GSC/sitemap);/seo-prodvizhenie-sajtov-v-petropavlovske;REDIRECT;Коммерческие дубли объединяются с локальной SEO-страницей.;301 на /seo-prodvizhenie-sajtov-v-petropavlovske;Да;Средний: проверить перенос контента и релевантность;P3
/prodvizhenie-sajtov-v-petropavlovske-kak-ispolzovat-socialnye-seti-dlya-uvelicheniya-trafika;Старый URL (GSC/sitemap);/seo-prodvizhenie-sajtov-v-petropavlovske;REDIRECT;Коммерческие дубли объединяются с локальной SEO-страницей.;301 на /seo-prodvizhenie-sajtov-v-petropavlovske;Да;Средний: проверить перенос контента и релевантность;P3
/prodvizhenie-sajtov-v-petropavlovske-kak-uluchshit-vidimost-v-poiskovykh-sistemakh;Старый URL (GSC/sitemap);/seo-prodvizhenie-sajtov-v-petropavlovske;REDIRECT;Коммерческие дубли объединяются с локальной SEO-страницей.;301 на /seo-prodvizhenie-sajtov-v-petropavlovske;Да;Средний: проверить перенос контента и релевантность;P3
/prodvizhenie-sajtov-v-petropavlovske-kak-vyvesti-sajt-v-top;Старый URL (GSC/sitemap);/seo-prodvizhenie-sajtov-v-petropavlovske;REDIRECT;Коммерческие дубли объединяются с локальной SEO-страницей.;301 на /seo-prodvizhenie-sajtov-v-petropavlovske;Да;Средний: проверить перенос контента и релевантность;P3
/professionalnoe-sozdanie-i-obsluzhivanie-sajtov-v-kazakhstane;Старый URL (GSC/sitemap);/web-studiya/podderzhka-saytov;REDIRECT;Обслуживание и поддержка — один коммерческий интент.;301 на /web-studiya/podderzhka-saytov;Да;Средний: проверить перенос контента и релевантность;P3
/razrabotka-i-prodvizhenie-sajtov-v-sko-zakazat-v-raskrutov;Старый URL (GSC/sitemap);/seo-prodvizhenie-sajtov;REDIRECT;Общий коммерческий SEO-интент консолидируется на основной услуге.;301 на /seo-prodvizhenie-sajtov;Да;Средний: проверить перенос контента и релевантность;P3
/razrabotka-korporativnykh-sajtov-v-kazakhstane-raskrutov;Старый URL (GSC/sitemap);/web-studiya/sozdanie-saitov/korporativnyy-sayt;REDIRECT;Дубль услуги корпоративных сайтов.;301 на /web-studiya/sozdanie-saitov/korporativnyy-sayt;Да;Средний: проверить перенос контента и релевантность;P3
/razrabotka-lendingov-v-petropavlovske-zakazat-v-raskrutov;Старый URL (GSC/sitemap);/web-studiya/sozdanie-saitov/landing;REDIRECT;Дубль услуги создания лендингов.;301 на /web-studiya/sozdanie-saitov/landing;Да;Средний: проверить перенос контента и релевантность;P3
/razrabotka-sajtov-v-kazakhstane-zakazat-sajt-v-raskrutov;Старый URL (GSC/sitemap);/sozdanie-saitov;REDIRECT;Общий коммерческий интент создания сайтов.;301 на /sozdanie-saitov;Да;Средний: проверить перенос контента и релевантность;P3
/sozdanie-i-raskrutka-internet-magazinov-v-kazakhstane-raskrutov;Старый URL (GSC/sitemap);/web-studiya/sozdanie-saitov/internet-magazin;REDIRECT;Дубль услуги создания интернет-магазинов.;301 на /web-studiya/sozdanie-saitov/internet-magazin;Да;Средний: проверить перенос контента и релевантность;P3
/sozdanie-sajtov-dlya-malogo-biznesa-v-petropavlovske-raskrutov;Старый URL (GSC/sitemap);/sozdanie-saitov-v-Petropavlovske;REDIRECT;Консолидация нескольких страниц под один локальный коммерческий интент.;301 на /sozdanie-saitov-v-Petropavlovske;Да;Средний: проверить перенос контента и релевантность;P3
/sozdanie-sajtov-dlya-uslug-v-petropavlovske-veb-studiya-raskrutov;Старый URL (GSC/sitemap);/sozdanie-saitov-v-Petropavlovske;REDIRECT;Консолидация нескольких страниц под один локальный коммерческий интент.;301 на /sozdanie-saitov-v-Petropavlovske;Да;Средний: проверить перенос контента и релевантность;P3
/sozdanie-sajtov-pod-klyuch-v-petropavlovske-studiya-raskrutov;Старый URL (GSC/sitemap);/sozdanie-saitov-v-Petropavlovske;REDIRECT;Консолидация нескольких страниц под один локальный коммерческий интент.;301 на /sozdanie-saitov-v-Petropavlovske;Да;Средний: проверить перенос контента и релевантность;P3
/sozdanie-sajtov-v-almaty-osobennosti-i-preimushchestva;Старый URL (GSC/sitemap);/sozdanie-saitov-v-almaty;REDIRECT;Консолидация дублирующих материалов об одной геоуслуге.;301 на /sozdanie-saitov-v-almaty;Да;Средний: проверить перенос контента и релевантность;P3
/sozdanie-sajtov-v-astane-pochemu-ehto-vazhno-dlya-vashego-biznesa;Старый URL (GSC/sitemap);/sozdanie-saitov-v-astane;REDIRECT;Консолидация дублирующих материалов об одной геоуслуге.;301 на /sozdanie-saitov-v-astane;Да;Средний: проверить перенос контента и релевантность;P3
/sozdanie-sajtov-v-astane-tendencii-i-innovacii-2024-goda;Старый URL (GSC/sitemap);/sozdanie-saitov-v-astane;REDIRECT;Консолидация дублирующих материалов об одной геоуслуге.;301 на /sozdanie-saitov-v-astane;Да;Средний: проверить перенос контента и релевантность;P3
/sozdanie-sajtov-v-kazakhstane-kak-obespechit-bezopasnost-i-zashchitu-dannykh;Старый URL (GSC/sitemap);/sozdanie-saitov;REDIRECT;Слабые дубли коммерческого интента объединяются с основной услугой.;301 на /sozdanie-saitov;Да;Средний: проверить перенос контента и релевантность;P3
/sozdanie-sajtov-v-kazakhstane-pochemu-adaptivnyj-dizajn-ehto-neobkhodimost;Старый URL (GSC/sitemap);/sozdanie-saitov;REDIRECT;Слабые дубли коммерческого интента объединяются с основной услугой.;301 на /sozdanie-saitov;Да;Средний: проверить перенос контента и релевантность;P3
/sozdanie-sajtov-v-kazakhstane-s-garantiej-prodvizheniya-raskrutov;Старый URL (GSC/sitemap);/sozdanie-saitov;REDIRECT;Слабые дубли коммерческого интента объединяются с основной услугой.;301 на /sozdanie-saitov;Да;Средний: проверить перенос контента и релевантность;P3
/sozdanie-sajtov-v-kazakhstane-sovremennye-tendencii-i-luchshie-praktiki;Старый URL (GSC/sitemap);/sozdanie-saitov;REDIRECT;Слабые дубли коммерческого интента объединяются с основной услугой.;301 на /sozdanie-saitov;Да;Средний: проверить перенос контента и релевантность;P3
/sozdanie-sajtov-v-petropavlovske-kupit-sajt-v-raskrutov;Старый URL (GSC/sitemap);/sozdanie-saitov-v-Petropavlovske;REDIRECT;Консолидация нескольких страниц под один локальный коммерческий интент.;301 на /sozdanie-saitov-v-Petropavlovske;Да;Средний: проверить перенос контента и релевантность;P3
/sozdanie-sajtov-v-petropavlovske-zakazat-sajt-v-raskrutov;Старый URL (GSC/sitemap);/sozdanie-saitov-v-Petropavlovske;REDIRECT;Консолидация нескольких страниц под один локальный коммерческий интент.;301 на /sozdanie-saitov-v-Petropavlovske;Да;Средний: проверить перенос контента и релевантность;P3
/veb-studiya-v-petropavlovske-zakazat-sajt-v-raskrutov;Старый URL (GSC/sitemap);/sozdanie-saitov-v-Petropavlovske;REDIRECT;Локальный коммерческий интент создания сайтов объединяется с геостраницей Петропавловска.;301 на /sozdanie-saitov-v-Petropavlovske;Да;Средний: проверить перенос контента и релевантность;P3
/web-studiya/seo-prodvizhenie;Старый URL (GSC/sitemap);/seo-prodvizhenie-sajtov;REDIRECT;Консолидация дубля в выбранный канонический URL.;301 на /seo-prodvizhenie-sajtov;Да;Средний: проверить перенос контента и релевантность;P3
/zakazat-sajt-dlya-biznesa-v-petropavlovske-studiya-raskrutov;Старый URL (GSC/sitemap);/sozdanie-saitov-v-Petropavlovske;REDIRECT;Локальный коммерческий интент создания сайтов объединяется с геостраницей Петропавловска.;301 на /sozdanie-saitov-v-Petropavlovske;Да;Средний: проверить перенос контента и релевантность;P3
/zakazat-sajt-dlya-prodvizheniya-biznesa-v-kazakhstane-raskrutov;Старый URL (GSC/sitemap);/sozdanie-saitov;REDIRECT;Общий коммерческий интент создания сайтов.;301 на /sozdanie-saitov;Да;Средний: проверить перенос контента и релевантность;P3
/zakazat-sajt-vizitku-v-petropavlovske-studiya-raskrutov;Старый URL (GSC/sitemap);/web-studiya/sozdanie-saitov/sayt-vizitka;REDIRECT;Дубль услуги сайта-визитки.;301 на /web-studiya/sozdanie-saitov/sayt-vizitka;Да;Средний: проверить перенос контента и релевантность;P3
/zakazat-sozdanie-internet-magazina-v-petropavlovske-raskrutov;Старый URL (GSC/sitemap);/web-studiya/sozdanie-saitov/internet-magazin;REDIRECT;Дубль услуги создания интернет-магазинов.;301 на /web-studiya/sozdanie-saitov/internet-magazin;Да;Средний: проверить перенос контента и релевантность;P3
/zakazat-sozdanie-sajtov-v-kazakhstane-veb-studiya-raskrutov;Старый URL (GSC/sitemap);/sozdanie-saitov;REDIRECT;Слабые дубли коммерческого интента объединяются с основной услугой.;301 на /sozdanie-saitov;Да;Средний: проверить перенос контента и релевантность;P3
Digital-стратегия;/web-studiya/digital-konsalting/digital-strategiya;/web-studiya/digital-konsalting/digital-strategiya;UPDATE;Отдельный интент или стратегическая страница отсутствует в опубликованной структуре.;Новая страница;Нет;Низкий;P3
Аудит продвижения;/web-studiya/digital-konsalting/audit-prodvizheniya;/web-studiya/digital-konsalting/audit-prodvizheniya;UPDATE;Отдельный интент или стратегическая страница отсутствует в опубликованной структуре.;Новая страница;Нет;Низкий;P3
Аудит сайта;/web-studiya/digital-konsalting/audit-sayta;/web-studiya/digital-konsalting/audit-sayta;UPDATE;Отдельный интент или стратегическая страница отсутствует в опубликованной структуре.;Новая страница;Нет;Низкий;P3
Благодарственные письма;/o-kompanii/blagodarstvennye-pisma;/o-kompanii/blagodarstvennye-pisma;UPDATE;Отдельный интент или стратегическая страница отсутствует в опубликованной структуре.;Новая страница;Нет;Низкий;P3
Блог;/o-kompanii/blog;/blog;UPDATE;Выносим блог из раздела «О компании» в самостоятельный информационный хаб /blog.;Новая страница;Да, если старый URL опубликован;Средний;P3
Вакансии;/o-kompanii/vakansii;/o-kompanii/vakansii;UPDATE;Отдельный интент или стратегическая страница отсутствует в опубликованной структуре.;Новая страница;Нет;Низкий;P3
Консультация для бизнеса;/web-studiya/digital-konsalting/konsultatsiya-dlya-biznesa;/web-studiya/digital-konsalting/konsultatsiya-dlya-biznesa;UPDATE;Отдельный интент или стратегическая страница отсутствует в опубликованной структуре.;Новая страница;Нет;Низкий;P3
Наши клиенты;/o-kompanii/klienty;/nashi-klienti;UPDATE;Сохраняем /nashi-klienti: URL имеет клики, показы и позиции GSC.;Старый индексируемый URL сохраняется;Да, если старый URL опубликован;Средний;P3
Нейминг;/web-studiya/dizayn/neyming;/web-studiya/dizayn/neyming;UPDATE;Отдельный интент или стратегическая страница отсутствует в опубликованной структуре.;Новая страница;Нет;Низкий;P3
О нас;/o-kompanii/o-nas;/about-us;UPDATE;"Сохраняем /about-us с кликами и показами GSC; новый дубль /o-kompanii/o-nas перенаправляем.";Старый индексируемый URL сохраняется;Да, если старый URL опубликован;Средний;P3
Создание брендбука;/web-studiya/dizayn/brendbuk;/web-studiya/dizayn/brendbuk;UPDATE;Отдельный интент или стратегическая страница отсутствует в опубликованной структуре.;Новая страница;Нет;Низкий;P3
Создание логотипа;/web-studiya/dizayn/logotip;/web-studiya/dizayn/logotip;UPDATE;Отдельный интент или стратегическая страница отсутствует в опубликованной структуре.;Новая страница;Нет;Низкий;P3
/page84;Старый URL (GSC/sitemap);Удалить / закрыть от индексации;REMOVE;Технический/временный URL без понятного назначения.;URL перестаёт индексироваться;Нет;"Высокий при наличии внешних ссылок; проверить перед удалением";P3
/soundtrack;Старый URL (GSC/sitemap);Удалить / закрыть от индексации;REMOVE;"Нерелевантная страница не относится к услугам Raskrutov; редирект на услугу был бы нерелевантным.";URL перестаёт индексироваться;Нет;"Высокий при наличии внешних ссылок; проверить перед удалением";P3
/Preimushestva-sozdaniya-saitov-s-Raskrutov;Старый URL (GSC/sitemap);/Preimushestva-sozdaniya-saitov-s-Raskrutov;NOINDEX;"Назначение не подтверждено автоматически; требуется ручная проверка контента.";URL перестаёт индексироваться;Нет;Средний: решение требует ручной проверки;P3
/Sozdaite-uspeshnyi-sait-s-Raskrutov-Put-k-uvelicheniyu-prodazh;Старый URL (GSC/sitemap);/Sozdaite-uspeshnyi-sait-s-Raskrutov-Put-k-uvelicheniyu-prodazh;NOINDEX;"Назначение не подтверждено автоматически; требуется ручная проверка контента.";URL перестаёт индексироваться;Нет;Средний: решение требует ручной проверки;P3
/kak-vybrat-kompaniyu-dlya-sozdaniya-i-prodvizheniya-sajta;Старый URL (GSC/sitemap);/kak-vybrat-kompaniyu-dlya-sozdaniya-i-prodvizheniya-sajta;NOINDEX;"Назначение не подтверждено автоматически; требуется ручная проверка контента.";URL перестаёт индексироваться;Нет;Средний: решение требует ручной проверки;P3
/vebinarnie-meropriyatiya;Старый URL (GSC/sitemap);/vebinarnie-meropriyatiya;NOINDEX;"Направление не подтверждено в текущем перечне услуг; оставить до ручного решения без индексации.";URL перестаёт индексироваться;Нет;Средний: решение требует ручной проверки;P3
/web-studiya/almaty;Страница отсутствовала в старой SEO-карте;Веб-студия: отдельная региональная страница для города Алматы;NEW;Новое требование: основные услуги веб-студии должны покрывать 18 основных городов Казахстана.;"Текущие страницы не меняются; новая страница дополняет региональную архитектуру.";Нет;"Средний: нельзя публиковать шаблонный дубль с одной заменой города; требуется локальная ценность.";P1
/web-studiya/dizayn/almaty;Страница отсутствовала в старой SEO-карте;Услуги дизайнера: отдельная региональная страница для города Алматы;NEW;Новое требование: основные услуги веб-студии должны покрывать 18 основных городов Казахстана.;"Текущие страницы не меняются; новая страница дополняет региональную архитектуру.";Нет;"Средний: нельзя публиковать шаблонный дубль с одной заменой города; требуется локальная ценность.";P2
/web-studiya/aeo-geo-prodvizhenie/almaty;Страница отсутствовала в старой SEO-карте;AEO/GEO-продвижение: отдельная региональная страница для города Алматы;NEW;Новое требование: основные услуги веб-студии должны покрывать 18 основных городов Казахстана.;"Текущие страницы не меняются; новая страница дополняет региональную архитектуру.";Нет;"Средний: нельзя публиковать шаблонный дубль с одной заменой города; требуется локальная ценность.";P2
/web-studiya/kontekstnaya-reklama/almaty;Страница отсутствовала в старой SEO-карте;Контекстная реклама: отдельная региональная страница для города Алматы;NEW;Новое требование: основные услуги веб-студии должны покрывать 18 основных городов Казахстана.;"Текущие страницы не меняются; новая страница дополняет региональную архитектуру.";Нет;"Средний: нельзя публиковать шаблонный дубль с одной заменой города; требуется локальная ценность.";P2
/web-studiya/lidogeneratsiya/almaty;Страница отсутствовала в старой SEO-карте;Лидогенерация: отдельная региональная страница для города Алматы;NEW;Новое требование: основные услуги веб-студии должны покрывать 18 основных городов Казахстана.;"Текущие страницы не меняются; новая страница дополняет региональную архитектуру.";Нет;"Средний: нельзя публиковать шаблонный дубль с одной заменой города; требуется локальная ценность.";P2
/web-studiya/podderzhka-saytov/almaty;Страница отсутствовала в старой SEO-карте;Поддержка сайтов: отдельная региональная страница для города Алматы;NEW;Новое требование: основные услуги веб-студии должны покрывать 18 основных городов Казахстана.;"Текущие страницы не меняются; новая страница дополняет региональную архитектуру.";Нет;"Средний: нельзя публиковать шаблонный дубль с одной заменой города; требуется локальная ценность.";P2
/web-studiya/digital-konsalting/almaty;Страница отсутствовала в старой SEO-карте;Digital-консалтинг: отдельная региональная страница для города Алматы;NEW;Новое требование: основные услуги веб-студии должны покрывать 18 основных городов Казахстана.;"Текущие страницы не меняются; новая страница дополняет региональную архитектуру.";Нет;"Средний: нельзя публиковать шаблонный дубль с одной заменой города; требуется локальная ценность.";P2
/web-studiya/astana;Страница отсутствовала в старой SEO-карте;Веб-студия: отдельная региональная страница для города Астана;NEW;Новое требование: основные услуги веб-студии должны покрывать 18 основных городов Казахстана.;"Текущие страницы не меняются; новая страница дополняет региональную архитектуру.";Нет;"Средний: нельзя публиковать шаблонный дубль с одной заменой города; требуется локальная ценность.";P1
/web-studiya/dizayn/astana;Страница отсутствовала в старой SEO-карте;Услуги дизайнера: отдельная региональная страница для города Астана;NEW;Новое требование: основные услуги веб-студии должны покрывать 18 основных городов Казахстана.;"Текущие страницы не меняются; новая страница дополняет региональную архитектуру.";Нет;"Средний: нельзя публиковать шаблонный дубль с одной заменой города; требуется локальная ценность.";P2
/web-studiya/aeo-geo-prodvizhenie/astana;Страница отсутствовала в старой SEO-карте;AEO/GEO-продвижение: отдельная региональная страница для города Астана;NEW;Новое требование: основные услуги веб-студии должны покрывать 18 основных городов Казахстана.;"Текущие страницы не меняются; новая страница дополняет региональную архитектуру.";Нет;"Средний: нельзя публиковать шаблонный дубль с одной заменой города; требуется локальная ценность.";P2
/web-studiya/kontekstnaya-reklama/astana;Страница отсутствовала в старой SEO-карте;Контекстная реклама: отдельная региональная страница для города Астана;NEW;Новое требование: основные услуги веб-студии должны покрывать 18 основных городов Казахстана.;"Текущие страницы не меняются; новая страница дополняет региональную архитектуру.";Нет;"Средний: нельзя публиковать шаблонный дубль с одной заменой города; требуется локальная ценность.";P2
/web-studiya/lidogeneratsiya/astana;Страница отсутствовала в старой SEO-карте;Лидогенерация: отдельная региональная страница для города Астана;NEW;Новое требование: основные услуги веб-студии должны покрывать 18 основных городов Казахстана.;"Текущие страницы не меняются; новая страница дополняет региональную архитектуру.";Нет;"Средний: нельзя публиковать шаблонный дубль с одной заменой города; требуется локальная ценность.";P2
/web-studiya/podderzhka-saytov/astana;Страница отсутствовала в старой SEO-карте;Поддержка сайтов: отдельная региональная страница для города Астана;NEW;Новое требование: основные услуги веб-студии должны покрывать 18 основных городов Казахстана.;"Текущие страницы не меняются; новая страница дополняет региональную архитектуру.";Нет;"Средний: нельзя публиковать шаблонный дубль с одной заменой города; требуется локальная ценность.";P2
/web-studiya/digital-konsalting/astana;Страница отсутствовала в старой SEO-карте;Digital-консалтинг: отдельная региональная страница для города Астана;NEW;Новое требование: основные услуги веб-студии должны покрывать 18 основных городов Казахстана.;"Текущие страницы не меняются; новая страница дополняет региональную архитектуру.";Нет;"Средний: нельзя публиковать шаблонный дубль с одной заменой города; требуется локальная ценность.";P2
/web-studiya/shymkent;Страница отсутствовала в старой SEO-карте;Веб-студия: отдельная региональная страница для города Шымкент;NEW;Новое требование: основные услуги веб-студии должны покрывать 18 основных городов Казахстана.;"Текущие страницы не меняются; новая страница дополняет региональную архитектуру.";Нет;"Средний: нельзя публиковать шаблонный дубль с одной заменой города; требуется локальная ценность.";P1
/web-studiya/dizayn/shymkent;Страница отсутствовала в старой SEO-карте;Услуги дизайнера: отдельная региональная страница для города Шымкент;NEW;Новое требование: основные услуги веб-студии должны покрывать 18 основных городов Казахстана.;"Текущие страницы не меняются; новая страница дополняет региональную архитектуру.";Нет;"Средний: нельзя публиковать шаблонный дубль с одной заменой города; требуется локальная ценность.";P2
/web-studiya/aeo-geo-prodvizhenie/shymkent;Страница отсутствовала в старой SEO-карте;AEO/GEO-продвижение: отдельная региональная страница для города Шымкент;NEW;Новое требование: основные услуги веб-студии должны покрывать 18 основных городов Казахстана.;"Текущие страницы не меняются; новая страница дополняет региональную архитектуру.";Нет;"Средний: нельзя публиковать шаблонный дубль с одной заменой города; требуется локальная ценность.";P2
/web-studiya/kontekstnaya-reklama/shymkent;Страница отсутствовала в старой SEO-карте;Контекстная реклама: отдельная региональная страница для города Шымкент;NEW;Новое требование: основные услуги веб-студии должны покрывать 18 основных городов Казахстана.;"Текущие страницы не меняются; новая страница дополняет региональную архитектуру.";Нет;"Средний: нельзя публиковать шаблонный дубль с одной заменой города; требуется локальная ценность.";P2
/web-studiya/lidogeneratsiya/shymkent;Страница отсутствовала в старой SEO-карте;Лидогенерация: отдельная региональная страница для города Шымкент;NEW;Новое требование: основные услуги веб-студии должны покрывать 18 основных городов Казахстана.;"Текущие страницы не меняются; новая страница дополняет региональную архитектуру.";Нет;"Средний: нельзя публиковать шаблонный дубль с одной заменой города; требуется локальная ценность.";P2
/web-studiya/podderzhka-saytov/shymkent;Страница отсутствовала в старой SEO-карте;Поддержка сайтов: отдельная региональная страница для города Шымкент;NEW;Новое требование: основные услуги веб-студии должны покрывать 18 основных городов Казахстана.;"Текущие страницы не меняются; новая страница дополняет региональную архитектуру.";Нет;"Средний: нельзя публиковать шаблонный дубль с одной заменой города; требуется локальная ценность.";P2
/web-studiya/digital-konsalting/shymkent;Страница отсутствовала в старой SEO-карте;Digital-консалтинг: отдельная региональная страница для города Шымкент;NEW;Новое требование: основные услуги веб-студии должны покрывать 18 основных городов Казахстана.;"Текущие страницы не меняются; новая страница дополняет региональную архитектуру.";Нет;"Средний: нельзя публиковать шаблонный дубль с одной заменой города; требуется локальная ценность.";P2
/web-studiya/aktau;Страница отсутствовала в старой SEO-карте;Веб-студия: отдельная региональная страница для города Актау;NEW;Новое требование: основные услуги веб-студии должны покрывать 18 основных городов Казахстана.;"Текущие страницы не меняются; новая страница дополняет региональную архитектуру.";Нет;"Средний: нельзя публиковать шаблонный дубль с одной заменой города; требуется локальная ценность.";P2
/sozdanie-saitov-v-aktau;Страница отсутствовала в старой SEO-карте;Создание сайтов: отдельная региональная страница для города Актау;NEW;Новое требование: основные услуги веб-студии должны покрывать 18 основных городов Казахстана.;"Текущие страницы не меняются; новая страница дополняет региональную архитектуру.";Нет;"Средний: нельзя публиковать шаблонный дубль с одной заменой города; требуется локальная ценность.";P2
/web-studiya/dizayn/aktau;Страница отсутствовала в старой SEO-карте;Услуги дизайнера: отдельная региональная страница для города Актау;NEW;Новое требование: основные услуги веб-студии должны покрывать 18 основных городов Казахстана.;"Текущие страницы не меняются; новая страница дополняет региональную архитектуру.";Нет;"Средний: нельзя публиковать шаблонный дубль с одной заменой города; требуется локальная ценность.";P3
/seo-prodvizhenie-sajtov-v-aktau;Страница отсутствовала в старой SEO-карте;SEO-продвижение: отдельная региональная страница для города Актау;NEW;Новое требование: основные услуги веб-студии должны покрывать 18 основных городов Казахстана.;"Текущие страницы не меняются; новая страница дополняет региональную архитектуру.";Нет;"Средний: нельзя публиковать шаблонный дубль с одной заменой города; требуется локальная ценность.";P2
/web-studiya/aeo-geo-prodvizhenie/aktau;Страница отсутствовала в старой SEO-карте;AEO/GEO-продвижение: отдельная региональная страница для города Актау;NEW;Новое требование: основные услуги веб-студии должны покрывать 18 основных городов Казахстана.;"Текущие страницы не меняются; новая страница дополняет региональную архитектуру.";Нет;"Средний: нельзя публиковать шаблонный дубль с одной заменой города; требуется локальная ценность.";P3
/web-studiya/kontekstnaya-reklama/aktau;Страница отсутствовала в старой SEO-карте;Контекстная реклама: отдельная региональная страница для города Актау;NEW;Новое требование: основные услуги веб-студии должны покрывать 18 основных городов Казахстана.;"Текущие страницы не меняются; новая страница дополняет региональную архитектуру.";Нет;"Средний: нельзя публиковать шаблонный дубль с одной заменой города; требуется локальная ценность.";P3
/web-studiya/lidogeneratsiya/aktau;Страница отсутствовала в старой SEO-карте;Лидогенерация: отдельная региональная страница для города Актау;NEW;Новое требование: основные услуги веб-студии должны покрывать 18 основных городов Казахстана.;"Текущие страницы не меняются; новая страница дополняет региональную архитектуру.";Нет;"Средний: нельзя публиковать шаблонный дубль с одной заменой города; требуется локальная ценность.";P3
/web-studiya/podderzhka-saytov/aktau;Страница отсутствовала в старой SEO-карте;Поддержка сайтов: отдельная региональная страница для города Актау;NEW;Новое требование: основные услуги веб-студии должны покрывать 18 основных городов Казахстана.;"Текущие страницы не меняются; новая страница дополняет региональную архитектуру.";Нет;"Средний: нельзя публиковать шаблонный дубль с одной заменой города; требуется локальная ценность.";P3
/web-studiya/digital-konsalting/aktau;Страница отсутствовала в старой SEO-карте;Digital-консалтинг: отдельная региональная страница для города Актау;NEW;Новое требование: основные услуги веб-студии должны покрывать 18 основных городов Казахстана.;"Текущие страницы не меняются; новая страница дополняет региональную архитектуру.";Нет;"Средний: нельзя публиковать шаблонный дубль с одной заменой города; требуется локальная ценность.";P3
/web-studiya/aktobe;Страница отсутствовала в старой SEO-карте;Веб-студия: отдельная региональная страница для города Актобе;NEW;Новое требование: основные услуги веб-студии должны покрывать 18 основных городов Казахстана.;"Текущие страницы не меняются; новая страница дополняет региональную архитектуру.";Нет;"Средний: нельзя публиковать шаблонный дубль с одной заменой города; требуется локальная ценность.";P2
/sozdanie-saitov-v-aktobe;Страница отсутствовала в старой SEO-карте;Создание сайтов: отдельная региональная страница для города Актобе;NEW;Новое требование: основные услуги веб-студии должны покрывать 18 основных городов Казахстана.;"Текущие страницы не меняются; новая страница дополняет региональную архитектуру.";Нет;"Средний: нельзя публиковать шаблонный дубль с одной заменой города; требуется локальная ценность.";P2
/web-studiya/dizayn/aktobe;Страница отсутствовала в старой SEO-карте;Услуги дизайнера: отдельная региональная страница для города Актобе;NEW;Новое требование: основные услуги веб-студии должны покрывать 18 основных городов Казахстана.;"Текущие страницы не меняются; новая страница дополняет региональную архитектуру.";Нет;"Средний: нельзя публиковать шаблонный дубль с одной заменой города; требуется локальная ценность.";P3
/seo-prodvizhenie-sajtov-v-aktobe;Страница отсутствовала в старой SEO-карте;SEO-продвижение: отдельная региональная страница для города Актобе;NEW;Новое требование: основные услуги веб-студии должны покрывать 18 основных городов Казахстана.;"Текущие страницы не меняются; новая страница дополняет региональную архитектуру.";Нет;"Средний: нельзя публиковать шаблонный дубль с одной заменой города; требуется локальная ценность.";P2
/web-studiya/aeo-geo-prodvizhenie/aktobe;Страница отсутствовала в старой SEO-карте;AEO/GEO-продвижение: отдельная региональная страница для города Актобе;NEW;Новое требование: основные услуги веб-студии должны покрывать 18 основных городов Казахстана.;"Текущие страницы не меняются; новая страница дополняет региональную архитектуру.";Нет;"Средний: нельзя публиковать шаблонный дубль с одной заменой города; требуется локальная ценность.";P3
/web-studiya/kontekstnaya-reklama/aktobe;Страница отсутствовала в старой SEO-карте;Контекстная реклама: отдельная региональная страница для города Актобе;NEW;Новое требование: основные услуги веб-студии должны покрывать 18 основных городов Казахстана.;"Текущие страницы не меняются; новая страница дополняет региональную архитектуру.";Нет;"Средний: нельзя публиковать шаблонный дубль с одной заменой города; требуется локальная ценность.";P3
/web-studiya/lidogeneratsiya/aktobe;Страница отсутствовала в старой SEO-карте;Лидогенерация: отдельная региональная страница для города Актобе;NEW;Новое требование: основные услуги веб-студии должны покрывать 18 основных городов Казахстана.;"Текущие страницы не меняются; новая страница дополняет региональную архитектуру.";Нет;"Средний: нельзя публиковать шаблонный дубль с одной заменой города; требуется локальная ценность.";P3
/web-studiya/podderzhka-saytov/aktobe;Страница отсутствовала в старой SEO-карте;Поддержка сайтов: отдельная региональная страница для города Актобе;NEW;Новое требование: основные услуги веб-студии должны покрывать 18 основных городов Казахстана.;"Текущие страницы не меняются; новая страница дополняет региональную архитектуру.";Нет;"Средний: нельзя публиковать шаблонный дубль с одной заменой города; требуется локальная ценность.";P3
/web-studiya/digital-konsalting/aktobe;Страница отсутствовала в старой SEO-карте;Digital-консалтинг: отдельная региональная страница для города Актобе;NEW;Новое требование: основные услуги веб-студии должны покрывать 18 основных городов Казахстана.;"Текущие страницы не меняются; новая страница дополняет региональную архитектуру.";Нет;"Средний: нельзя публиковать шаблонный дубль с одной заменой города; требуется локальная ценность.";P3
/web-studiya/atyrau;Страница отсутствовала в старой SEO-карте;Веб-студия: отдельная региональная страница для города Атырау;NEW;Новое требование: основные услуги веб-студии должны покрывать 18 основных городов Казахстана.;"Текущие страницы не меняются; новая страница дополняет региональную архитектуру.";Нет;"Средний: нельзя публиковать шаблонный дубль с одной заменой города; требуется локальная ценность.";P2
/sozdanie-saitov-v-atyrau;Страница отсутствовала в старой SEO-карте;Создание сайтов: отдельная региональная страница для города Атырау;NEW;Новое требование: основные услуги веб-студии должны покрывать 18 основных городов Казахстана.;"Текущие страницы не меняются; новая страница дополняет региональную архитектуру.";Нет;"Средний: нельзя публиковать шаблонный дубль с одной заменой города; требуется локальная ценность.";P2
/web-studiya/dizayn/atyrau;Страница отсутствовала в старой SEO-карте;Услуги дизайнера: отдельная региональная страница для города Атырау;NEW;Новое требование: основные услуги веб-студии должны покрывать 18 основных городов Казахстана.;"Текущие страницы не меняются; новая страница дополняет региональную архитектуру.";Нет;"Средний: нельзя публиковать шаблонный дубль с одной заменой города; требуется локальная ценность.";P3
/seo-prodvizhenie-sajtov-v-atyrau;Страница отсутствовала в старой SEO-карте;SEO-продвижение: отдельная региональная страница для города Атырау;NEW;Новое требование: основные услуги веб-студии должны покрывать 18 основных городов Казахстана.;"Текущие страницы не меняются; новая страница дополняет региональную архитектуру.";Нет;"Средний: нельзя публиковать шаблонный дубль с одной заменой города; требуется локальная ценность.";P2
/web-studiya/aeo-geo-prodvizhenie/atyrau;Страница отсутствовала в старой SEO-карте;AEO/GEO-продвижение: отдельная региональная страница для города Атырау;NEW;Новое требование: основные услуги веб-студии должны покрывать 18 основных городов Казахстана.;"Текущие страницы не меняются; новая страница дополняет региональную архитектуру.";Нет;"Средний: нельзя публиковать шаблонный дубль с одной заменой города; требуется локальная ценность.";P3
/web-studiya/kontekstnaya-reklama/atyrau;Страница отсутствовала в старой SEO-карте;Контекстная реклама: отдельная региональная страница для города Атырау;NEW;Новое требование: основные услуги веб-студии должны покрывать 18 основных городов Казахстана.;"Текущие страницы не меняются; новая страница дополняет региональную архитектуру.";Нет;"Средний: нельзя публиковать шаблонный дубль с одной заменой города; требуется локальная ценность.";P3
/web-studiya/lidogeneratsiya/atyrau;Страница отсутствовала в старой SEO-карте;Лидогенерация: отдельная региональная страница для города Атырау;NEW;Новое требование: основные услуги веб-студии должны покрывать 18 основных городов Казахстана.;"Текущие страницы не меняются; новая страница дополняет региональную архитектуру.";Нет;"Средний: нельзя публиковать шаблонный дубль с одной заменой города; требуется локальная ценность.";P3
/web-studiya/podderzhka-saytov/atyrau;Страница отсутствовала в старой SEO-карте;Поддержка сайтов: отдельная региональная страница для города Атырау;NEW;Новое требование: основные услуги веб-студии должны покрывать 18 основных городов Казахстана.;"Текущие страницы не меняются; новая страница дополняет региональную архитектуру.";Нет;"Средний: нельзя публиковать шаблонный дубль с одной заменой города; требуется локальная ценность.";P3
/web-studiya/digital-konsalting/atyrau;Страница отсутствовала в старой SEO-карте;Digital-консалтинг: отдельная региональная страница для города Атырау;NEW;Новое требование: основные услуги веб-студии должны покрывать 18 основных городов Казахстана.;"Текущие страницы не меняются; новая страница дополняет региональную архитектуру.";Нет;"Средний: нельзя публиковать шаблонный дубль с одной заменой города; требуется локальная ценность.";P3
/web-studiya/karaganda;Страница отсутствовала в старой SEO-карте;Веб-студия: отдельная региональная страница для города Караганда;NEW;Новое требование: основные услуги веб-студии должны покрывать 18 основных городов Казахстана.;"Текущие страницы не меняются; новая страница дополняет региональную архитектуру.";Нет;"Средний: нельзя публиковать шаблонный дубль с одной заменой города; требуется локальная ценность.";P1
/web-studiya/dizayn/karaganda;Страница отсутствовала в старой SEO-карте;Услуги дизайнера: отдельная региональная страница для города Караганда;NEW;Новое требование: основные услуги веб-студии должны покрывать 18 основных городов Казахстана.;"Текущие страницы не меняются; новая страница дополняет региональную архитектуру.";Нет;"Средний: нельзя публиковать шаблонный дубль с одной заменой города; требуется локальная ценность.";P2
/web-studiya/aeo-geo-prodvizhenie/karaganda;Страница отсутствовала в старой SEO-карте;AEO/GEO-продвижение: отдельная региональная страница для города Караганда;NEW;Новое требование: основные услуги веб-студии должны покрывать 18 основных городов Казахстана.;"Текущие страницы не меняются; новая страница дополняет региональную архитектуру.";Нет;"Средний: нельзя публиковать шаблонный дубль с одной заменой города; требуется локальная ценность.";P2
/web-studiya/kontekstnaya-reklama/karaganda;Страница отсутствовала в старой SEO-карте;Контекстная реклама: отдельная региональная страница для города Караганда;NEW;Новое требование: основные услуги веб-студии должны покрывать 18 основных городов Казахстана.;"Текущие страницы не меняются; новая страница дополняет региональную архитектуру.";Нет;"Средний: нельзя публиковать шаблонный дубль с одной заменой города; требуется локальная ценность.";P2
/web-studiya/lidogeneratsiya/karaganda;Страница отсутствовала в старой SEO-карте;Лидогенерация: отдельная региональная страница для города Караганда;NEW;Новое требование: основные услуги веб-студии должны покрывать 18 основных городов Казахстана.;"Текущие страницы не меняются; новая страница дополняет региональную архитектуру.";Нет;"Средний: нельзя публиковать шаблонный дубль с одной заменой города; требуется локальная ценность.";P2
/web-studiya/podderzhka-saytov/karaganda;Страница отсутствовала в старой SEO-карте;Поддержка сайтов: отдельная региональная страница для города Караганда;NEW;Новое требование: основные услуги веб-студии должны покрывать 18 основных городов Казахстана.;"Текущие страницы не меняются; новая страница дополняет региональную архитектуру.";Нет;"Средний: нельзя публиковать шаблонный дубль с одной заменой города; требуется локальная ценность.";P2
/web-studiya/digital-konsalting/karaganda;Страница отсутствовала в старой SEO-карте;Digital-консалтинг: отдельная региональная страница для города Караганда;NEW;Новое требование: основные услуги веб-студии должны покрывать 18 основных городов Казахстана.;"Текущие страницы не меняются; новая страница дополняет региональную архитектуру.";Нет;"Средний: нельзя публиковать шаблонный дубль с одной заменой города; требуется локальная ценность.";P2
/web-studiya/kokshetau;Страница отсутствовала в старой SEO-карте;Веб-студия: отдельная региональная страница для города Кокшетау;NEW;Новое требование: основные услуги веб-студии должны покрывать 18 основных городов Казахстана.;"Текущие страницы не меняются; новая страница дополняет региональную архитектуру.";Нет;"Средний: нельзя публиковать шаблонный дубль с одной заменой города; требуется локальная ценность.";P2
/sozdanie-saitov-v-kokshetau;Страница отсутствовала в старой SEO-карте;Создание сайтов: отдельная региональная страница для города Кокшетау;NEW;Новое требование: основные услуги веб-студии должны покрывать 18 основных городов Казахстана.;"Текущие страницы не меняются; новая страница дополняет региональную архитектуру.";Нет;"Средний: нельзя публиковать шаблонный дубль с одной заменой города; требуется локальная ценность.";P2
/web-studiya/dizayn/kokshetau;Страница отсутствовала в старой SEO-карте;Услуги дизайнера: отдельная региональная страница для города Кокшетау;NEW;Новое требование: основные услуги веб-студии должны покрывать 18 основных городов Казахстана.;"Текущие страницы не меняются; новая страница дополняет региональную архитектуру.";Нет;"Средний: нельзя публиковать шаблонный дубль с одной заменой города; требуется локальная ценность.";P3
/seo-prodvizhenie-sajtov-v-kokshetau;Страница отсутствовала в старой SEO-карте;SEO-продвижение: отдельная региональная страница для города Кокшетау;NEW;Новое требование: основные услуги веб-студии должны покрывать 18 основных городов Казахстана.;"Текущие страницы не меняются; новая страница дополняет региональную архитектуру.";Нет;"Средний: нельзя публиковать шаблонный дубль с одной заменой города; требуется локальная ценность.";P2
/web-studiya/aeo-geo-prodvizhenie/kokshetau;Страница отсутствовала в старой SEO-карте;AEO/GEO-продвижение: отдельная региональная страница для города Кокшетау;NEW;Новое требование: основные услуги веб-студии должны покрывать 18 основных городов Казахстана.;"Текущие страницы не меняются; новая страница дополняет региональную архитектуру.";Нет;"Средний: нельзя публиковать шаблонный дубль с одной заменой города; требуется локальная ценность.";P3
/web-studiya/kontekstnaya-reklama/kokshetau;Страница отсутствовала в старой SEO-карте;Контекстная реклама: отдельная региональная страница для города Кокшетау;NEW;Новое требование: основные услуги веб-студии должны покрывать 18 основных городов Казахстана.;"Текущие страницы не меняются; новая страница дополняет региональную архитектуру.";Нет;"Средний: нельзя публиковать шаблонный дубль с одной заменой города; требуется локальная ценность.";P3
/web-studiya/lidogeneratsiya/kokshetau;Страница отсутствовала в старой SEO-карте;Лидогенерация: отдельная региональная страница для города Кокшетау;NEW;Новое требование: основные услуги веб-студии должны покрывать 18 основных городов Казахстана.;"Текущие страницы не меняются; новая страница дополняет региональную архитектуру.";Нет;"Средний: нельзя публиковать шаблонный дубль с одной заменой города; требуется локальная ценность.";P3
/web-studiya/podderzhka-saytov/kokshetau;Страница отсутствовала в старой SEO-карте;Поддержка сайтов: отдельная региональная страница для города Кокшетау;NEW;Новое требование: основные услуги веб-студии должны покрывать 18 основных городов Казахстана.;"Текущие страницы не меняются; новая страница дополняет региональную архитектуру.";Нет;"Средний: нельзя публиковать шаблонный дубль с одной заменой города; требуется локальная ценность.";P3
/web-studiya/digital-konsalting/kokshetau;Страница отсутствовала в старой SEO-карте;Digital-консалтинг: отдельная региональная страница для города Кокшетау;NEW;Новое требование: основные услуги веб-студии должны покрывать 18 основных городов Казахстана.;"Текущие страницы не меняются; новая страница дополняет региональную архитектуру.";Нет;"Средний: нельзя публиковать шаблонный дубль с одной заменой города; требуется локальная ценность.";P3
/web-studiya/kostanay;Страница отсутствовала в старой SEO-карте;Веб-студия: отдельная региональная страница для города Костанай;NEW;Новое требование: основные услуги веб-студии должны покрывать 18 основных городов Казахстана.;"Текущие страницы не меняются; новая страница дополняет региональную архитектуру.";Нет;"Средний: нельзя публиковать шаблонный дубль с одной заменой города; требуется локальная ценность.";P2
/sozdanie-saitov-v-kostanae;Страница отсутствовала в старой SEO-карте;Создание сайтов: отдельная региональная страница для города Костанай;NEW;Новое требование: основные услуги веб-студии должны покрывать 18 основных городов Казахстана.;"Текущие страницы не меняются; новая страница дополняет региональную архитектуру.";Нет;"Средний: нельзя публиковать шаблонный дубль с одной заменой города; требуется локальная ценность.";P2
/web-studiya/dizayn/kostanay;Страница отсутствовала в старой SEO-карте;Услуги дизайнера: отдельная региональная страница для города Костанай;NEW;Новое требование: основные услуги веб-студии должны покрывать 18 основных городов Казахстана.;"Текущие страницы не меняются; новая страница дополняет региональную архитектуру.";Нет;"Средний: нельзя публиковать шаблонный дубль с одной заменой города; требуется локальная ценность.";P3
/seo-prodvizhenie-sajtov-v-kostanae;Страница отсутствовала в старой SEO-карте;SEO-продвижение: отдельная региональная страница для города Костанай;NEW;Новое требование: основные услуги веб-студии должны покрывать 18 основных городов Казахстана.;"Текущие страницы не меняются; новая страница дополняет региональную архитектуру.";Нет;"Средний: нельзя публиковать шаблонный дубль с одной заменой города; требуется локальная ценность.";P2
/web-studiya/aeo-geo-prodvizhenie/kostanay;Страница отсутствовала в старой SEO-карте;AEO/GEO-продвижение: отдельная региональная страница для города Костанай;NEW;Новое требование: основные услуги веб-студии должны покрывать 18 основных городов Казахстана.;"Текущие страницы не меняются; новая страница дополняет региональную архитектуру.";Нет;"Средний: нельзя публиковать шаблонный дубль с одной заменой города; требуется локальная ценность.";P3
/web-studiya/kontekstnaya-reklama/kostanay;Страница отсутствовала в старой SEO-карте;Контекстная реклама: отдельная региональная страница для города Костанай;NEW;Новое требование: основные услуги веб-студии должны покрывать 18 основных городов Казахстана.;"Текущие страницы не меняются; новая страница дополняет региональную архитектуру.";Нет;"Средний: нельзя публиковать шаблонный дубль с одной заменой города; требуется локальная ценность.";P3
/web-studiya/lidogeneratsiya/kostanay;Страница отсутствовала в старой SEO-карте;Лидогенерация: отдельная региональная страница для города Костанай;NEW;Новое требование: основные услуги веб-студии должны покрывать 18 основных городов Казахстана.;"Текущие страницы не меняются; новая страница дополняет региональную архитектуру.";Нет;"Средний: нельзя публиковать шаблонный дубль с одной заменой города; требуется локальная ценность.";P3
/web-studiya/podderzhka-saytov/kostanay;Страница отсутствовала в старой SEO-карте;Поддержка сайтов: отдельная региональная страница для города Костанай;NEW;Новое требование: основные услуги веб-студии должны покрывать 18 основных городов Казахстана.;"Текущие страницы не меняются; новая страница дополняет региональную архитектуру.";Нет;"Средний: нельзя публиковать шаблонный дубль с одной заменой города; требуется локальная ценность.";P3
/web-studiya/digital-konsalting/kostanay;Страница отсутствовала в старой SEO-карте;Digital-консалтинг: отдельная региональная страница для города Костанай;NEW;Новое требование: основные услуги веб-студии должны покрывать 18 основных городов Казахстана.;"Текущие страницы не меняются; новая страница дополняет региональную архитектуру.";Нет;"Средний: нельзя публиковать шаблонный дубль с одной заменой города; требуется локальная ценность.";P3
/web-studiya/kyzylorda;Страница отсутствовала в старой SEO-карте;Веб-студия: отдельная региональная страница для города Кызылорда;NEW;Новое требование: основные услуги веб-студии должны покрывать 18 основных городов Казахстана.;"Текущие страницы не меняются; новая страница дополняет региональную архитектуру.";Нет;"Средний: нельзя публиковать шаблонный дубль с одной заменой города; требуется локальная ценность.";P2
/sozdanie-saitov-v-kyzylorde;Страница отсутствовала в старой SEO-карте;Создание сайтов: отдельная региональная страница для города Кызылорда;NEW;Новое требование: основные услуги веб-студии должны покрывать 18 основных городов Казахстана.;"Текущие страницы не меняются; новая страница дополняет региональную архитектуру.";Нет;"Средний: нельзя публиковать шаблонный дубль с одной заменой города; требуется локальная ценность.";P2
/web-studiya/dizayn/kyzylorda;Страница отсутствовала в старой SEO-карте;Услуги дизайнера: отдельная региональная страница для города Кызылорда;NEW;Новое требование: основные услуги веб-студии должны покрывать 18 основных городов Казахстана.;"Текущие страницы не меняются; новая страница дополняет региональную архитектуру.";Нет;"Средний: нельзя публиковать шаблонный дубль с одной заменой города; требуется локальная ценность.";P3
/seo-prodvizhenie-sajtov-v-kyzylorde;Страница отсутствовала в старой SEO-карте;SEO-продвижение: отдельная региональная страница для города Кызылорда;NEW;Новое требование: основные услуги веб-студии должны покрывать 18 основных городов Казахстана.;"Текущие страницы не меняются; новая страница дополняет региональную архитектуру.";Нет;"Средний: нельзя публиковать шаблонный дубль с одной заменой города; требуется локальная ценность.";P2
/web-studiya/aeo-geo-prodvizhenie/kyzylorda;Страница отсутствовала в старой SEO-карте;AEO/GEO-продвижение: отдельная региональная страница для города Кызылорда;NEW;Новое требование: основные услуги веб-студии должны покрывать 18 основных городов Казахстана.;"Текущие страницы не меняются; новая страница дополняет региональную архитектуру.";Нет;"Средний: нельзя публиковать шаблонный дубль с одной заменой города; требуется локальная ценность.";P3
/web-studiya/kontekstnaya-reklama/kyzylorda;Страница отсутствовала в старой SEO-карте;Контекстная реклама: отдельная региональная страница для города Кызылорда;NEW;Новое требование: основные услуги веб-студии должны покрывать 18 основных городов Казахстана.;"Текущие страницы не меняются; новая страница дополняет региональную архитектуру.";Нет;"Средний: нельзя публиковать шаблонный дубль с одной заменой города; требуется локальная ценность.";P3
/web-studiya/lidogeneratsiya/kyzylorda;Страница отсутствовала в старой SEO-карте;Лидогенерация: отдельная региональная страница для города Кызылорда;NEW;Новое требование: основные услуги веб-студии должны покрывать 18 основных городов Казахстана.;"Текущие страницы не меняются; новая страница дополняет региональную архитектуру.";Нет;"Средний: нельзя публиковать шаблонный дубль с одной заменой города; требуется локальная ценность.";P3
/web-studiya/podderzhka-saytov/kyzylorda;Страница отсутствовала в старой SEO-карте;Поддержка сайтов: отдельная региональная страница для города Кызылорда;NEW;Новое требование: основные услуги веб-студии должны покрывать 18 основных городов Казахстана.;"Текущие страницы не меняются; новая страница дополняет региональную архитектуру.";Нет;"Средний: нельзя публиковать шаблонный дубль с одной заменой города; требуется локальная ценность.";P3
/web-studiya/digital-konsalting/kyzylorda;Страница отсутствовала в старой SEO-карте;Digital-консалтинг: отдельная региональная страница для города Кызылорда;NEW;Новое требование: основные услуги веб-студии должны покрывать 18 основных городов Казахстана.;"Текущие страницы не меняются; новая страница дополняет региональную архитектуру.";Нет;"Средний: нельзя публиковать шаблонный дубль с одной заменой города; требуется локальная ценность.";P3
/web-studiya/pavlodar;Страница отсутствовала в старой SEO-карте;Веб-студия: отдельная региональная страница для города Павлодар;NEW;Новое требование: основные услуги веб-студии должны покрывать 18 основных городов Казахстана.;"Текущие страницы не меняются; новая страница дополняет региональную архитектуру.";Нет;"Средний: нельзя публиковать шаблонный дубль с одной заменой города; требуется локальная ценность.";P2
/sozdanie-saitov-v-pavlodare;Страница отсутствовала в старой SEO-карте;Создание сайтов: отдельная региональная страница для города Павлодар;NEW;Новое требование: основные услуги веб-студии должны покрывать 18 основных городов Казахстана.;"Текущие страницы не меняются; новая страница дополняет региональную архитектуру.";Нет;"Средний: нельзя публиковать шаблонный дубль с одной заменой города; требуется локальная ценность.";P2
/web-studiya/dizayn/pavlodar;Страница отсутствовала в старой SEO-карте;Услуги дизайнера: отдельная региональная страница для города Павлодар;NEW;Новое требование: основные услуги веб-студии должны покрывать 18 основных городов Казахстана.;"Текущие страницы не меняются; новая страница дополняет региональную архитектуру.";Нет;"Средний: нельзя публиковать шаблонный дубль с одной заменой города; требуется локальная ценность.";P3
/seo-prodvizhenie-sajtov-v-pavlodare;Страница отсутствовала в старой SEO-карте;SEO-продвижение: отдельная региональная страница для города Павлодар;NEW;Новое требование: основные услуги веб-студии должны покрывать 18 основных городов Казахстана.;"Текущие страницы не меняются; новая страница дополняет региональную архитектуру.";Нет;"Средний: нельзя публиковать шаблонный дубль с одной заменой города; требуется локальная ценность.";P2
/web-studiya/aeo-geo-prodvizhenie/pavlodar;Страница отсутствовала в старой SEO-карте;AEO/GEO-продвижение: отдельная региональная страница для города Павлодар;NEW;Новое требование: основные услуги веб-студии должны покрывать 18 основных городов Казахстана.;"Текущие страницы не меняются; новая страница дополняет региональную архитектуру.";Нет;"Средний: нельзя публиковать шаблонный дубль с одной заменой города; требуется локальная ценность.";P3
/web-studiya/kontekstnaya-reklama/pavlodar;Страница отсутствовала в старой SEO-карте;Контекстная реклама: отдельная региональная страница для города Павлодар;NEW;Новое требование: основные услуги веб-студии должны покрывать 18 основных городов Казахстана.;"Текущие страницы не меняются; новая страница дополняет региональную архитектуру.";Нет;"Средний: нельзя публиковать шаблонный дубль с одной заменой города; требуется локальная ценность.";P3
/web-studiya/lidogeneratsiya/pavlodar;Страница отсутствовала в старой SEO-карте;Лидогенерация: отдельная региональная страница для города Павлодар;NEW;Новое требование: основные услуги веб-студии должны покрывать 18 основных городов Казахстана.;"Текущие страницы не меняются; новая страница дополняет региональную архитектуру.";Нет;"Средний: нельзя публиковать шаблонный дубль с одной заменой города; требуется локальная ценность.";P3
/web-studiya/podderzhka-saytov/pavlodar;Страница отсутствовала в старой SEO-карте;Поддержка сайтов: отдельная региональная страница для города Павлодар;NEW;Новое требование: основные услуги веб-студии должны покрывать 18 основных городов Казахстана.;"Текущие страницы не меняются; новая страница дополняет региональную архитектуру.";Нет;"Средний: нельзя публиковать шаблонный дубль с одной заменой города; требуется локальная ценность.";P3
/web-studiya/digital-konsalting/pavlodar;Страница отсутствовала в старой SEO-карте;Digital-консалтинг: отдельная региональная страница для города Павлодар;NEW;Новое требование: основные услуги веб-студии должны покрывать 18 основных городов Казахстана.;"Текущие страницы не меняются; новая страница дополняет региональную архитектуру.";Нет;"Средний: нельзя публиковать шаблонный дубль с одной заменой города; требуется локальная ценность.";P3
/web-studiya/petropavlovsk;Страница отсутствовала в старой SEO-карте;Веб-студия: отдельная региональная страница для города Петропавловск;NEW;Новое требование: основные услуги веб-студии должны покрывать 18 основных городов Казахстана.;"Текущие страницы не меняются; новая страница дополняет региональную архитектуру.";Нет;"Средний: нельзя публиковать шаблонный дубль с одной заменой города; требуется локальная ценность.";P1
/web-studiya/dizayn/petropavlovsk;Страница отсутствовала в старой SEO-карте;Услуги дизайнера: отдельная региональная страница для города Петропавловск;NEW;Новое требование: основные услуги веб-студии должны покрывать 18 основных городов Казахстана.;"Текущие страницы не меняются; новая страница дополняет региональную архитектуру.";Нет;"Средний: нельзя публиковать шаблонный дубль с одной заменой города; требуется локальная ценность.";P2
/web-studiya/aeo-geo-prodvizhenie/petropavlovsk;Страница отсутствовала в старой SEO-карте;AEO/GEO-продвижение: отдельная региональная страница для города Петропавловск;NEW;Новое требование: основные услуги веб-студии должны покрывать 18 основных городов Казахстана.;"Текущие страницы не меняются; новая страница дополняет региональную архитектуру.";Нет;"Средний: нельзя публиковать шаблонный дубль с одной заменой города; требуется локальная ценность.";P2
/web-studiya/kontekstnaya-reklama/petropavlovsk;Страница отсутствовала в старой SEO-карте;Контекстная реклама: отдельная региональная страница для города Петропавловск;NEW;Новое требование: основные услуги веб-студии должны покрывать 18 основных городов Казахстана.;"Текущие страницы не меняются; новая страница дополняет региональную архитектуру.";Нет;"Средний: нельзя публиковать шаблонный дубль с одной заменой города; требуется локальная ценность.";P2
/web-studiya/lidogeneratsiya/petropavlovsk;Страница отсутствовала в старой SEO-карте;Лидогенерация: отдельная региональная страница для города Петропавловск;NEW;Новое требование: основные услуги веб-студии должны покрывать 18 основных городов Казахстана.;"Текущие страницы не меняются; новая страница дополняет региональную архитектуру.";Нет;"Средний: нельзя публиковать шаблонный дубль с одной заменой города; требуется локальная ценность.";P2
/web-studiya/podderzhka-saytov/petropavlovsk;Страница отсутствовала в старой SEO-карте;Поддержка сайтов: отдельная региональная страница для города Петропавловск;NEW;Новое требование: основные услуги веб-студии должны покрывать 18 основных городов Казахстана.;"Текущие страницы не меняются; новая страница дополняет региональную архитектуру.";Нет;"Средний: нельзя публиковать шаблонный дубль с одной заменой города; требуется локальная ценность.";P2
/web-studiya/digital-konsalting/petropavlovsk;Страница отсутствовала в старой SEO-карте;Digital-консалтинг: отдельная региональная страница для города Петропавловск;NEW;Новое требование: основные услуги веб-студии должны покрывать 18 основных городов Казахстана.;"Текущие страницы не меняются; новая страница дополняет региональную архитектуру.";Нет;"Средний: нельзя публиковать шаблонный дубль с одной заменой города; требуется локальная ценность.";P2
/web-studiya/semey;Страница отсутствовала в старой SEO-карте;Веб-студия: отдельная региональная страница для города Семей;NEW;Новое требование: основные услуги веб-студии должны покрывать 18 основных городов Казахстана.;"Текущие страницы не меняются; новая страница дополняет региональную архитектуру.";Нет;"Средний: нельзя публиковать шаблонный дубль с одной заменой города; требуется локальная ценность.";P2
/sozdanie-saitov-v-semee;Страница отсутствовала в старой SEO-карте;Создание сайтов: отдельная региональная страница для города Семей;NEW;Новое требование: основные услуги веб-студии должны покрывать 18 основных городов Казахстана.;"Текущие страницы не меняются; новая страница дополняет региональную архитектуру.";Нет;"Средний: нельзя публиковать шаблонный дубль с одной заменой города; требуется локальная ценность.";P2
/web-studiya/dizayn/semey;Страница отсутствовала в старой SEO-карте;Услуги дизайнера: отдельная региональная страница для города Семей;NEW;Новое требование: основные услуги веб-студии должны покрывать 18 основных городов Казахстана.;"Текущие страницы не меняются; новая страница дополняет региональную архитектуру.";Нет;"Средний: нельзя публиковать шаблонный дубль с одной заменой города; требуется локальная ценность.";P3
/seo-prodvizhenie-sajtov-v-semee;Страница отсутствовала в старой SEO-карте;SEO-продвижение: отдельная региональная страница для города Семей;NEW;Новое требование: основные услуги веб-студии должны покрывать 18 основных городов Казахстана.;"Текущие страницы не меняются; новая страница дополняет региональную архитектуру.";Нет;"Средний: нельзя публиковать шаблонный дубль с одной заменой города; требуется локальная ценность.";P2
/web-studiya/aeo-geo-prodvizhenie/semey;Страница отсутствовала в старой SEO-карте;AEO/GEO-продвижение: отдельная региональная страница для города Семей;NEW;Новое требование: основные услуги веб-студии должны покрывать 18 основных городов Казахстана.;"Текущие страницы не меняются; новая страница дополняет региональную архитектуру.";Нет;"Средний: нельзя публиковать шаблонный дубль с одной заменой города; требуется локальная ценность.";P3
/web-studiya/kontekstnaya-reklama/semey;Страница отсутствовала в старой SEO-карте;Контекстная реклама: отдельная региональная страница для города Семей;NEW;Новое требование: основные услуги веб-студии должны покрывать 18 основных городов Казахстана.;"Текущие страницы не меняются; новая страница дополняет региональную архитектуру.";Нет;"Средний: нельзя публиковать шаблонный дубль с одной заменой города; требуется локальная ценность.";P3
/web-studiya/lidogeneratsiya/semey;Страница отсутствовала в старой SEO-карте;Лидогенерация: отдельная региональная страница для города Семей;NEW;Новое требование: основные услуги веб-студии должны покрывать 18 основных городов Казахстана.;"Текущие страницы не меняются; новая страница дополняет региональную архитектуру.";Нет;"Средний: нельзя публиковать шаблонный дубль с одной заменой города; требуется локальная ценность.";P3
/web-studiya/podderzhka-saytov/semey;Страница отсутствовала в старой SEO-карте;Поддержка сайтов: отдельная региональная страница для города Семей;NEW;Новое требование: основные услуги веб-студии должны покрывать 18 основных городов Казахстана.;"Текущие страницы не меняются; новая страница дополняет региональную архитектуру.";Нет;"Средний: нельзя публиковать шаблонный дубль с одной заменой города; требуется локальная ценность.";P3
/web-studiya/digital-konsalting/semey;Страница отсутствовала в старой SEO-карте;Digital-консалтинг: отдельная региональная страница для города Семей;NEW;Новое требование: основные услуги веб-студии должны покрывать 18 основных городов Казахстана.;"Текущие страницы не меняются; новая страница дополняет региональную архитектуру.";Нет;"Средний: нельзя публиковать шаблонный дубль с одной заменой города; требуется локальная ценность.";P3
/web-studiya/taldykorgan;Страница отсутствовала в старой SEO-карте;Веб-студия: отдельная региональная страница для города Талдыкорган;NEW;Новое требование: основные услуги веб-студии должны покрывать 18 основных городов Казахстана.;"Текущие страницы не меняются; новая страница дополняет региональную архитектуру.";Нет;"Средний: нельзя публиковать шаблонный дубль с одной заменой города; требуется локальная ценность.";P2
/sozdanie-saitov-v-taldykorgane;Страница отсутствовала в старой SEO-карте;Создание сайтов: отдельная региональная страница для города Талдыкорган;NEW;Новое требование: основные услуги веб-студии должны покрывать 18 основных городов Казахстана.;"Текущие страницы не меняются; новая страница дополняет региональную архитектуру.";Нет;"Средний: нельзя публиковать шаблонный дубль с одной заменой города; требуется локальная ценность.";P2
/web-studiya/dizayn/taldykorgan;Страница отсутствовала в старой SEO-карте;Услуги дизайнера: отдельная региональная страница для города Талдыкорган;NEW;Новое требование: основные услуги веб-студии должны покрывать 18 основных городов Казахстана.;"Текущие страницы не меняются; новая страница дополняет региональную архитектуру.";Нет;"Средний: нельзя публиковать шаблонный дубль с одной заменой города; требуется локальная ценность.";P3
/seo-prodvizhenie-sajtov-v-taldykorgane;Страница отсутствовала в старой SEO-карте;SEO-продвижение: отдельная региональная страница для города Талдыкорган;NEW;Новое требование: основные услуги веб-студии должны покрывать 18 основных городов Казахстана.;"Текущие страницы не меняются; новая страница дополняет региональную архитектуру.";Нет;"Средний: нельзя публиковать шаблонный дубль с одной заменой города; требуется локальная ценность.";P2
/web-studiya/aeo-geo-prodvizhenie/taldykorgan;Страница отсутствовала в старой SEO-карте;AEO/GEO-продвижение: отдельная региональная страница для города Талдыкорган;NEW;Новое требование: основные услуги веб-студии должны покрывать 18 основных городов Казахстана.;"Текущие страницы не меняются; новая страница дополняет региональную архитектуру.";Нет;"Средний: нельзя публиковать шаблонный дубль с одной заменой города; требуется локальная ценность.";P3
/web-studiya/kontekstnaya-reklama/taldykorgan;Страница отсутствовала в старой SEO-карте;Контекстная реклама: отдельная региональная страница для города Талдыкорган;NEW;Новое требование: основные услуги веб-студии должны покрывать 18 основных городов Казахстана.;"Текущие страницы не меняются; новая страница дополняет региональную архитектуру.";Нет;"Средний: нельзя публиковать шаблонный дубль с одной заменой города; требуется локальная ценность.";P3
/web-studiya/lidogeneratsiya/taldykorgan;Страница отсутствовала в старой SEO-карте;Лидогенерация: отдельная региональная страница для города Талдыкорган;NEW;Новое требование: основные услуги веб-студии должны покрывать 18 основных городов Казахстана.;"Текущие страницы не меняются; новая страница дополняет региональную архитектуру.";Нет;"Средний: нельзя публиковать шаблонный дубль с одной заменой города; требуется локальная ценность.";P3
/web-studiya/podderzhka-saytov/taldykorgan;Страница отсутствовала в старой SEO-карте;Поддержка сайтов: отдельная региональная страница для города Талдыкорган;NEW;Новое требование: основные услуги веб-студии должны покрывать 18 основных городов Казахстана.;"Текущие страницы не меняются; новая страница дополняет региональную архитектуру.";Нет;"Средний: нельзя публиковать шаблонный дубль с одной заменой города; требуется локальная ценность.";P3
/web-studiya/digital-konsalting/taldykorgan;Страница отсутствовала в старой SEO-карте;Digital-консалтинг: отдельная региональная страница для города Талдыкорган;NEW;Новое требование: основные услуги веб-студии должны покрывать 18 основных городов Казахстана.;"Текущие страницы не меняются; новая страница дополняет региональную архитектуру.";Нет;"Средний: нельзя публиковать шаблонный дубль с одной заменой города; требуется локальная ценность.";P3
/web-studiya/taraz;Страница отсутствовала в старой SEO-карте;Веб-студия: отдельная региональная страница для города Тараз;NEW;Новое требование: основные услуги веб-студии должны покрывать 18 основных городов Казахстана.;"Текущие страницы не меняются; новая страница дополняет региональную архитектуру.";Нет;"Средний: нельзя публиковать шаблонный дубль с одной заменой города; требуется локальная ценность.";P2
/sozdanie-saitov-v-taraze;Страница отсутствовала в старой SEO-карте;Создание сайтов: отдельная региональная страница для города Тараз;NEW;Новое требование: основные услуги веб-студии должны покрывать 18 основных городов Казахстана.;"Текущие страницы не меняются; новая страница дополняет региональную архитектуру.";Нет;"Средний: нельзя публиковать шаблонный дубль с одной заменой города; требуется локальная ценность.";P2
/web-studiya/dizayn/taraz;Страница отсутствовала в старой SEO-карте;Услуги дизайнера: отдельная региональная страница для города Тараз;NEW;Новое требование: основные услуги веб-студии должны покрывать 18 основных городов Казахстана.;"Текущие страницы не меняются; новая страница дополняет региональную архитектуру.";Нет;"Средний: нельзя публиковать шаблонный дубль с одной заменой города; требуется локальная ценность.";P3
/seo-prodvizhenie-sajtov-v-taraze;Страница отсутствовала в старой SEO-карте;SEO-продвижение: отдельная региональная страница для города Тараз;NEW;Новое требование: основные услуги веб-студии должны покрывать 18 основных городов Казахстана.;"Текущие страницы не меняются; новая страница дополняет региональную архитектуру.";Нет;"Средний: нельзя публиковать шаблонный дубль с одной заменой города; требуется локальная ценность.";P2
/web-studiya/aeo-geo-prodvizhenie/taraz;Страница отсутствовала в старой SEO-карте;AEO/GEO-продвижение: отдельная региональная страница для города Тараз;NEW;Новое требование: основные услуги веб-студии должны покрывать 18 основных городов Казахстана.;"Текущие страницы не меняются; новая страница дополняет региональную архитектуру.";Нет;"Средний: нельзя публиковать шаблонный дубль с одной заменой города; требуется локальная ценность.";P3
/web-studiya/kontekstnaya-reklama/taraz;Страница отсутствовала в старой SEO-карте;Контекстная реклама: отдельная региональная страница для города Тараз;NEW;Новое требование: основные услуги веб-студии должны покрывать 18 основных городов Казахстана.;"Текущие страницы не меняются; новая страница дополняет региональную архитектуру.";Нет;"Средний: нельзя публиковать шаблонный дубль с одной заменой города; требуется локальная ценность.";P3
/web-studiya/lidogeneratsiya/taraz;Страница отсутствовала в старой SEO-карте;Лидогенерация: отдельная региональная страница для города Тараз;NEW;Новое требование: основные услуги веб-студии должны покрывать 18 основных городов Казахстана.;"Текущие страницы не меняются; новая страница дополняет региональную архитектуру.";Нет;"Средний: нельзя публиковать шаблонный дубль с одной заменой города; требуется локальная ценность.";P3
/web-studiya/podderzhka-saytov/taraz;Страница отсутствовала в старой SEO-карте;Поддержка сайтов: отдельная региональная страница для города Тараз;NEW;Новое требование: основные услуги веб-студии должны покрывать 18 основных городов Казахстана.;"Текущие страницы не меняются; новая страница дополняет региональную архитектуру.";Нет;"Средний: нельзя публиковать шаблонный дубль с одной заменой города; требуется локальная ценность.";P3
/web-studiya/digital-konsalting/taraz;Страница отсутствовала в старой SEO-карте;Digital-консалтинг: отдельная региональная страница для города Тараз;NEW;Новое требование: основные услуги веб-студии должны покрывать 18 основных городов Казахстана.;"Текущие страницы не меняются; новая страница дополняет региональную архитектуру.";Нет;"Средний: нельзя публиковать шаблонный дубль с одной заменой города; требуется локальная ценность.";P3
/web-studiya/turkestan;Страница отсутствовала в старой SEO-карте;Веб-студия: отдельная региональная страница для города Туркестан;NEW;Новое требование: основные услуги веб-студии должны покрывать 18 основных городов Казахстана.;"Текущие страницы не меняются; новая страница дополняет региональную архитектуру.";Нет;"Средний: нельзя публиковать шаблонный дубль с одной заменой города; требуется локальная ценность.";P2
/sozdanie-saitov-v-turkestane;Страница отсутствовала в старой SEO-карте;Создание сайтов: отдельная региональная страница для города Туркестан;NEW;Новое требование: основные услуги веб-студии должны покрывать 18 основных городов Казахстана.;"Текущие страницы не меняются; новая страница дополняет региональную архитектуру.";Нет;"Средний: нельзя публиковать шаблонный дубль с одной заменой города; требуется локальная ценность.";P2
/web-studiya/dizayn/turkestan;Страница отсутствовала в старой SEO-карте;Услуги дизайнера: отдельная региональная страница для города Туркестан;NEW;Новое требование: основные услуги веб-студии должны покрывать 18 основных городов Казахстана.;"Текущие страницы не меняются; новая страница дополняет региональную архитектуру.";Нет;"Средний: нельзя публиковать шаблонный дубль с одной заменой города; требуется локальная ценность.";P3
/seo-prodvizhenie-sajtov-v-turkestane;Страница отсутствовала в старой SEO-карте;SEO-продвижение: отдельная региональная страница для города Туркестан;NEW;Новое требование: основные услуги веб-студии должны покрывать 18 основных городов Казахстана.;"Текущие страницы не меняются; новая страница дополняет региональную архитектуру.";Нет;"Средний: нельзя публиковать шаблонный дубль с одной заменой города; требуется локальная ценность.";P2
/web-studiya/aeo-geo-prodvizhenie/turkestan;Страница отсутствовала в старой SEO-карте;AEO/GEO-продвижение: отдельная региональная страница для города Туркестан;NEW;Новое требование: основные услуги веб-студии должны покрывать 18 основных городов Казахстана.;"Текущие страницы не меняются; новая страница дополняет региональную архитектуру.";Нет;"Средний: нельзя публиковать шаблонный дубль с одной заменой города; требуется локальная ценность.";P3
/web-studiya/kontekstnaya-reklama/turkestan;Страница отсутствовала в старой SEO-карте;Контекстная реклама: отдельная региональная страница для города Туркестан;NEW;Новое требование: основные услуги веб-студии должны покрывать 18 основных городов Казахстана.;"Текущие страницы не меняются; новая страница дополняет региональную архитектуру.";Нет;"Средний: нельзя публиковать шаблонный дубль с одной заменой города; требуется локальная ценность.";P3
/web-studiya/lidogeneratsiya/turkestan;Страница отсутствовала в старой SEO-карте;Лидогенерация: отдельная региональная страница для города Туркестан;NEW;Новое требование: основные услуги веб-студии должны покрывать 18 основных городов Казахстана.;"Текущие страницы не меняются; новая страница дополняет региональную архитектуру.";Нет;"Средний: нельзя публиковать шаблонный дубль с одной заменой города; требуется локальная ценность.";P3
/web-studiya/podderzhka-saytov/turkestan;Страница отсутствовала в старой SEO-карте;Поддержка сайтов: отдельная региональная страница для города Туркестан;NEW;Новое требование: основные услуги веб-студии должны покрывать 18 основных городов Казахстана.;"Текущие страницы не меняются; новая страница дополняет региональную архитектуру.";Нет;"Средний: нельзя публиковать шаблонный дубль с одной заменой города; требуется локальная ценность.";P3
/web-studiya/digital-konsalting/turkestan;Страница отсутствовала в старой SEO-карте;Digital-консалтинг: отдельная региональная страница для города Туркестан;NEW;Новое требование: основные услуги веб-студии должны покрывать 18 основных городов Казахстана.;"Текущие страницы не меняются; новая страница дополняет региональную архитектуру.";Нет;"Средний: нельзя публиковать шаблонный дубль с одной заменой города; требуется локальная ценность.";P3
/web-studiya/uralsk;Страница отсутствовала в старой SEO-карте;Веб-студия: отдельная региональная страница для города Уральск;NEW;Новое требование: основные услуги веб-студии должны покрывать 18 основных городов Казахстана.;"Текущие страницы не меняются; новая страница дополняет региональную архитектуру.";Нет;"Средний: нельзя публиковать шаблонный дубль с одной заменой города; требуется локальная ценность.";P2
/sozdanie-saitov-v-uralske;Страница отсутствовала в старой SEO-карте;Создание сайтов: отдельная региональная страница для города Уральск;NEW;Новое требование: основные услуги веб-студии должны покрывать 18 основных городов Казахстана.;"Текущие страницы не меняются; новая страница дополняет региональную архитектуру.";Нет;"Средний: нельзя публиковать шаблонный дубль с одной заменой города; требуется локальная ценность.";P2
/web-studiya/dizayn/uralsk;Страница отсутствовала в старой SEO-карте;Услуги дизайнера: отдельная региональная страница для города Уральск;NEW;Новое требование: основные услуги веб-студии должны покрывать 18 основных городов Казахстана.;"Текущие страницы не меняются; новая страница дополняет региональную архитектуру.";Нет;"Средний: нельзя публиковать шаблонный дубль с одной заменой города; требуется локальная ценность.";P3
/seo-prodvizhenie-sajtov-v-uralske;Страница отсутствовала в старой SEO-карте;SEO-продвижение: отдельная региональная страница для города Уральск;NEW;Новое требование: основные услуги веб-студии должны покрывать 18 основных городов Казахстана.;"Текущие страницы не меняются; новая страница дополняет региональную архитектуру.";Нет;"Средний: нельзя публиковать шаблонный дубль с одной заменой города; требуется локальная ценность.";P2
/web-studiya/aeo-geo-prodvizhenie/uralsk;Страница отсутствовала в старой SEO-карте;AEO/GEO-продвижение: отдельная региональная страница для города Уральск;NEW;Новое требование: основные услуги веб-студии должны покрывать 18 основных городов Казахстана.;"Текущие страницы не меняются; новая страница дополняет региональную архитектуру.";Нет;"Средний: нельзя публиковать шаблонный дубль с одной заменой города; требуется локальная ценность.";P3
/web-studiya/kontekstnaya-reklama/uralsk;Страница отсутствовала в старой SEO-карте;Контекстная реклама: отдельная региональная страница для города Уральск;NEW;Новое требование: основные услуги веб-студии должны покрывать 18 основных городов Казахстана.;"Текущие страницы не меняются; новая страница дополняет региональную архитектуру.";Нет;"Средний: нельзя публиковать шаблонный дубль с одной заменой города; требуется локальная ценность.";P3
/web-studiya/lidogeneratsiya/uralsk;Страница отсутствовала в старой SEO-карте;Лидогенерация: отдельная региональная страница для города Уральск;NEW;Новое требование: основные услуги веб-студии должны покрывать 18 основных городов Казахстана.;"Текущие страницы не меняются; новая страница дополняет региональную архитектуру.";Нет;"Средний: нельзя публиковать шаблонный дубль с одной заменой города; требуется локальная ценность.";P3
/web-studiya/podderzhka-saytov/uralsk;Страница отсутствовала в старой SEO-карте;Поддержка сайтов: отдельная региональная страница для города Уральск;NEW;Новое требование: основные услуги веб-студии должны покрывать 18 основных городов Казахстана.;"Текущие страницы не меняются; новая страница дополняет региональную архитектуру.";Нет;"Средний: нельзя публиковать шаблонный дубль с одной заменой города; требуется локальная ценность.";P3
/web-studiya/digital-konsalting/uralsk;Страница отсутствовала в старой SEO-карте;Digital-консалтинг: отдельная региональная страница для города Уральск;NEW;Новое требование: основные услуги веб-студии должны покрывать 18 основных городов Казахстана.;"Текущие страницы не меняются; новая страница дополняет региональную архитектуру.";Нет;"Средний: нельзя публиковать шаблонный дубль с одной заменой города; требуется локальная ценность.";P3
/web-studiya/ust-kamenogorsk;Страница отсутствовала в старой SEO-карте;Веб-студия: отдельная региональная страница для города Усть-Каменогорск;NEW;Новое требование: основные услуги веб-студии должны покрывать 18 основных городов Казахстана.;"Текущие страницы не меняются; новая страница дополняет региональную архитектуру.";Нет;"Средний: нельзя публиковать шаблонный дубль с одной заменой города; требуется локальная ценность.";P2
/sozdanie-saitov-v-ust-kamenogorske;Страница отсутствовала в старой SEO-карте;Создание сайтов: отдельная региональная страница для города Усть-Каменогорск;NEW;Новое требование: основные услуги веб-студии должны покрывать 18 основных городов Казахстана.;"Текущие страницы не меняются; новая страница дополняет региональную архитектуру.";Нет;"Средний: нельзя публиковать шаблонный дубль с одной заменой города; требуется локальная ценность.";P2
/web-studiya/dizayn/ust-kamenogorsk;Страница отсутствовала в старой SEO-карте;Услуги дизайнера: отдельная региональная страница для города Усть-Каменогорск;NEW;Новое требование: основные услуги веб-студии должны покрывать 18 основных городов Казахстана.;"Текущие страницы не меняются; новая страница дополняет региональную архитектуру.";Нет;"Средний: нельзя публиковать шаблонный дубль с одной заменой города; требуется локальная ценность.";P3
/seo-prodvizhenie-sajtov-v-ust-kamenogorske;Страница отсутствовала в старой SEO-карте;SEO-продвижение: отдельная региональная страница для города Усть-Каменогорск;NEW;Новое требование: основные услуги веб-студии должны покрывать 18 основных городов Казахстана.;"Текущие страницы не меняются; новая страница дополняет региональную архитектуру.";Нет;"Средний: нельзя публиковать шаблонный дубль с одной заменой города; требуется локальная ценность.";P2
/web-studiya/aeo-geo-prodvizhenie/ust-kamenogorsk;Страница отсутствовала в старой SEO-карте;AEO/GEO-продвижение: отдельная региональная страница для города Усть-Каменогорск;NEW;Новое требование: основные услуги веб-студии должны покрывать 18 основных городов Казахстана.;"Текущие страницы не меняются; новая страница дополняет региональную архитектуру.";Нет;"Средний: нельзя публиковать шаблонный дубль с одной заменой города; требуется локальная ценность.";P3
/web-studiya/kontekstnaya-reklama/ust-kamenogorsk;Страница отсутствовала в старой SEO-карте;Контекстная реклама: отдельная региональная страница для города Усть-Каменогорск;NEW;Новое требование: основные услуги веб-студии должны покрывать 18 основных городов Казахстана.;"Текущие страницы не меняются; новая страница дополняет региональную архитектуру.";Нет;"Средний: нельзя публиковать шаблонный дубль с одной заменой города; требуется локальная ценность.";P3
/web-studiya/lidogeneratsiya/ust-kamenogorsk;Страница отсутствовала в старой SEO-карте;Лидогенерация: отдельная региональная страница для города Усть-Каменогорск;NEW;Новое требование: основные услуги веб-студии должны покрывать 18 основных городов Казахстана.;"Текущие страницы не меняются; новая страница дополняет региональную архитектуру.";Нет;"Средний: нельзя публиковать шаблонный дубль с одной заменой города; требуется локальная ценность.";P3
/web-studiya/podderzhka-saytov/ust-kamenogorsk;Страница отсутствовала в старой SEO-карте;Поддержка сайтов: отдельная региональная страница для города Усть-Каменогорск;NEW;Новое требование: основные услуги веб-студии должны покрывать 18 основных городов Казахстана.;"Текущие страницы не меняются; новая страница дополняет региональную архитектуру.";Нет;"Средний: нельзя публиковать шаблонный дубль с одной заменой города; требуется локальная ценность.";P3
/web-studiya/digital-konsalting/ust-kamenogorsk;Страница отсутствовала в старой SEO-карте;Digital-консалтинг: отдельная региональная страница для города Усть-Каменогорск;NEW;Новое требование: основные услуги веб-студии должны покрывать 18 основных городов Казахстана.;"Текущие страницы не меняются; новая страница дополняет региональную архитектуру.";Нет;"Средний: нельзя публиковать шаблонный дубль с одной заменой города; требуется локальная ценность.";P3
