ID;Уровень;Родительский раздел;Название страницы;Назначение;Старый URL;Итоговый URL;H1;Title;Description;Основной интент;Основной запрос;Дополнительные запросы;Доступная частотность;Тип страницы;Индексируемость;Schema.org;Входящие внутренние ссылки;Исходящие внутренние ссылки;Необходимые материалы;Приоритет P1–P4;Этап разработки;Статус публикации;Решение;Обоснование;Уровень уверенности;Кластер;GSC клики URL;GSC показы URL;GSC позиция URL;Активная страница;Длина Title;Длина Description
1;1;—;Главная;Главная навигационная и брендовая страница всей экосистемы.;/;/;Raskrutov — экосистема цифрового роста бизнеса;Raskrutov — цифровая экосистема для роста бизнеса;Сайты, продвижение, CRM, автоматизация, обучение, партнёрская сеть и R-Builder для цифрового роста бизнеса в Казахстане.;Брендовый / навигационный / коммерческий;Raskrutov;нет данных;;Главная;index, follow;Organization, LocalBusiness, WebSite;"/akademiya; /blog; /crm; /faq; /keysy; /kontakti; /o-kompanii; /partneram; /politika-konfidencialnosti; /publichnaya-oferta; /r-builder; /soglasie-na-obrabotku-personalnyh-dannyh; /web-studiya";"/akademiya; /blog; /crm; /faq; /keysy; /kontakti; /o-kompanii; /partneram; /politika-konfidencialnosti; /publichnaya-oferta; /r-builder; /soglasie-na-obrabotku-personalnyh-dannyh; /web-studiya";Подтверждённые факты о компании, направления, кейсы, команда, контакты, CTA.;P1;SEO-проверка;Опубликована (sitemap);KEEP;"Существующий URL сохраняется; отдельный интент подтверждён архитектурой и/или данными.";Высокая;home;270;5931;39.73;Да;49;120
2;2;Главная;Вебстудия Raskrutov;Хаб услуг веб-студии и точка входа в коммерческие направления.;/web-studiya;/web-studiya;Веб-студия Raskrutov;Вебстудия Raskrutov — сайты, продвижение и digital-решения;Создаём сайты, настраиваем продвижение, рекламу, CRM и digital-инструменты для заявок, продаж и роста бизнеса.;Коммерческий;веб студия казахстан;"веб студия; web студия; студия веб; веб агентство; студия сайтов; топ веб студий; веб студия топ; сайт веб студии; веб студия сайт; веб студия цены";50;Хаб;index, follow;CollectionPage, BreadcrumbList;"/; /seo-prodvizhenie-sajtov; /sozdanie-saitov; /web-studiya/aeo-geo-prodvizhenie; /web-studiya/digital-konsalting; /web-studiya/dizayn; /web-studiya/kontekstnaya-reklama; /web-studiya/lidogeneratsiya; /web-studiya/podderzhka-saytov; /web-studiya/almaty; /web-studiya/astana; /web-studiya/shymkent; /web-studiya/aktau; /web-studiya/aktobe; /web-studiya/atyrau; /web-studiya/karaganda; /web-studiya/kokshetau; /web-studiya/kostanay; /web-studiya/kyzylorda; /web-studiya/pavlodar; /web-studiya/petropavlovsk; /web-studiya/semey; /web-studiya/taldykorgan; /web-studiya/taraz; /web-studiya/turkestan; /web-studiya/uralsk; /web-studiya/ust-kamenogorsk";"/; /keysy/sayty; /seo-prodvizhenie-sajtov; /sozdanie-saitov; /web-studiya/aeo-geo-prodvizhenie; /web-studiya/digital-konsalting; /web-studiya/dizayn; /web-studiya/kontekstnaya-reklama; /web-studiya/lidogeneratsiya; /web-studiya/podderzhka-saytov; /web-studiya/almaty; /web-studiya/astana; /web-studiya/shymkent; /web-studiya/aktau; /web-studiya/aktobe; /web-studiya/atyrau; /web-studiya/karaganda; /web-studiya/kokshetau; /web-studiya/kostanay; /web-studiya/kyzylorda; /web-studiya/pavlodar; /web-studiya/petropavlovsk; /web-studiya/semey; /web-studiya/taldykorgan; /web-studiya/taraz; /web-studiya/turkestan; /web-studiya/uralsk; /web-studiya/ust-kamenogorsk";Экспертный текст, реальные кейсы, преимущества, процесс работы, FAQ, CTA, изображения.;P1;SEO-проверка;Опубликована (sitemap);KEEP;"Существующий URL сохраняется; отдельный интент подтверждён архитектурой и/или данными.";Высокая;webstudio;;;;Да;58;110
3;2;Вебстудия Raskrutov;Создание сайтов;Посадочная страница направления «Создание сайтов».;"/sozdanie-saitov; /web-studiya/sozdanie-saitov";/sozdanie-saitov;Создание сайтов под ключ для бизнеса в Казахстане;Создание сайтов под ключ в Казахстане | Raskrutov;Разрабатываем лендинги, корпоративные сайты и интернет-магазины: структура, дизайн, запуск, интеграции и подготовка к продвижению.;Коммерческий;создание сайтов;"заказать сайт; разработка сайта; разработка сайтов; разработчик сайта; нужен сайт; заказ сайта; сайт под ключ; сайт на заказ; создание сайт; заказ на сайт";500;Услуга;index, follow;Service, BreadcrumbList, FAQPage (если FAQ видим на странице);"/sozdanie-onlain-shkol-i-kursov; /sozdanie-saitov-v-Petropavlovske; /sozdanie-saitov-v-almaty; /sozdanie-saitov-v-astane; /sozdanie-saitov-v-karagande; /sozdanie-saitov-v-shimkente; /web-studiya; /web-studiya/sozdanie-saitov/ai-konsultanty; /web-studiya/sozdanie-saitov/integratsii; /web-studiya/sozdanie-saitov/internet-magazin; /web-studiya/sozdanie-saitov/korporativnyy-sayt; /web-studiya/sozdanie-saitov/landing; /web-studiya/sozdanie-saitov/mnogostranichnye-sayty; /web-studiya/sozdanie-saitov/onlayn-kalkulyatory; /web-studiya/sozdanie-saitov/redizayn-sayta; /web-studiya/sozdanie-saitov/sayt-vizitka; /sozdanie-saitov-v-aktau; /sozdanie-saitov-v-aktobe; /sozdanie-saitov-v-atyrau; /sozdanie-saitov-v-kokshetau; /sozdanie-saitov-v-kostanae; /sozdanie-saitov-v-kyzylorde; /sozdanie-saitov-v-pavlodare; /sozdanie-saitov-v-semee; /sozdanie-saitov-v-taldykorgane; /sozdanie-saitov-v-taraze; /sozdanie-saitov-v-turkestane; /sozdanie-saitov-v-uralske; /sozdanie-saitov-v-ust-kamenogorske";"/; /keysy/sayty; /seo-prodvizhenie-sajtov; /sozdanie-onlain-shkol-i-kursov; /sozdanie-saitov-v-Petropavlovske; /sozdanie-saitov-v-almaty; /sozdanie-saitov-v-astane; /sozdanie-saitov-v-karagande; /sozdanie-saitov-v-shimkente; /web-studiya; /web-studiya/podderzhka-saytov; /web-studiya/sozdanie-saitov/ai-konsultanty; /web-studiya/sozdanie-saitov/integratsii; /web-studiya/sozdanie-saitov/internet-magazin; /web-studiya/sozdanie-saitov/korporativnyy-sayt; /web-studiya/sozdanie-saitov/landing; /web-studiya/sozdanie-saitov/mnogostranichnye-sayty; /web-studiya/sozdanie-saitov/onlayn-kalkulyatory; /web-studiya/sozdanie-saitov/redizayn-sayta; /web-studiya/sozdanie-saitov/sayt-vizitka; /sozdanie-saitov-v-aktau; /sozdanie-saitov-v-aktobe; /sozdanie-saitov-v-atyrau; /sozdanie-saitov-v-kokshetau; /sozdanie-saitov-v-kostanae; /sozdanie-saitov-v-kyzylorde; /sozdanie-saitov-v-pavlodare; /sozdanie-saitov-v-semee; /sozdanie-saitov-v-taldykorgane; /sozdanie-saitov-v-taraze; /sozdanie-saitov-v-turkestane; /sozdanie-saitov-v-uralske; /sozdanie-saitov-v-ust-kamenogorske";Экспертный текст, реальные кейсы, преимущества, процесс работы, FAQ, CTA, изображения.;P1;Переработка контента и SEO;"Старый URL с данными GSC; сохранить и проверить доступность";UPDATE;Сохраняем legacy-URL /sozdanie-saitov: у него есть показы и клики GSC. Новый вложенный дубль должен вести на него напрямую.;Высокая;site_creation;3;1622;37.79;Да;49;130
4;4;Создание сайтов;Создание лендингов;Посадочная страница направления «Создание лендингов».;/web-studiya/sozdanie-saitov/landing;/web-studiya/sozdanie-saitov/landing;Создание лендингов;Создание лендингов в Казахстане — посадочные страницы;Разрабатываем продающие лендинги под рекламу, услуги, продукты и запуск новых направлений бизнеса.;Коммерческий;создание лендингов;"топ лендингов; продвижение лендинга; продвижение лендинг сайта; продвижение лендинга под ключ; раскрутка лендинга; создание и продвижение лендинга; создание и продвижение лендинга под ключ; разработка лендинг пейдж алматы; создание landing page в алматы; создание landing page алматы";50;Узкая услуга;index, follow;Service, BreadcrumbList, FAQPage (если FAQ видим на странице);/sozdanie-saitov;"/; /keysy/sayty; /seo-prodvizhenie-sajtov; /sozdanie-saitov; /web-studiya/podderzhka-saytov";Экспертный текст, реальные кейсы, преимущества, процесс работы, FAQ, CTA, изображения.;P1;SEO-проверка;Опубликована (sitemap);KEEP;"Существующий URL сохраняется; отдельный интент подтверждён архитектурой и/или данными.";Высокая;site_landing;;;;Да;53;98
5;4;Создание сайтов;Создание многостраничных сайтов;Посадочная страница направления «Создание многостраничных сайтов».;/web-studiya/sozdanie-saitov/mnogostranichnye-sayty;/web-studiya/sozdanie-saitov/mnogostranichnye-sayty;Создание многостраничных сайтов;Создание многостраничных сайтов — структура, SEO, заявки;Создаём многостраничные сайты для бизнеса с каталогом услуг, SEO-структурой, FAQ, формами и аналитикой.;Коммерческий;создание многостраничных сайтов;"многостраничный сайт; многостраничный сайт под ключ; создание многостраничного сайта; разработка многостраничного сайта; конструктор многостраничных сайтов";;Узкая услуга;index, follow;Service, BreadcrumbList, FAQPage (если FAQ видим на странице);/sozdanie-saitov;"/; /keysy/sayty; /seo-prodvizhenie-sajtov; /sozdanie-saitov; /web-studiya/podderzhka-saytov";Экспертный текст, реальные кейсы, преимущества, процесс работы, FAQ, CTA, изображения.;P1;Структура/SEO;Не опубликована;NEW;Отдельный интент или стратегическая страница отсутствует в опубликованной структуре.;Высокая;site_multipage;;;;Да;56;103
6;4;Создание сайтов;Создание корпоративного сайта;Посадочная страница направления «Создание корпоративного сайта».;/web-studiya/sozdanie-saitov/korporativnyy-sayt;/web-studiya/sozdanie-saitov/korporativnyy-sayt;Создание корпоративного сайта;Создание корпоративного сайта — имидж и заявки для компании;Разрабатываем корпоративные сайты для компаний Казахстана: структура, тексты, дизайн, кейсы, доверие и заявки.;Коммерческий;создание корпоративного сайта;"создать корпоративный сайт; корпоративный сайт компании; создание корпоративных сайтов; разработка корпоративных сайтов; создание корпоративного сайта астана; продвижение корпоративных сайтов; заказать корпоративный сайт под ключ; создание корпоративных сайтов под ключ; создание корпоративного сайта под ключ; разработка корпоративных сайтов в алмате";50;Узкая услуга;index, follow;Service, BreadcrumbList, FAQPage (если FAQ видим на странице);/sozdanie-saitov;"/; /keysy/sayty; /seo-prodvizhenie-sajtov; /sozdanie-saitov; /web-studiya/podderzhka-saytov";Экспертный текст, реальные кейсы, преимущества, процесс работы, FAQ, CTA, изображения.;P1;Структура/SEO;Не опубликована;NEW;Отдельный интент или стратегическая страница отсутствует в опубликованной структуре.;Высокая;site_corporate;;;;Да;59;110
7;4;Создание сайтов;Создание интернет-магазинов;Посадочная страница направления «Создание интернет-магазинов».;/web-studiya/sozdanie-saitov/internet-magazin;/web-studiya/sozdanie-saitov/internet-magazin;Создание интернет-магазинов;Создание интернет-магазина — каталог, корзина, оплата, CRM;Создаём интернет-магазины с каталогом, карточками товаров, корзиной, заявками, оплатой и интеграциями.;Коммерческий;создание интернет-магазинов;"создать интернет магазин; создания интернет магазина; раскрутка интернет магазина; интернет магазин разработка; создание интернет магазинов; интернет магазин цена сайта; поддержка интернет магазина; разработка интернет магазина; раскрутка интернет магазинов; продвижение интернет магазина";50;Узкая услуга;index, follow;Service, BreadcrumbList, FAQPage (если FAQ видим на странице);/sozdanie-saitov;"/; /keysy/sayty; /seo-prodvizhenie-sajtov; /sozdanie-saitov; /web-studiya/podderzhka-saytov";Экспертный текст, реальные кейсы, преимущества, процесс работы, FAQ, CTA, изображения.;P1;Структура/SEO;Не опубликована;NEW;Отдельный интент или стратегическая страница отсутствует в опубликованной структуре.;Высокая;site_ecommerce;;;;Да;58;102
9;4;Создание сайтов;Создание сайта-визитки;Посадочная страница направления «Создание сайта-визитки».;/web-studiya/sozdanie-saitov/sayt-vizitka;/web-studiya/sozdanie-saitov/sayt-vizitka;Создание сайта-визитки;Создание сайта-визитки — быстрый сайт для компании;Делаем лаконичные сайты-визитки для бизнеса, специалистов и локальных услуг с понятной подачей и контактами.;Коммерческий;создание сайта-визитки;"сайт визитка в алматы; сайт визитка; сайт визитка под ключ";;Узкая услуга;index, follow;Service, BreadcrumbList, FAQPage (если FAQ видим на странице);/sozdanie-saitov;"/; /keysy/sayty; /seo-prodvizhenie-sajtov; /sozdanie-saitov; /web-studiya/podderzhka-saytov";Экспертный текст, реальные кейсы, преимущества, процесс работы, FAQ, CTA, изображения.;P2;Структура/SEO;Не опубликована;NEW;Отдельный интент или стратегическая страница отсутствует в опубликованной структуре.;Высокая;site_business_card;;;;Да;50;108
10;4;Создание сайтов;Редизайн сайтов;Посадочная страница направления «Редизайн сайтов».;/web-studiya/sozdanie-saitov/redizayn-sayta;/web-studiya/sozdanie-saitov/redizayn-sayta;Редизайн сайтов;Редизайн сайта — обновление дизайна, структуры и конверсии;Обновляем устаревшие сайты: улучшаем дизайн, структуру, мобильную версию, тексты и точки заявки.;Коммерческий;редизайн сайтов;"переделка сайта; модернизация сайта; редизайн сайта; редизайн лендинга; заказать редизайн сайта; редизайн существующего сайта";50;Узкая услуга;index, follow;Service, BreadcrumbList, FAQPage (если FAQ видим на странице);/sozdanie-saitov;"/; /keysy/sayty; /seo-prodvizhenie-sajtov; /sozdanie-saitov; /web-studiya/podderzhka-saytov";Экспертный текст, реальные кейсы, преимущества, процесс работы, FAQ, CTA, изображения.;P2;Структура/SEO;Не опубликована;NEW;Отдельный интент или стратегическая страница отсутствует в опубликованной структуре.;Высокая;site_redesign;;;;Да;58;96
11;4;Создание сайтов;Интеграции;Посадочная страница направления «Интеграции».;/web-studiya/sozdanie-saitov/integratsii;/web-studiya/sozdanie-saitov/integratsii;Интеграции;Интеграции для сайта — CRM, формы, оплата, аналитика;Подключаем к сайту CRM, формы, мессенджеры, оплату, аналитику, онлайн-сервисы и автоматические уведомления.;Коммерческий;интеграции;интеграция сайта с сервисами;;Узкая услуга;index, follow;Service, BreadcrumbList, FAQPage (если FAQ видим на странице);"/sozdanie-saitov; /sozdanie-saitov-s-1c-integraciya";"/; /keysy/sayty; /seo-prodvizhenie-sajtov; /sozdanie-saitov; /sozdanie-saitov-s-1c-integraciya; /web-studiya/podderzhka-saytov";Экспертный текст, реальные кейсы, преимущества, процесс работы, FAQ, CTA, изображения.;P2;Структура/SEO;Не опубликована;NEW;Отдельный интент или стратегическая страница отсутствует в опубликованной структуре.;Высокая;site_integrations;;;;Да;52;107
13;4;Создание сайтов;Разработка онлайн-калькуляторов;Посадочная страница направления «Разработка онлайн-калькуляторов».;/web-studiya/sozdanie-saitov/onlayn-kalkulyatory;/web-studiya/sozdanie-saitov/onlayn-kalkulyatory;Разработка онлайн-калькуляторов;Разработка онлайн-калькуляторов для сайта;Создаём онлайн-калькуляторы стоимости, подбора и расчёта для сайтов услуг, производства, доставки и продаж.;Коммерческий;разработка онлайн-калькуляторов;"калькулятор для сайта; разработка калькулятора для сайта";;Узкая услуга;index, follow;Service, BreadcrumbList, FAQPage (если FAQ видим на странице);/sozdanie-saitov;"/; /keysy/sayty; /seo-prodvizhenie-sajtov; /sozdanie-saitov; /web-studiya/podderzhka-saytov";Экспертный текст, реальные кейсы, преимущества, процесс работы, FAQ, CTA, изображения.;P2;Структура/SEO;Не опубликована;NEW;Отдельный интент или стратегическая страница отсутствует в опубликованной структуре.;Высокая;site_calculators;;;;Да;41;107
14;4;Создание сайтов;Внедрение AI-консультантов;Посадочная страница направления «Внедрение AI-консультантов».;/web-studiya/sozdanie-saitov/ai-konsultanty;/web-studiya/sozdanie-saitov/ai-konsultanty;Внедрение AI-консультантов;AI-консультант для сайта — внедрение и настройка;Внедряем AI-консультантов на сайт для ответов на вопросы, сбора заявок и поддержки клиентов 24/7.;Коммерческий;внедрение ai-консультантов;нет данных;;Узкая услуга;index, follow;Service, BreadcrumbList, FAQPage (если FAQ видим на странице);/sozdanie-saitov;"/; /keysy/sayty; /seo-prodvizhenie-sajtov; /sozdanie-saitov; /web-studiya/podderzhka-saytov";Экспертный текст, реальные кейсы, преимущества, процесс работы, FAQ, CTA, изображения.;P2;Структура/SEO;Не опубликована;NEW;Отдельный интент или стратегическая страница отсутствует в опубликованной структуре.;Высокая;site_ai_consultants;;;;Да;48;97
15;3;Создание сайтов;Создание сайтов в Петропавловске;Геозависимая коммерческая страница направления «Создание сайтов» для компаний в Петропавловске.;/sozdanie-saitov-v-Petropavlovske;/sozdanie-saitov-v-Petropavlovske;Создание сайтов в Петропавловске;Создание сайтов в Петропавловске под ключ | Raskrutov;Создаём сайты для бизнеса в Петропавловске: лендинги, корпоративные сайты и интернет-магазины с подготовкой к SEO, рекламе и продажам.;Коммерческий геозависимый;создание сайтов петропавловск;"разработка сайтов петропавловск; заказать сайт петропавловск; создание сайта под ключ петропавловск";;Гео-услуга;index, follow;Service (areaServed: Петропавловск), BreadcrumbList, FAQPage (если FAQ видим);"/sozdanie-saitov; /web-studiya; /web-studiya/petropavlovsk";"/; /keysy/sayty; /seo-prodvizhenie-sajtov; /sozdanie-saitov; /web-studiya/podderzhka-saytov; /web-studiya/petropavlovsk; /sozdanie-saitov-v-Petropavlovske; /seo-prodvizhenie-sajtov-v-petropavlovske";Уникальный оффер для Петропавловск, особенности локального спроса и бизнеса, модель удалённой работы, релевантные кейсы, доказательства, FAQ, CTA. Нельзя публиковать шаблон только с заменой названия города.;P1;Переработка контента и SEO;"Старый URL с данными GSC; сохранить и проверить доступность";UPDATE;"Сохраняем существующий URL: отдельный геоинтент и данные GSC подтверждают самостоятельную страницу.; Включена в полную региональную матрицу 18 городов; существующий URL сохранён.";Высокая;site_geo_petropavlovsk;2;77;7.44;Да;53;134
16;3;Создание сайтов;Создание сайтов в Астане;Геозависимая коммерческая страница направления «Создание сайтов» для компаний в Астане.;/sozdanie-saitov-v-astane;/sozdanie-saitov-v-astane;Создание сайтов в Астане;Создание сайтов в Астане под ключ | Raskrutov;Создаём сайты для бизнеса в Астане: лендинги, корпоративные сайты и интернет-магазины с подготовкой к SEO, рекламе и продажам.;Коммерческий геозависимый;создание сайтов астана;"заказать сайт астана; создание сайтов в астане с нуля; создание сайтов астане; разработка сайтов астана; разработка сайтов в астане с нуля; разработка сайта в астане; создание сайтов в астане; разработка сайта астана; разработка сайтов в астане; создание сайтов в астане под ключ; создание сайта под ключ астана";;Гео-услуга;index, follow;Service (areaServed: Астана), BreadcrumbList, FAQPage (если FAQ видим);"/sozdanie-saitov; /web-studiya; /web-studiya/astana";"/; /keysy/sayty; /seo-prodvizhenie-sajtov; /sozdanie-saitov; /web-studiya/podderzhka-saytov; /web-studiya/astana; /sozdanie-saitov-v-astane; /seo-prodvizhenie-sajtov-v-astane";Уникальный оффер для Астана, особенности локального спроса и бизнеса, модель удалённой работы, релевантные кейсы, доказательства, FAQ, CTA. Нельзя публиковать шаблон только с заменой названия города.;P1;Переработка контента и SEO;"Старый URL с данными GSC; сохранить и проверить доступность";UPDATE;"Сохраняем существующий URL: отдельный геоинтент и данные GSC подтверждают самостоятельную страницу.; Включена в полную региональную матрицу 18 городов; существующий URL сохранён.";Высокая;site_geo_astana;2;1702;66.18;Да;45;126
17;3;Создание сайтов;Создание сайтов в Алматы;Геозависимая коммерческая страница направления «Создание сайтов» для компаний в Алматы.;/sozdanie-saitov-v-almaty;/sozdanie-saitov-v-almaty;Создание сайтов в Алматы;Создание сайтов в Алматы под ключ | Raskrutov;Создаём сайты для бизнеса в Алматы: лендинги, корпоративные сайты и интернет-магазины с подготовкой к SEO, рекламе и продажам.;Коммерческий геозависимый;создание сайтов алматы;"разработка сайтов алматы; создание сайта под ключ алматы; разработка сайтов под ключ алматы; сайт под ключ алматы; создание сайтов в алматы; заказать сайт для бизнеса алматы; разработка сайтов в алматы; сайт для бизнеса алматы; заказать сайт алматы; создать сайт в алматы";;Гео-услуга;index, follow;Service (areaServed: Алматы), BreadcrumbList, FAQPage (если FAQ видим);"/sozdanie-saitov; /web-studiya; /web-studiya/almaty";"/; /keysy/sayty; /seo-prodvizhenie-sajtov; /sozdanie-saitov; /web-studiya/podderzhka-saytov; /web-studiya/almaty; /sozdanie-saitov-v-almaty; /seo-prodvizhenie-sajtov-v-almaty";Уникальный оффер для Алматы, особенности локального спроса и бизнеса, модель удалённой работы, релевантные кейсы, доказательства, FAQ, CTA. Нельзя публиковать шаблон только с заменой названия города.;P1;Переработка контента и SEO;"Старый URL с данными GSC; сохранить и проверить доступность";UPDATE;"Сохраняем существующий URL: отдельный геоинтент и данные GSC подтверждают самостоятельную страницу.; Включена в полную региональную матрицу 18 городов; существующий URL сохранён.";Высокая;site_geo_almaty;1;3199;70.3;Да;45;126
18;3;Создание сайтов;Создание сайтов в Шымкенте;Геозависимая коммерческая страница направления «Создание сайтов» для компаний в Шымкенте.;/sozdanie-saitov-v-shimkente;/sozdanie-saitov-v-shimkente;Создание сайтов в Шымкенте;Создание сайтов в Шымкенте под ключ | Raskrutov;Создаём сайты для бизнеса в Шымкенте: лендинги, корпоративные сайты и интернет-магазины с подготовкой к SEO, рекламе и продажам.;Коммерческий геозависимый;создание сайтов шымкент;"создать сайт в шымкенте; разработка сайтов шымкент; разработка сайтов в шымкенте; заказать сайт шымкент; создание сайта под ключ шымкент";;Гео-услуга;index, follow;Service (areaServed: Шымкент), BreadcrumbList, FAQPage (если FAQ видим);"/sozdanie-saitov; /web-studiya; /web-studiya/shymkent";"/; /keysy/sayty; /seo-prodvizhenie-sajtov; /sozdanie-saitov; /web-studiya/podderzhka-saytov; /web-studiya/shymkent; /sozdanie-saitov-v-shimkente; /seo-prodvizhenie-sajtov-v-shimkente";Уникальный оффер для Шымкент, особенности локального спроса и бизнеса, модель удалённой работы, релевантные кейсы, доказательства, FAQ, CTA. Нельзя публиковать шаблон только с заменой названия города.;P1;Переработка контента и SEO;"Старый URL с данными GSC; сохранить и проверить доступность";UPDATE;"Сохраняем существующий URL: отдельный геоинтент и данные GSC подтверждают самостоятельную страницу.; Включена в полную региональную матрицу 18 городов; существующий URL сохранён.";Высокая;site_geo_shymkent;1;293;28.43;Да;47;128
19;3;Создание сайтов;Создание сайтов в Караганде;Геозависимая коммерческая страница направления «Создание сайтов» для компаний в Караганде.;/sozdanie-saitov-v-karagande;/sozdanie-saitov-v-karagande;Создание сайтов в Караганде;Создание сайтов в Караганде под ключ | Raskrutov;Создаём сайты для бизнеса в Караганде: лендинги, корпоративные сайты и интернет-магазины с подготовкой к SEO, рекламе и продажам.;Коммерческий геозависимый;создание сайтов караганда;"разработка сайтов в караганде; разработка сайтов караганда; заказать сайт караганда; создание сайта под ключ караганда";;Гео-услуга;index, follow;Service (areaServed: Караганда), BreadcrumbList, FAQPage (если FAQ видим);"/sozdanie-saitov; /web-studiya; /web-studiya/karaganda";"/; /keysy/sayty; /seo-prodvizhenie-sajtov; /sozdanie-saitov; /web-studiya/podderzhka-saytov; /web-studiya/karaganda; /sozdanie-saitov-v-karagande; /seo-prodvizhenie-sajtov-v-karagande";Уникальный оффер для Караганда, особенности локального спроса и бизнеса, модель удалённой работы, релевантные кейсы, доказательства, FAQ, CTA. Нельзя публиковать шаблон только с заменой названия города.;P1;Переработка контента и SEO;"Старый URL с данными GSC; сохранить и проверить доступность";UPDATE;"Сохраняем существующий URL: отдельный геоинтент и данные GSC подтверждают самостоятельную страницу.; Включена в полную региональную матрицу 18 городов; существующий URL сохранён.";Высокая;site_geo_karaganda;0;347;66.75;Да;48;129
21;4;Услуги дизайнера;Нейминг;Посадочная страница направления «Нейминг».;/web-studiya/dizayn/neyming;/web-studiya/dizayn/neyming;Нейминг;Нейминг для бизнеса — название бренда, услуги или продукта;Придумываем названия для компаний, продуктов и услуг с учётом позиционирования, смысла, звучания и доменных зон.;Коммерческий;нейминг;нет данных;;Узкая услуга;index, follow;Service, BreadcrumbList, FAQPage (если FAQ видим на странице);/web-studiya/dizayn;"/; /web-studiya/dizayn";Экспертный текст, реальные кейсы, преимущества, процесс работы, FAQ, CTA, изображения.;P3;Структура/SEO;Не опубликована;NEW;Отдельный интент или стратегическая страница отсутствует в опубликованной структуре.;Высокая;design_naming;;;;Да;58;112
22;4;Услуги дизайнера;Создание брендбука;Посадочная страница направления «Создание брендбука».;/web-studiya/dizayn/brendbuk;/web-studiya/dizayn/brendbuk;Создание брендбука;Создание брендбука — фирменный стиль и правила бренда;Разрабатываем брендбук: логотип, цвета, шрифты, визуальные правила, носители и рекомендации по использованию.;Коммерческий;создание брендбука;"брендбук цена; фирменный стиль; дизайн брендбука; заказать брендбук; брендбук компании; брендбук под ключ; разработка брендбука; фирменный стиль цена; дизайн фирменного стиля; фирменный стиль под ключ";;Узкая услуга;index, follow;Service, BreadcrumbList, FAQPage (если FAQ видим на странице);/web-studiya/dizayn;"/; /web-studiya/dizayn";Экспертный текст, реальные кейсы, преимущества, процесс работы, FAQ, CTA, изображения.;P3;Структура/SEO;Не опубликована;NEW;Отдельный интент или стратегическая страница отсутствует в опубликованной структуре.;Высокая;design_brandbook;;;;Да;53;109
23;4;Услуги дизайнера;Создание логотипа;Посадочная страница направления «Создание логотипа».;/web-studiya/dizayn/logotip;/web-studiya/dizayn/logotip;Создание логотипа;Создание логотипа — фирменный знак для бизнеса;Создаём логотипы для компаний, проектов и продуктов: концепция, варианты, доработка и подготовка файлов.;Коммерческий;создание логотипа;"сделать логотип; дизайн логотипа; заказать логотип; логотип под ключ; редизайн логотипа; логотип для бренда; разработка логотипа; логотип для бизнеса; логотип для компании; создание логотипа цена";;Узкая услуга;index, follow;Service, BreadcrumbList, FAQPage (если FAQ видим на странице);/web-studiya/dizayn;"/; /web-studiya/dizayn";Экспертный текст, реальные кейсы, преимущества, процесс работы, FAQ, CTA, изображения.;P3;Структура/SEO;Не опубликована;NEW;Отдельный интент или стратегическая страница отсутствует в опубликованной структуре.;Высокая;design_logo;;;;Да;46;104
24;2;Вебстудия Raskrutov;SEO-продвижение;Посадочная страница направления «SEO-продвижение».;"/seo-prodvizhenie-sajtov; /web-studiya/seo-prodvizhenie";/seo-prodvizhenie-sajtov;SEO-продвижение сайтов в Казахстане;SEO-продвижение сайтов в Казахстане | Raskrutov;Продвигаем сайты в Google и Яндекс: семантика, структура, контент, техническая оптимизация, аналитика и развитие коммерческих страниц.;Коммерческий;seo продвижение сайтов;"seo продвижение; seo оптимизация; продвижение сайтов; seo продвижение сайта; seo ru; сайт сео; сайт seo; гугл сео; seo сайта; seo сайты";500;Услуга;index, follow;Service, BreadcrumbList, FAQPage (если FAQ видим на странице);"/seo-prodvizhenie-sajtov-v-almaty; /seo-prodvizhenie-sajtov-v-astane; /seo-prodvizhenie-sajtov-v-karagande; /seo-prodvizhenie-sajtov-v-petropavlovske; /seo-prodvizhenie-sajtov-v-shimkente; /web-studiya; /web-studiya/seo-prodvizhenie/google; /web-studiya/seo-prodvizhenie/yandex; /seo-prodvizhenie-sajtov-v-aktau; /seo-prodvizhenie-sajtov-v-aktobe; /seo-prodvizhenie-sajtov-v-atyrau; /seo-prodvizhenie-sajtov-v-kokshetau; /seo-prodvizhenie-sajtov-v-kostanae; /seo-prodvizhenie-sajtov-v-kyzylorde; /seo-prodvizhenie-sajtov-v-pavlodare; /seo-prodvizhenie-sajtov-v-semee; /seo-prodvizhenie-sajtov-v-taldykorgane; /seo-prodvizhenie-sajtov-v-taraze; /seo-prodvizhenie-sajtov-v-turkestane; /seo-prodvizhenie-sajtov-v-uralske; /seo-prodvizhenie-sajtov-v-ust-kamenogorske";"/; /keysy/prodvizhenie; /seo-prodvizhenie-sajtov-v-almaty; /seo-prodvizhenie-sajtov-v-astane; /seo-prodvizhenie-sajtov-v-karagande; /seo-prodvizhenie-sajtov-v-petropavlovske; /seo-prodvizhenie-sajtov-v-shimkente; /sozdanie-saitov; /web-studiya; /web-studiya/aeo-geo-prodvizhenie; /web-studiya/seo-prodvizhenie/google; /web-studiya/seo-prodvizhenie/yandex; /seo-prodvizhenie-sajtov-v-aktau; /seo-prodvizhenie-sajtov-v-aktobe; /seo-prodvizhenie-sajtov-v-atyrau; /seo-prodvizhenie-sajtov-v-kokshetau; /seo-prodvizhenie-sajtov-v-kostanae; /seo-prodvizhenie-sajtov-v-kyzylorde; /seo-prodvizhenie-sajtov-v-pavlodare; /seo-prodvizhenie-sajtov-v-semee; /seo-prodvizhenie-sajtov-v-taldykorgane; /seo-prodvizhenie-sajtov-v-taraze; /seo-prodvizhenie-sajtov-v-turkestane; /seo-prodvizhenie-sajtov-v-uralske; /seo-prodvizhenie-sajtov-v-ust-kamenogorske";Экспертный текст, реальные кейсы, преимущества, процесс работы, FAQ, CTA, изображения.;P1;Переработка контента и SEO;"Старый URL с данными GSC; сохранить и проверить доступность";UPDATE;Сохраняем /seo-prodvizhenie-sajtov: это самый заметный legacy-URL по данным GSC. Вложенный дубль консолидируется 301-редиректом.;Высокая;seo;3;23307;58.66;Да;47;134
25;4;SEO-продвижение;Продвижение в Google;Посадочная страница направления «Продвижение в Google».;/web-studiya/seo-prodvizhenie/google;/web-studiya/seo-prodvizhenie/google;Продвижение в Google;Продвижение сайта в Google — SEO для бизнеса;Оптимизируем сайт под Google: семантика, страницы, контент, техническая база, E-E-A-T и рост целевых запросов.;Коммерческий;продвижение в google;"продвижение гугл; гугл оптимизация; гугл продвижение; продвижение в гугл; google продвижение; google оптимизация; продвижение google; seo продвижение гугл; сео продвижение гугл; гугл продвижение сайта";50;Узкая услуга;index, follow;Service, BreadcrumbList, FAQPage (если FAQ видим на странице);/seo-prodvizhenie-sajtov;"/; /keysy/prodvizhenie; /seo-prodvizhenie-sajtov; /sozdanie-saitov; /web-studiya/aeo-geo-prodvizhenie";Экспертный текст, реальные кейсы, преимущества, процесс работы, FAQ, CTA, изображения.;P2;Структура/SEO;Не опубликована;NEW;Отдельный интент или стратегическая страница отсутствует в опубликованной структуре.;Высокая;seo_google;;;;Да;44;110
26;4;SEO-продвижение;Продвижение в Яндекс;Посадочная страница направления «Продвижение в Яндекс».;/web-studiya/seo-prodvizhenie/yandex;/web-studiya/seo-prodvizhenie/yandex;Продвижение в Яндекс;Продвижение сайта в Яндекс — SEO и коммерческие факторы;Продвигаем сайты в Яндекс: структура, тексты, поведенческие и коммерческие факторы, карты и локальная выдача.;Коммерческий;продвижение в яндекс;"яндекс seo; яндекс сео; яндекс продвижение; продвижение яндекс; seo продвижение яндекс; яндекс seo оптимизация; яндекс сео продвижение; сео продвижение яндекс; сайт продвижение яндекс; яндекс продвижение сайта";50;Узкая услуга;index, follow;Service, BreadcrumbList, FAQPage (если FAQ видим на странице);/seo-prodvizhenie-sajtov;"/; /keysy/prodvizhenie; /seo-prodvizhenie-sajtov; /sozdanie-saitov; /web-studiya/aeo-geo-prodvizhenie";Экспертный текст, реальные кейсы, преимущества, процесс работы, FAQ, CTA, изображения.;P2;Структура/SEO;Не опубликована;NEW;Отдельный интент или стратегическая страница отсутствует в опубликованной структуре.;Высокая;seo_yandex;;;;Да;55;109
27;3;SEO-продвижение;SEO-продвижение сайтов в Петропавловске;Геозависимая коммерческая страница направления «SEO-продвижение» для компаний в Петропавловске.;/seo-prodvizhenie-sajtov-v-petropavlovske;/seo-prodvizhenie-sajtov-v-petropavlovske;SEO-продвижение сайтов в Петропавловске;SEO-продвижение сайтов в Петропавловске | Raskrutov;SEO-продвижение сайтов компаний в Петропавловске: семантика, структура, техническая оптимизация, контент, аналитика и рост видимости в поиске.;Коммерческий геозависимый;seo продвижение петропавловск;"seo петропавловск; продвижение сайтов петропавловск; раскрутка сайта петропавловск; seo оптимизация петропавловск";;Гео-услуга;index, follow;Service (areaServed: Петропавловск), BreadcrumbList, FAQPage (если FAQ видим);"/seo-prodvizhenie-sajtov; /web-studiya; /web-studiya/petropavlovsk";"/; /keysy/prodvizhenie; /seo-prodvizhenie-sajtov; /sozdanie-saitov; /web-studiya/aeo-geo-prodvizhenie; /web-studiya/petropavlovsk; /sozdanie-saitov-v-Petropavlovske; /seo-prodvizhenie-sajtov-v-petropavlovske";Уникальный оффер для Петропавловск, особенности локального спроса и бизнеса, модель удалённой работы, релевантные кейсы, доказательства, FAQ, CTA. Нельзя публиковать шаблон только с заменой названия города.;P1;Переработка контента и SEO;"Старый URL с данными GSC; сохранить и проверить доступность";UPDATE;"Сохраняем существующий URL: GSC показывает отдельный геоинтент и накопленные сигналы.; Включена в полную региональную матрицу 18 городов; существующий URL сохранён.";Высокая;seo_geo_petropavlovsk;2;362;12.86;Да;51;142
28;3;SEO-продвижение;SEO-продвижение сайтов в Астане;Геозависимая коммерческая страница направления «SEO-продвижение» для компаний в Астане.;/seo-prodvizhenie-sajtov-v-astane;/seo-prodvizhenie-sajtov-v-astane;SEO-продвижение сайтов в Астане;SEO-продвижение сайтов в Астане | Raskrutov;SEO-продвижение сайтов компаний в Астане: семантика, структура, техническая оптимизация, контент, аналитика и рост видимости в поиске.;Коммерческий геозависимый;seo продвижение астана;"продвижение сайтов в астане; раскрутка сайтов в астане; seo астана; seo продвижение сайтов в астане; раскрутка сайта астана; seo продвижение в астане; сео продвижение в астане; seo оптимизация в астане; заказать seo продвижегие нурсултан; сео в астане; продвижение сайтов астана; seo оптимизация астана";;Гео-услуга;index, follow;Service (areaServed: Астана), BreadcrumbList, FAQPage (если FAQ видим);"/seo-prodvizhenie-sajtov; /web-studiya; /web-studiya/astana";"/; /keysy/prodvizhenie; /seo-prodvizhenie-sajtov; /sozdanie-saitov; /web-studiya/aeo-geo-prodvizhenie; /web-studiya/astana; /sozdanie-saitov-v-astane; /seo-prodvizhenie-sajtov-v-astane";Уникальный оффер для Астана, особенности локального спроса и бизнеса, модель удалённой работы, релевантные кейсы, доказательства, FAQ, CTA. Нельзя публиковать шаблон только с заменой названия города.;P1;Переработка контента и SEO;"Старый URL с данными GSC; сохранить и проверить доступность";UPDATE;"Сохраняем существующий URL: GSC показывает отдельный геоинтент и накопленные сигналы.; Включена в полную региональную матрицу 18 городов; существующий URL сохранён.";Высокая;seo_geo_astana;0;1103;59.61;Да;43;134
29;3;SEO-продвижение;SEO-продвижение сайтов в Алматы;Геозависимая коммерческая страница направления «SEO-продвижение» для компаний в Алматы.;/seo-prodvizhenie-sajtov-v-almaty;/seo-prodvizhenie-sajtov-v-almaty;SEO-продвижение сайтов в Алматы;SEO-продвижение сайтов в Алматы | Raskrutov;SEO-продвижение сайтов компаний в Алматы: семантика, структура, техническая оптимизация, контент, аналитика и рост видимости в поиске.;Коммерческий геозависимый;seo продвижение алматы;"seo алматы; seo продвижение сайтов в алматы; продвижение сайтов в алматы; seo оптимизация алматы; seo продвижение сайта алматы; сео продвижение алматы; продвижение сайта в алматы; раскрутка сайтов алматы; сео оптимизация алматы; seo продвижение сайта в алматы; продвижение сайтов алматы; раскрутка сайта алматы";;Гео-услуга;index, follow;Service (areaServed: Алматы), BreadcrumbList, FAQPage (если FAQ видим);"/seo-prodvizhenie-sajtov; /web-studiya; /web-studiya/almaty";"/; /keysy/prodvizhenie; /seo-prodvizhenie-sajtov; /sozdanie-saitov; /web-studiya/aeo-geo-prodvizhenie; /web-studiya/almaty; /sozdanie-saitov-v-almaty; /seo-prodvizhenie-sajtov-v-almaty";Уникальный оффер для Алматы, особенности локального спроса и бизнеса, модель удалённой работы, релевантные кейсы, доказательства, FAQ, CTA. Нельзя публиковать шаблон только с заменой названия города.;P1;Переработка контента и SEO;"Старый URL с данными GSC; сохранить и проверить доступность";UPDATE;"Сохраняем существующий URL: GSC показывает отдельный геоинтент и накопленные сигналы.; Включена в полную региональную матрицу 18 городов; существующий URL сохранён.";Высокая;seo_geo_almaty;0;1234;72.53;Да;43;134
30;3;SEO-продвижение;SEO-продвижение сайтов в Шымкенте;Геозависимая коммерческая страница направления «SEO-продвижение» для компаний в Шымкенте.;/seo-prodvizhenie-sajtov-v-shimkente;/seo-prodvizhenie-sajtov-v-shimkente;SEO-продвижение сайтов в Шымкенте;SEO-продвижение сайтов в Шымкенте | Raskrutov;SEO-продвижение сайтов компаний в Шымкенте: семантика, структура, техническая оптимизация, контент, аналитика и рост видимости в поиске.;Коммерческий геозависимый;seo продвижение шымкент;"продвижение сайтов шымкент; раскрутка сайтов шымкент; раскрутка сайта шымкент; seo оптимизация шымкент";;Гео-услуга;index, follow;Service (areaServed: Шымкент), BreadcrumbList, FAQPage (если FAQ видим);"/seo-prodvizhenie-sajtov; /web-studiya; /web-studiya/shymkent";"/; /keysy/prodvizhenie; /seo-prodvizhenie-sajtov; /sozdanie-saitov; /web-studiya/aeo-geo-prodvizhenie; /web-studiya/shymkent; /sozdanie-saitov-v-shimkente; /seo-prodvizhenie-sajtov-v-shimkente";Уникальный оффер для Шымкент, особенности локального спроса и бизнеса, модель удалённой работы, релевантные кейсы, доказательства, FAQ, CTA. Нельзя публиковать шаблон только с заменой названия города.;P1;Переработка контента и SEO;"Старый URL с данными GSC; сохранить и проверить доступность";UPDATE;"Сохраняем существующий URL: GSC показывает отдельный геоинтент и накопленные сигналы.; Включена в полную региональную матрицу 18 городов; существующий URL сохранён.";Высокая;seo_geo_shymkent;0;49;25.82;Да;45;136
31;3;SEO-продвижение;SEO-продвижение сайтов в Караганде;Геозависимая коммерческая страница направления «SEO-продвижение» для компаний в Караганде.;/seo-prodvizhenie-sajtov-v-karagande;/seo-prodvizhenie-sajtov-v-karagande;SEO-продвижение сайтов в Караганде;SEO-продвижение сайтов в Караганде | Raskrutov;SEO-продвижение сайтов компаний в Караганде: семантика, структура, техническая оптимизация, контент, аналитика и рост видимости в поиске.;Коммерческий геозависимый;seo продвижение караганда;"seo караганда; раскрутка сайтов караганда; продвижение сайтов караганда; раскрутка сайта караганда; seo оптимизация караганда";;Гео-услуга;index, follow;Service (areaServed: Караганда), BreadcrumbList, FAQPage (если FAQ видим);"/seo-prodvizhenie-sajtov; /web-studiya; /web-studiya/karaganda";"/; /keysy/prodvizhenie; /seo-prodvizhenie-sajtov; /sozdanie-saitov; /web-studiya/aeo-geo-prodvizhenie; /web-studiya/karaganda; /sozdanie-saitov-v-karagande; /seo-prodvizhenie-sajtov-v-karagande";Уникальный оффер для Караганда, особенности локального спроса и бизнеса, модель удалённой работы, релевантные кейсы, доказательства, FAQ, CTA. Нельзя публиковать шаблон только с заменой названия города.;P1;Переработка контента и SEO;"Старый URL с данными GSC; сохранить и проверить доступность";UPDATE;"Сохраняем существующий URL: GSC показывает отдельный геоинтент и накопленные сигналы.; Включена в полную региональную матрицу 18 городов; существующий URL сохранён.";Высокая;seo_geo_karaganda;0;195;22.82;Да;46;137
32;3;Вебстудия Raskrutov;AEO-продвижение;Посадочная страница направления «AEO-продвижение».;"/web-studiya/aeo-prodvizhenie; /web-studiya/aeo-geo-prodvizhenie";/web-studiya/aeo-geo-prodvizhenie;AEO и GEO-продвижение в AI-выдаче;AEO и GEO-продвижение в AI-выдаче | Raskrutov;Готовим сайт к ответам поисковых систем и нейросетей: структура, сущности, экспертный контент, FAQ, Schema.org и понятные ответы.;Коммерческий;aeo продвижение;"aeo; aeo аудит; faq для aeo; aeo агентство; aeo стратегия; что такое aeo; aeo оптимизация; aeo аудит сайта; geo продвижение; seo aeo geo отличия";;Услуга;index, follow;Service, BreadcrumbList, FAQPage (если FAQ видим на странице);"/web-studiya; /web-studiya/aeo-geo-prodvizhenie/almaty; /web-studiya/aeo-geo-prodvizhenie/astana; /web-studiya/aeo-geo-prodvizhenie/shymkent; /web-studiya/aeo-geo-prodvizhenie/aktau; /web-studiya/aeo-geo-prodvizhenie/aktobe; /web-studiya/aeo-geo-prodvizhenie/atyrau; /web-studiya/aeo-geo-prodvizhenie/karaganda; /web-studiya/aeo-geo-prodvizhenie/kokshetau; /web-studiya/aeo-geo-prodvizhenie/kostanay; /web-studiya/aeo-geo-prodvizhenie/kyzylorda; /web-studiya/aeo-geo-prodvizhenie/pavlodar; /web-studiya/aeo-geo-prodvizhenie/petropavlovsk; /web-studiya/aeo-geo-prodvizhenie/semey; /web-studiya/aeo-geo-prodvizhenie/taldykorgan; /web-studiya/aeo-geo-prodvizhenie/taraz; /web-studiya/aeo-geo-prodvizhenie/turkestan; /web-studiya/aeo-geo-prodvizhenie/uralsk; /web-studiya/aeo-geo-prodvizhenie/ust-kamenogorsk";"/; /web-studiya; /web-studiya/aeo-geo-prodvizhenie/almaty; /web-studiya/aeo-geo-prodvizhenie/astana; /web-studiya/aeo-geo-prodvizhenie/shymkent; /web-studiya/aeo-geo-prodvizhenie/aktau; /web-studiya/aeo-geo-prodvizhenie/aktobe; /web-studiya/aeo-geo-prodvizhenie/atyrau; /web-studiya/aeo-geo-prodvizhenie/karaganda; /web-studiya/aeo-geo-prodvizhenie/kokshetau; /web-studiya/aeo-geo-prodvizhenie/kostanay; /web-studiya/aeo-geo-prodvizhenie/kyzylorda; /web-studiya/aeo-geo-prodvizhenie/pavlodar; /web-studiya/aeo-geo-prodvizhenie/petropavlovsk; /web-studiya/aeo-geo-prodvizhenie/semey; /web-studiya/aeo-geo-prodvizhenie/taldykorgan; /web-studiya/aeo-geo-prodvizhenie/taraz; /web-studiya/aeo-geo-prodvizhenie/turkestan; /web-studiya/aeo-geo-prodvizhenie/uralsk; /web-studiya/aeo-geo-prodvizhenie/ust-kamenogorsk";Экспертный текст, реальные кейсы, преимущества, процесс работы, FAQ, CTA, изображения.;P1;SEO-проверка;Опубликована (sitemap);KEEP;Сохраняем уже опубликованный URL /web-studiya/aeo-geo-prodvizhenie.;Высокая;aeo;;;;Да;45;129
34;2;Контекстная реклама;Контекстная реклама в Google;Посадочная страница направления «Контекстная реклама в Google».;"/contextnaya-reklama-google; /web-studiya/kontekstnaya-reklama/google-ads";/contextnaya-reklama-google;Контекстная реклама в Google Ads;Контекстная реклама в Google Ads | Raskrutov;Настраиваем и ведём Google Ads: семантика, объявления, расширения, минус-слова, аналитика, контроль заявок и оптимизация кампаний.;Коммерческий;контекстная реклама google;"реклама сайта гугл; реклама сайта в гугл; реклама сайта в google; контекстная реклама в google; гугл контекстная реклама для сайта; заказать контекстную рекламу google; контекстная реклама в интернете google; заказать настройку контекстной рекламы google; контекстная реклама google заказать; реклама в гугл казахстан";50;Узкая услуга;index, follow;Service, BreadcrumbList, FAQPage (если FAQ видим на странице);/web-studiya/kontekstnaya-reklama;"/; /crm; /keysy; /sozdanie-saitov; /web-studiya/kontekstnaya-reklama";Экспертный текст, реальные кейсы, преимущества, процесс работы, FAQ, CTA, изображения.;P2;Переработка контента и SEO;"Старый URL с данными GSC; сохранить и проверить доступность";UPDATE;"Сохраняем старый URL с данными GSC; новый адрес из карты не создаём как дубль.";Высокая;ppc_google;2;1488;58.7;Да;44;130
35;2;Контекстная реклама;Контекстная реклама в Яндекс;Посадочная страница направления «Контекстная реклама в Яндекс».;"/contextnaya-reklama-yandex; /web-studiya/kontekstnaya-reklama/yandex-direct";/contextnaya-reklama-yandex;Контекстная реклама в Яндекс Директ;Контекстная реклама в Яндекс Директ | Raskrutov;Настраиваем и ведём Яндекс Директ: ключевые фразы, объявления, минус-слова, аналитика, контроль заявок и оптимизация.;Коммерческий;контекстная реклама яндекс;"seo яндекс директ; реклама сайта яндекс; реклама сайта в яндекс; реклама сайта на яндекс; продвижение яндекс директ; яндекс контекстная реклама; продвижение в яндекс директ; раскрутка сайта яндекс директ; яндекс директ продвижение сайта; продвижение сайта яндекс директ";50;Узкая услуга;index, follow;Service, BreadcrumbList, FAQPage (если FAQ видим на странице);/web-studiya/kontekstnaya-reklama;"/; /crm; /keysy; /sozdanie-saitov; /web-studiya/kontekstnaya-reklama";Экспертный текст, реальные кейсы, преимущества, процесс работы, FAQ, CTA, изображения.;P2;Переработка контента и SEO;"Старый URL с данными GSC; сохранить и проверить доступность";UPDATE;"Сохраняем старый URL с кликами и показами GSC; вложенный адрес не нужен.";Высокая;ppc_yandex;5;1222;28.34;Да;47;117
38;3;Вебстудия Raskrutov;Digital-консалтинг;Посадочная страница направления «Digital-консалтинг».;/web-studiya/digital-konsalting;/web-studiya/digital-konsalting;Digital-консалтинг;Digital-консалтинг для бизнеса — стратегия роста в интернете;Анализируем сайт, продвижение, рекламу и продажи, чтобы собрать понятную digital-стратегию и план развития.;Коммерческий;digital-консалтинг;"диджитал консалтинг; digital консалтинг; digital консалтинг для бизнеса";50;Хаб услуги;index, follow;CollectionPage, BreadcrumbList;"/web-studiya; /web-studiya/digital-konsalting/audit-prodvizheniya; /web-studiya/digital-konsalting/audit-sayta; /web-studiya/digital-konsalting/digital-strategiya; /web-studiya/digital-konsalting/konsultatsiya-dlya-biznesa; /web-studiya/digital-konsalting/almaty; /web-studiya/digital-konsalting/astana; /web-studiya/digital-konsalting/shymkent; /web-studiya/digital-konsalting/aktau; /web-studiya/digital-konsalting/aktobe; /web-studiya/digital-konsalting/atyrau; /web-studiya/digital-konsalting/karaganda; /web-studiya/digital-konsalting/kokshetau; /web-studiya/digital-konsalting/kostanay; /web-studiya/digital-konsalting/kyzylorda; /web-studiya/digital-konsalting/pavlodar; /web-studiya/digital-konsalting/petropavlovsk; /web-studiya/digital-konsalting/semey; /web-studiya/digital-konsalting/taldykorgan; /web-studiya/digital-konsalting/taraz; /web-studiya/digital-konsalting/turkestan; /web-studiya/digital-konsalting/uralsk; /web-studiya/digital-konsalting/ust-kamenogorsk";"/; /web-studiya; /web-studiya/digital-konsalting/audit-prodvizheniya; /web-studiya/digital-konsalting/audit-sayta; /web-studiya/digital-konsalting/digital-strategiya; /web-studiya/digital-konsalting/konsultatsiya-dlya-biznesa; /web-studiya/digital-konsalting/almaty; /web-studiya/digital-konsalting/astana; /web-studiya/digital-konsalting/shymkent; /web-studiya/digital-konsalting/aktau; /web-studiya/digital-konsalting/aktobe; /web-studiya/digital-konsalting/atyrau; /web-studiya/digital-konsalting/karaganda; /web-studiya/digital-konsalting/kokshetau; /web-studiya/digital-konsalting/kostanay; /web-studiya/digital-konsalting/kyzylorda; /web-studiya/digital-konsalting/pavlodar; /web-studiya/digital-konsalting/petropavlovsk; /web-studiya/digital-konsalting/semey; /web-studiya/digital-konsalting/taldykorgan; /web-studiya/digital-konsalting/taraz; /web-studiya/digital-konsalting/turkestan; /web-studiya/digital-konsalting/uralsk; /web-studiya/digital-konsalting/ust-kamenogorsk";Экспертный текст, реальные кейсы, преимущества, процесс работы, FAQ, CTA, изображения.;P2;SEO-проверка;Опубликована (sitemap);KEEP;"Существующий URL сохраняется; отдельный интент подтверждён архитектурой и/или данными.";Высокая;digital_consulting;;;;Да;60;107
39;4;Digital-консалтинг;Аудит сайта;Посадочная страница направления «Аудит сайта».;/web-studiya/digital-konsalting/audit-sayta;/web-studiya/digital-konsalting/audit-sayta;Аудит сайта;Аудит сайта — проверка SEO, структуры и конверсии;Проводим аудит сайта: технические ошибки, SEO, структура, тексты, скорость, формы, аналитика и точки роста.;Коммерческий;аудит сайта;"аудит веб сайта; geo аудит; ux аудит сайта; ui аудит сайта; ai аудит сайта; ии аудит сайта; аудит лендинга; geo аудит сайта; аудит форм заявок; полный аудит сайта";50;Узкая услуга;index, follow;Service, BreadcrumbList, FAQPage (если FAQ видим на странице);/web-studiya/digital-konsalting;"/; /web-studiya/digital-konsalting";Экспертный текст, реальные кейсы, преимущества, процесс работы, FAQ, CTA, изображения.;P3;Структура/SEO;Не опубликована;NEW;Отдельный интент или стратегическая страница отсутствует в опубликованной структуре.;Высокая;audit_site;;;;Да;49;107
40;4;Digital-консалтинг;Аудит продвижения;Посадочная страница направления «Аудит продвижения».;/web-studiya/digital-konsalting/audit-prodvizheniya;/web-studiya/digital-konsalting/audit-prodvizheniya;Аудит продвижения;Аудит продвижения — проверка SEO и рекламы;Проверяем SEO, рекламу, аналитику, посадочные страницы и воронку, чтобы найти потери бюджета и точки роста.;Коммерческий;аудит продвижения;"seo аудит сайта в казахстане; seo аудит в алматы; ai seo аудит; seo аудит цена; seo аудит сайта; сео аудит сайта; seo аудит астана; seo аудит алматы; seo аудит заказать; заказать seo аудит";;Узкая услуга;index, follow;Service, BreadcrumbList, FAQPage (если FAQ видим на странице);/web-studiya/digital-konsalting;"/; /web-studiya/digital-konsalting";Экспертный текст, реальные кейсы, преимущества, процесс работы, FAQ, CTA, изображения.;P3;Структура/SEO;Не опубликована;NEW;Отдельный интент или стратегическая страница отсутствует в опубликованной структуре.;Высокая;audit_promotion;;;;Да;42;107
41;4;Digital-консалтинг;Digital-стратегия;Посадочная страница направления «Digital-стратегия».;/web-studiya/digital-konsalting/digital-strategiya;/web-studiya/digital-konsalting/digital-strategiya;Digital-стратегия;Digital-стратегия для бизнеса — план роста заявок;Разрабатываем стратегию продвижения: сайт, SEO, реклама, контент, CRM, аналитика и приоритеты внедрения.;Коммерческий;digital-стратегия;"digital стратегия; диджитал стратегия; разработка digital стратегии";;Узкая услуга;index, follow;Service, BreadcrumbList, FAQPage (если FAQ видим на странице);/web-studiya/digital-konsalting;"/; /web-studiya/digital-konsalting";Экспертный текст, реальные кейсы, преимущества, процесс работы, FAQ, CTA, изображения.;P3;Структура/SEO;Не опубликована;NEW;Отдельный интент или стратегическая страница отсутствует в опубликованной структуре.;Высокая;digital_strategy;;;;Да;49;104
42;4;Digital-консалтинг;Консультация для бизнеса;Посадочная страница направления «Консультация для бизнеса».;/web-studiya/digital-konsalting/konsultatsiya-dlya-biznesa;/web-studiya/digital-konsalting/konsultatsiya-dlya-biznesa;Консультация для бизнеса;Digital-консультация для бизнеса — разбор сайта и заявок;Проводим консультации по сайту, продвижению, рекламе, CRM и digital-системе продаж для бизнеса.;Коммерческий;консультация для бизнеса;"консультация по продвижению сайтов; консультации продвижение сайтов; продвижение сайта консультация; консультация по продвижению сайта; консультация digital маркетолога; консультация по продвижению бизнеса";;Узкая услуга;index, follow;Service, BreadcrumbList, FAQPage (если FAQ видим на странице);/web-studiya/digital-konsalting;"/; /web-studiya/digital-konsalting";Экспертный текст, реальные кейсы, преимущества, процесс работы, FAQ, CTA, изображения.;P3;Структура/SEO;Не опубликована;NEW;Отдельный интент или стратегическая страница отсутствует в опубликованной структуре.;Высокая;business_consultation;;;;Да;56;95
43;2;Главная;CRM и автоматизация;Посадочная страница направления «CRM и автоматизация».;/crm;/crm;CRM и автоматизация;CRM и автоматизация продаж — контроль заявок и процессов;Внедряем CRM, автоматизируем продажи, интегрируем сайт, мессенджеры, телефонию и аналитику для контроля лидов.;Коммерческий;crm и автоматизация;"система crm на предприятии; аудит crm; crm под ключ; миграция crm; аудит amocrm; лендинг с crm; crm для услуг; перенос в crm; что такое crm; crm интегратор";0;Хаб;index, follow;CollectionPage, BreadcrumbList;"/; /crm/avtomatizatsiya-prodazh; /crm/integratsiya-s-crm; /crm/vnedrenie-crm";"/; /crm/avtomatizatsiya-prodazh; /crm/integratsiya-s-crm; /crm/vnedrenie-crm; /keysy/crm; /sozdanie-saitov; /web-studiya/lidogeneratsiya";Экспертный текст, реальные кейсы, преимущества, процесс работы, FAQ, CTA, изображения.;P1;Структура/SEO;Не опубликована;NEW;Отдельный интент или стратегическая страница отсутствует в опубликованной структуре.;Высокая;crm;;;;Да;56;110
44;3;CRM и автоматизация;Внедрение CRM;Посадочная страница направления «Внедрение CRM».;/crm/vnedrenie-crm;/crm/vnedrenie-crm;Внедрение CRM;Внедрение CRM — настройка воронок, заявок и контроля;Настраиваем CRM под бизнес: воронки, поля, задачи, уведомления, интеграции с сайтом и отчётность для руководителя.;Коммерческий;внедрение crm;"внедрение срм; внедрение срм системы; внедрение crm системы; crm система внедрение; внедрение crm на предприятии; настройка crm; внедрение amocrm; настройка amocrm; внедрение crm цена; настройка crm системы";50;Услуга;index, follow;Service, BreadcrumbList, FAQPage (если FAQ видим на странице);/crm;"/; /crm; /keysy/crm; /sozdanie-saitov; /web-studiya/lidogeneratsiya";Экспертный текст, реальные кейсы, преимущества, процесс работы, FAQ, CTA, изображения.;P2;Структура/SEO;Не опубликована;NEW;Отдельный интент или стратегическая страница отсутствует в опубликованной структуре.;Высокая;crm_implementation;;;;Да;52;114
45;3;CRM и автоматизация;Автоматизация продаж;Посадочная страница направления «Автоматизация продаж».;/crm/avtomatizatsiya-prodazh;/crm/avtomatizatsiya-prodazh;Автоматизация продаж;Автоматизация продаж — воронки, задачи и контроль менеджеров;Автоматизируем обработку лидов: задачи, статусы, напоминания, скрипты, уведомления и контроль отдела продаж.;Коммерческий;автоматизация продаж;"воронка продаж; автоматизация crm; онлайн воронка продаж; digital воронка продаж; создание воронки продаж; воронка продаж под ключ; настройка воронки продаж; воронка продаж для сайта; что такое воронка продаж; разработка воронки продаж";;Услуга;index, follow;Service, BreadcrumbList, FAQPage (если FAQ видим на странице);/crm;"/; /crm; /keysy/crm; /sozdanie-saitov; /web-studiya/lidogeneratsiya";Экспертный текст, реальные кейсы, преимущества, процесс работы, FAQ, CTA, изображения.;P2;Структура/SEO;Не опубликована;NEW;Отдельный интент или стратегическая страница отсутствует в опубликованной структуре.;Высокая;crm_automation;;;;Да;60;108
46;3;CRM и автоматизация;Интеграция с CRM;Посадочная страница направления «Интеграция с CRM».;/crm/integratsiya-s-crm;/crm/integratsiya-s-crm;Интеграция с CRM;Интеграция сайта с CRM — заявки без потерь;Интегрируем формы сайта, квизы, мессенджеры, телефонию и аналитику с CRM, чтобы каждая заявка попадала в работу.;Коммерческий;интеграция с crm;"интеграция crm; интеграция amocrm; crm интеграция цена; интеграция crm с 1с; интеграция amocrm с 1с; интеграция crm с сайтом; подключение crm к сайту; интеграция crm с почтой; интеграция crm с whatsapp; интеграция crm с telegram";;Услуга;index, follow;Service, BreadcrumbList, FAQPage (если FAQ видим на странице);/crm;"/; /crm; /keysy/crm; /sozdanie-saitov; /web-studiya/lidogeneratsiya";Экспертный текст, реальные кейсы, преимущества, процесс работы, FAQ, CTA, изображения.;P2;Структура/SEO;Не опубликована;NEW;Отдельный интент или стратегическая страница отсутствует в опубликованной структуре.;Высокая;crm_integration;;;;Да;42;112
48;3;Академия Raskrutov;Обучение созданию сайтов;Посадочная страница направления «Обучение созданию сайтов».;/akademiya/obuchenie-sozdaniyu-saytov;/akademiya/obuchenie-sozdaniyu-saytov;Обучение созданию сайтов;Обучение созданию сайтов — практический курс Raskrutov;Учитесь создавать сайты для бизнеса: структура, дизайн, тексты, редактор, публикация, заявки и базовая SEO-подготовка.;Коммерческий / образовательный;обучение созданию сайтов;"курсы по созданию сайтов; онлайн курс создания сайтов; обучение продвижению сайтов; создание сайтов с нуля обучение; курс создания сайтов для начинающих; обучение созданию ai friendly сайтов; обучение сотрудников созданию сайтов; обучение работе в конструкторе сайтов; курс по оптимизации сайта под нейросети; создание сайтов на конструкторе обучение";;Обучение;index, follow;Course, Organization, BreadcrumbList;/akademiya;"/; /akademiya";Экспертный текст, реальные кейсы, преимущества, процесс работы, FAQ, CTA, изображения.;P2;Структура/SEO;Не опубликована;NEW;Отдельный интент или стратегическая страница отсутствует в опубликованной структуре.;Высокая;academy_sites;;;;Да;54;118
49;3;Академия Raskrutov;Обучение SEO и AEO;Посадочная страница направления «Обучение SEO и AEO».;/akademiya/obuchenie-seo-aeo;/akademiya/obuchenie-seo-aeo;Обучение SEO и AEO;Обучение SEO и AEO — продвижение в поиске и AI-ответах;Практический курс по SEO и AEO: семантика, структура страниц, контент, Schema, FAQ и рост видимости сайта.;Коммерческий / образовательный;обучение seo и aeo;"seo курсы алматы; курс aeo; курсы seo; обучение seo; обучение aeo; курс seo аудита; обучение ai seo; seo курсы онлайн; курсы seo астана; курсы seo алматы";;Обучение;index, follow;Course, Organization, BreadcrumbList;/akademiya;"/; /akademiya";Экспертный текст, реальные кейсы, преимущества, процесс работы, FAQ, CTA, изображения.;P2;Структура/SEO;Не опубликована;NEW;Отдельный интент или стратегическая страница отсутствует в опубликованной структуре.;Высокая;academy_seo;;;;Да;54;106
50;3;Академия Raskrutov;Обучение R-Builder;Посадочная страница направления «Обучение R-Builder».;/akademiya/obuchenie-r-builder;/akademiya/obuchenie-r-builder;Обучение R-Builder;Обучение R-Builder — создание сайтов через AI и редактор;Учитесь создавать сайты в R-Builder by Raskrutov: AI-структура, визуальный редактор, блоки, настройки и публикация.;Коммерческий / образовательный;обучение r-builder;нет данных;;Обучение;index, follow;Course, Organization, BreadcrumbList;/akademiya;"/; /akademiya";Экспертный текст, реальные кейсы, преимущества, процесс работы, FAQ, CTA, изображения.;P2;Структура/SEO;Не опубликована;NEW;Отдельный интент или стратегическая страница отсутствует в опубликованной структуре.;Высокая;academy_rbuilder;;;;Да;56;115
51;3;Академия Raskrutov;Корпоративное обучение;Посадочная страница направления «Корпоративное обучение».;/akademiya/korporativnoe-obuchenie;/akademiya/korporativnoe-obuchenie;Корпоративное обучение;Корпоративное обучение digital-навыкам для бизнеса;Обучаем команды созданию сайтов, работе с R-Builder, SEO, AEO, контентом и базовыми digital-инструментами.;Коммерческий / образовательный;корпоративное обучение;"корпоративные курсы digital; корпоративное обучение сотрудников; корпоративное обучение интернет маркетингу";;Обучение;index, follow;Course, Organization, BreadcrumbList;/akademiya;"/; /akademiya";Экспертный текст, реальные кейсы, преимущества, процесс работы, FAQ, CTA, изображения.;P2;Структура/SEO;Не опубликована;NEW;Отдельный интент или стратегическая страница отсутствует в опубликованной структуре.;Высокая;academy_corporate;;;;Да;50;106
53;3;R-Builder;Что такое R-Builder;Посадочная страница направления «Что такое R-Builder».;/r-builder/chto-takoe-r-builder;/r-builder/chto-takoe-r-builder;Что такое R-Builder;Что такое R-Builder — платформа для создания сайтов;Рассказываем, как R-Builder помогает быстро собирать сайты, структуру, блоки и digital-упаковку бизнеса.;Продуктовый / коммерческий;что такое r-builder;нет данных;;Продукт;index, follow;SoftwareApplication, Product, BreadcrumbList;/r-builder;"/; /r-builder";Экспертный текст, реальные кейсы, преимущества, процесс работы, FAQ, CTA, изображения.;P2;Структура/SEO;Не опубликована;NEW;Отдельный интент или стратегическая страница отсутствует в опубликованной структуре.;Высокая;rbuilder_about;;;;Да;51;104
54;3;R-Builder;AI R-Builder;Посадочная страница направления «AI R-Builder».;/r-builder/ai-r-builder;/r-builder/ai-r-builder;AI R-Builder;AI R-Builder — генерация структуры сайта через AI;AI R-Builder помогает создавать основу сайта: структуру, блоки, смыслы, тексты и стартовую упаковку проекта.;Продуктовый / коммерческий;ai r-builder;нет данных;;Продукт;index, follow;SoftwareApplication, Product, BreadcrumbList;/r-builder;"/; /r-builder";Экспертный текст, реальные кейсы, преимущества, процесс работы, FAQ, CTA, изображения.;P2;Структура/SEO;Не опубликована;NEW;Отдельный интент или стратегическая страница отсутствует в опубликованной структуре.;Высокая;rbuilder_ai;;;;Да;49;108
55;3;R-Builder;Возможности платформы;Посадочная страница направления «Возможности платформы».;/r-builder/vozmozhnosti;/r-builder/vozmozhnosti;Возможности платформы;Возможности R-Builder — сайты, блоки, AI и публикация;Обзор возможностей R-Builder: генерация, визуальный редактор, адаптивность, формы, интеграции и быстрый запуск сайта.;Продуктовый / коммерческий;возможности платформы;нет данных;;Продукт;index, follow;SoftwareApplication, Product, BreadcrumbList;/r-builder;"/; /r-builder";Экспертный текст, реальные кейсы, преимущества, процесс работы, FAQ, CTA, изображения.;P2;Структура/SEO;Не опубликована;NEW;Отдельный интент или стратегическая страница отсутствует в опубликованной структуре.;Высокая;rbuilder_features;;;;Да;53;117
56;3;R-Builder;R-Builder для бизнеса;Посадочная страница направления «R-Builder для бизнеса».;/r-builder/dlya-biznesa;/r-builder/dlya-biznesa;R-Builder для бизнеса;R-Builder для бизнеса — быстрый запуск сайта и заявок;R-Builder помогает бизнесу быстро запустить сайт, проверить гипотезу, упаковать услугу и начать получать заявки.;Продуктовый / коммерческий;r-builder для бизнеса;нет данных;;Продукт;index, follow;SoftwareApplication, Product, BreadcrumbList;/r-builder;"/; /r-builder";Экспертный текст, реальные кейсы, преимущества, процесс работы, FAQ, CTA, изображения.;P2;Структура/SEO;Не опубликована;NEW;Отдельный интент или стратегическая страница отсутствует в опубликованной структуре.;Высокая;rbuilder_business;;;;Да;53;112
58;3;Партнёрам Raskrutov;Партнёрская программа — франшиза;Посадочная страница направления «Партнёрская программа — франшиза».;/partneram/franshiza;/partneram/franshiza;Партнёрская программа — франшиза;Франшиза Raskrutov — партнёрская модель digital-бизнеса;Партнёрская программа Raskrutov: бренд, методология, обучение, стандарты, R-Builder и поддержка запуска.;Коммерческий;партнерская программа - франшиза;"лиды для франшизы; франшиза веб студии; франшиза seo агентства; seo продвижение франшизы; франшиза digital агентства; создание сайта для франшизы; франшиза интернет маркетинга";;Партнёрство;index, follow;CollectionPage, BreadcrumbList;/partneram;"/; /partneram";Экспертный текст, реальные кейсы, преимущества, процесс работы, FAQ, CTA, изображения.;P2;Структура/SEO;Не опубликована;NEW;Отдельный интент или стратегическая страница отсутствует в опубликованной структуре.;Высокая;partners_franchise;;;;Да;55;104
59;3;Партнёрам Raskrutov;Пакеты партнёрства;Посадочная страница направления «Пакеты партнёрства».;/partneram/pakety-partnerstva;/partneram/pakety-partnerstva;Пакеты партнёрства;Пакеты партнёрства Raskrutov — форматы запуска;Сравните пакеты партнёрства Raskrutov: что входит, кому подходит, как проходит запуск и сопровождение партнёра.;Коммерческий;пакеты партнерства;нет данных;;Партнёрство;index, follow;CollectionPage, BreadcrumbList;/partneram;"/; /partneram";Экспертный текст, реальные кейсы, преимущества, процесс работы, FAQ, CTA, изображения.;P2;Структура/SEO;Не опубликована;NEW;Отдельный интент или стратегическая страница отсутствует в опубликованной структуре.;Высокая;partners_packages;;;;Да;46;111
60;3;Партнёрам Raskrutov;Для рекламных агентств;Посадочная страница направления «Для рекламных агентств».;/partneram/dlya-reklamnyh-agentstv;/partneram/dlya-reklamnyh-agentstv;Для рекламных агентств;Raskrutov для рекламных агентств — сайты, R-Builder и производство;Помогаем агентствам закрывать задачи по сайтам, структуре, R-Builder, производству страниц и digital-системам для клиентов.;Коммерческий;для рекламных агентств;нет данных;;Партнёрство;index, follow;CollectionPage, BreadcrumbList;/partneram;"/; /partneram";Экспертный текст, реальные кейсы, преимущества, процесс работы, FAQ, CTA, изображения.;P2;Структура/SEO;Не опубликована;NEW;Отдельный интент или стратегическая страница отсутствует в опубликованной структуре.;Высокая;partners_agencies;;;;Да;66;123
61;3;Партнёрам Raskrutov;Действующие партнёры;Посадочная страница направления «Действующие партнёры».;/partneram/deystvuyushchie-partnery;/partneram/deystvuyushchie-partnery;Действующие партнёры;Партнёры Raskrutov — сеть, города и направления;Страница партнёров Raskrutov: действующие участники сети, города, направления работы и возможности сотрудничества.;Информационный / навигационный;действующие партнеры;нет данных;;Партнёрство;index, follow;CollectionPage, BreadcrumbList;/partneram;"/; /partneram";Экспертный текст, реальные кейсы, преимущества, процесс работы, FAQ, CTA, изображения.;P2;Структура/SEO;Не опубликована;NEW;Отдельный интент или стратегическая страница отсутствует в опубликованной структуре.;Высокая;partners_current;;;;Да;47;114
63;3;Кейсы Raskrutov;Кейсы: сайты;Посадочная страница направления «Кейсы: сайты».;/keysy/sayty;/keysy/sayty;Кейсы: сайты;Кейсы по созданию сайтов — проекты Raskrutov;Примеры сайтов, созданных Raskrutov: задачи, решения, структура, дизайн, запуск и результаты для бизнеса.;Навигационный / коммерческий;кейсы сайты;нет данных;;Кейсы;index, follow;CollectionPage, BreadcrumbList;"/kejs-laminat; /kejs-proizvodstvennaya-kompaniya-v-astane; /kejs-raki; /kejs-teplyj-pol; /keysy";"/; /kejs-laminat; /kejs-proizvodstvennaya-kompaniya-v-astane; /kejs-raki; /kejs-teplyj-pol; /keysy";Реальные проекты, задача, решение, ход работ, подтверждаемые результаты, скриншоты, CTA.;P2;SEO-проверка;Опубликована (sitemap);KEEP;"Существующий URL сохраняется; отдельный интент подтверждён архитектурой и/или данными.";Высокая;cases_sites;;;;Да;44;105
64;2;Кейсы: сайты;Кейс производственной компании в Астане;Страница отдельного подтверждённого кейса.;/kejs-proizvodstvennaya-kompaniya-v-astane;/kejs-proizvodstvennaya-kompaniya-v-astane;Кейс digital-проекта для производственной компании в Астане;Кейс производственной компании в Астане | Raskrutov;Кейс производственной компании в Астане: задача, решение, выполненные работы и подтверждаемые результаты проекта Raskrutov.;Навигационный / репутационный;Кейс производственной компании в Астане;нет данных;;Кейс;index, follow;Article, BreadcrumbList;/keysy/sayty;"/; /keysy; /keysy/sayty; /sozdanie-saitov";Исходная задача, ход работ, скриншоты, ссылки, подтверждаемые метрики и отзыв клиента.;P2;Переработка контента и SEO;"Старый URL с данными GSC; сохранить и проверить доступность";UPDATE;"Сохраняем существующий URL кейса с позициями GSC; содержание требует ручной фактологической проверки.";Средняя;case_manufacturing_astana;2;97;10.71;Да;51;123
69;3;Кейсы Raskrutov;Кейсы: CRM;Посадочная страница направления «Кейсы: CRM».;/keysy/crm;/keysy/crm;Кейсы: CRM;Кейсы CRM и автоматизации — заявки и продажи;Примеры внедрения CRM, автоматизации заявок, интеграций, воронок продаж и контроля обработки лидов.;Навигационный / коммерческий;кейсы crm;нет данных;;Кейсы;index, follow;CollectionPage, BreadcrumbList;/keysy;"/; /keysy";Реальные проекты, задача, решение, ход работ, подтверждаемые результаты, скриншоты, CTA.;P2;Структура/SEO;Не опубликована;NEW;Отдельный интент или стратегическая страница отсутствует в опубликованной структуре.;Высокая;cases_crm;;;;Да;44;99
70;3;Кейсы Raskrutov;Кейсы: Академия;Посадочная страница направления «Кейсы: Академия».;/keysy/akademiya;/keysy/akademiya;Кейсы: Академия;Кейсы Академии Raskrutov — обучение и результаты учеников;Истории обучения в Академии Raskrutov: проекты, навыки, созданные сайты и практические результаты учеников.;Навигационный / коммерческий;кейсы академия;нет данных;;Кейсы;index, follow;CollectionPage, BreadcrumbList;/keysy;"/; /keysy";Реальные проекты, задача, решение, ход работ, подтверждаемые результаты, скриншоты, CTA.;P2;Структура/SEO;Не опубликована;NEW;Отдельный интент или стратегическая страница отсутствует в опубликованной структуре.;Высокая;cases_academy;;;;Да;57;107
71;3;Кейсы Raskrutov;Кейсы: партнёры;Посадочная страница направления «Кейсы: партнёры».;/keysy/partnery;/keysy/partnery;Кейсы: партнёры;Кейсы партнёров Raskrutov — запуск digital-бизнеса;Примеры партнёрских запусков Raskrutov: обучение, внедрение стандартов, первые проекты и развитие партнёров.;Навигационный / коммерческий;кейсы партнеры;нет данных;;Кейсы;index, follow;CollectionPage, BreadcrumbList;/keysy;"/; /keysy";Реальные проекты, задача, решение, ход работ, подтверждаемые результаты, скриншоты, CTA.;P2;Структура/SEO;Не опубликована;NEW;Отдельный интент или стратегическая страница отсутствует в опубликованной структуре.;Высокая;cases_partners;;;;Да;50;108
76;3;О компании Raskrutov;Благодарственные письма;Посадочная страница направления «Благодарственные письма».;/o-kompanii/blagodarstvennye-pisma;/o-kompanii/blagodarstvennye-pisma;Благодарственные письма;Благодарственные письма Raskrutov — доверие клиентов;Благодарственные письма, подтверждения сотрудничества и отзывы компаний, которые работали с командой Raskrutov.;Информационный / навигационный;благодарственные письма;нет данных;;Инфо;index, follow;AboutPage, Organization, BreadcrumbList;/o-kompanii;"/; /o-kompanii";Экспертный текст, реальные кейсы, преимущества, процесс работы, FAQ, CTA, изображения.;P3;Структура/SEO;Не опубликована;NEW;Отдельный интент или стратегическая страница отсутствует в опубликованной структуре.;Высокая;about_letters;;;;Да;52;111
78;3;О компании Raskrutov;Вакансии;Посадочная страница направления «Вакансии».;/o-kompanii/vakansii;/o-kompanii/vakansii;Вакансии;Вакансии Raskrutov — работа в digital-команде;Открытые вакансии Raskrutov для специалистов по сайтам, SEO, контенту, дизайну, продажам, обучению и партнёрству.;Информационный / навигационный;вакансии;нет данных;;Инфо;index, follow;AboutPage, Organization, BreadcrumbList;/o-kompanii;"/; /o-kompanii";Экспертный текст, реальные кейсы, преимущества, процесс работы, FAQ, CTA, изображения.;P3;Структура/SEO;Не опубликована;NEW;Отдельный интент или стратегическая страница отсутствует в опубликованной структуре.;Высокая;about_jobs;;;;Да;45;113
80;2;О компании Raskrutov;Основатель Raskrutov;Брендовая страница об основателе и его экспертизе.;/about-founder;/about-founder;Основатель Raskrutov;Основатель Raskrutov — опыт и экспертиза;Информация об основателе Raskrutov, профессиональном опыте, роли в развитии компании и digital-проектах.;Навигационный / репутационный;основатель Raskrutov;нет данных;;Инфо;index, follow;AboutPage, Organization, BreadcrumbList;/o-kompanii;"/; /o-kompanii";Подтверждённая биография, фото, опыт, проекты, публикации и контакты компании.;P2;Переработка контента и SEO;"Старый URL с данными GSC; сохранить и проверить доступность";UPDATE;"URL имеет клики и среднюю позицию около топ-5 в GSC; перенос адреса не оправдан.";Высокая;about_founder;3;97;5.13;Да;40;104
81;2;Главная;Блог;Посадочная страница направления «Блог».;/o-kompanii/blog;/blog;Блог о сайтах, SEO и digital-инструментах;Блог Raskrutov: сайты, SEO и digital;Практические материалы Raskrutov о создании сайтов, SEO, рекламе, CRM, аналитике и развитии digital-проектов.;Коммерческий;блог о создании и продвижении сайтов;нет данных;;Инфо;index, follow;Blog, CollectionPage, BreadcrumbList;"/; /kontekstnaya-reklama-v-kazakhstane-kak-dobitsya-uspekha-; /mobilnaya-versiya-sajta; /seo-prodvizhenie-v-almaty-polnyj-gid-dlya-biznesa; /seo-prodvizhenie-v-petropavlovske-polnyj-gid-dlya-biznesa; /sozdanie-sajtov-v-kazakhstane-kak-vybrat-podkhodyashchuyu-platformu; /sozdanie-sajtov-v-petropavlovske-kak-vybrat-dizajn-kotoryj-privlekaet-klientov; /sozdanie-sajtov-v-petropavlovske-kak-vybrat-luchshuyu-veb-studiyu; /strategii-prodvizheniya-sajtov-v-kazakhstane; /vazhnost-kontekstnoj-reklamy-dlya-biznesa";"/; /kontekstnaya-reklama-v-kazakhstane-kak-dobitsya-uspekha-; /mobilnaya-versiya-sajta; /seo-prodvizhenie-v-almaty-polnyj-gid-dlya-biznesa; /seo-prodvizhenie-v-petropavlovske-polnyj-gid-dlya-biznesa; /sozdanie-sajtov-v-kazakhstane-kak-vybrat-podkhodyashchuyu-platformu; /sozdanie-sajtov-v-petropavlovske-kak-vybrat-dizajn-kotoryj-privlekaet-klientov; /sozdanie-sajtov-v-petropavlovske-kak-vybrat-luchshuyu-veb-studiyu; /strategii-prodvizheniya-sajtov-v-kazakhstane; /vazhnost-kontekstnoj-reklamy-dlya-biznesa";Экспертный текст, реальные кейсы, преимущества, процесс работы, FAQ, CTA, изображения.;P3;Структура/SEO;Не опубликована;NEW;Выносим блог из раздела «О компании» в самостоятельный информационный хаб /blog.;Высокая;blog;;;;Да;36;109
82;2;Блог;Как выбрать платформу для сайта в Казахстане;Информационная статья с самостоятельным интентом и внутренними ссылками на услуги.;/sozdanie-sajtov-v-kazakhstane-kak-vybrat-podkhodyashchuyu-platformu;/sozdanie-sajtov-v-kazakhstane-kak-vybrat-podkhodyashchuyu-platformu;Как выбрать платформу для создания сайта в Казахстане;Как выбрать платформу для сайта в Казахстане | Raskrutov;Сравниваем критерии выбора платформы для бизнес-сайта: задачи, масштабирование, SEO, интеграции, поддержка и стоимость владения.;Информационный;как выбрать платформу для сайта;конструктор сайтов для бизнеса;;Статья;index, follow;Article, BreadcrumbList;/blog;"/; /blog; /seo-prodvizhenie-sajtov; /sozdanie-saitov";Экспертный текст, актуальные примеры, иллюстрации, дата обновления, автор, ссылки на услуги.;P2;Переработка контента и SEO;"Старый URL с данными GSC; сохранить и проверить доступность";UPDATE;Сохраняем существующий URL с самостоятельным информационным интентом и/или данными GSC.;Средняя;article_choose_platform;2;1275;40.18;Да;56;128
83;2;Блог;Как выбрать дизайн сайта, который привлекает клиентов;Информационная статья с самостоятельным интентом и внутренними ссылками на услуги.;/sozdanie-sajtov-v-petropavlovske-kak-vybrat-dizajn-kotoryj-privlekaet-klientov;/sozdanie-sajtov-v-petropavlovske-kak-vybrat-dizajn-kotoryj-privlekaet-klientov;Как выбрать дизайн сайта, который привлекает клиентов;Как выбрать дизайн сайта для бизнеса | Raskrutov;Практические критерии выбора дизайна сайта: структура, доверие, мобильная версия, читаемость, CTA и соответствие задачам бизнеса.;Информационный;как выбрать дизайн сайта;нет данных;;Статья;index, follow;Article, BreadcrumbList;/blog;"/; /blog; /seo-prodvizhenie-sajtov; /sozdanie-saitov";Экспертный текст, актуальные примеры, иллюстрации, дата обновления, автор, ссылки на услуги.;P2;Переработка контента и SEO;"Старый URL с данными GSC; сохранить и проверить доступность";UPDATE;Сохраняем существующий URL с самостоятельным информационным интентом и/или данными GSC.;Средняя;article_design_petropavlovsk;4;55;34.95;Да;48;129
84;2;Блог;Как выбрать веб-студию в Петропавловске;Информационная статья с самостоятельным интентом и внутренними ссылками на услуги.;/sozdanie-sajtov-v-petropavlovske-kak-vybrat-luchshuyu-veb-studiyu;/sozdanie-sajtov-v-petropavlovske-kak-vybrat-luchshuyu-veb-studiyu;Как выбрать веб-студию в Петропавловске;Как выбрать веб-студию в Петропавловске | Raskrutov;Чек-лист выбора подрядчика: портфолио, процессы, SEO-фундамент, аналитика, поддержка, договор и критерии оценки результата.;Информационный;как выбрать веб студию петропавловск;нет данных;;Статья;index, follow;Article, BreadcrumbList;/blog;"/; /blog; /seo-prodvizhenie-sajtov; /sozdanie-saitov";Экспертный текст, актуальные примеры, иллюстрации, дата обновления, автор, ссылки на услуги.;P2;Переработка контента и SEO;"Старый URL с данными GSC; сохранить и проверить доступность";UPDATE;Сохраняем существующий URL с самостоятельным информационным интентом и/или данными GSC.;Средняя;article_choose_studio_petropavlovsk;3;139;47.62;Да;51;123
85;2;Блог;Стратегии SEO-продвижения сайтов в Казахстане;Информационная статья с самостоятельным интентом и внутренними ссылками на услуги.;/strategii-prodvizheniya-sajtov-v-kazakhstane;/strategii-prodvizheniya-sajtov-v-kazakhstane;Стратегии SEO-продвижения сайтов в Казахстане;Стратегии SEO-продвижения в Казахстане | Raskrutov;Разбираем рабочую SEO-стратегию: семантика, структура, коммерческие факторы, контент, техника, локальная оптимизация и аналитика.;Информационный;стратегии продвижения сайтов в казахстане;"методы seo; методы seo оптимизации; методы seo продвижения; методы раскрутки сайта; способы раскрутки сайта; методы продвижения сайта; методы оптимизации сайта; методы продвижение сайта; способы продвижения сайта; способы оптимизации сайта";50;Статья;index, follow;Article, BreadcrumbList;/blog;"/; /blog; /seo-prodvizhenie-sajtov; /sozdanie-saitov";Экспертный текст, актуальные примеры, иллюстрации, дата обновления, автор, ссылки на услуги.;P2;Переработка контента и SEO;"Старый URL с данными GSC; сохранить и проверить доступность";UPDATE;Сохраняем существующий URL с самостоятельным информационным интентом и/или данными GSC.;Средняя;article_seo_kz_strategy;1;841;40.28;Да;50;129
86;2;Блог;Гид по SEO-продвижению для бизнеса в Алматы;Информационная статья с самостоятельным интентом и внутренними ссылками на услуги.;/seo-prodvizhenie-v-almaty-polnyj-gid-dlya-biznesa;/seo-prodvizhenie-v-almaty-polnyj-gid-dlya-biznesa;Гид по SEO-продвижению для бизнеса в Алматы;SEO-продвижение в Алматы: гид для бизнеса | Raskrutov;Как выстроить SEO-продвижение сайта в Алматы: спрос, конкуренты, структура, локальная оптимизация, контент и измерение результата.;Информационный;seo продвижение в алматы;нет данных;;Статья;index, follow;Article, BreadcrumbList;/blog;"/; /blog; /seo-prodvizhenie-sajtov; /sozdanie-saitov";Экспертный текст, актуальные примеры, иллюстрации, дата обновления, автор, ссылки на услуги.;P3;Переработка контента и SEO;"Старый URL с данными GSC; сохранить и проверить доступность";UPDATE;Сохраняем существующий URL с самостоятельным информационным интентом и/или данными GSC.;Средняя;article_seo_almaty_guide;0;2082;65.65;Да;53;130
87;2;Блог;Гид по SEO-продвижению в Петропавловске;Информационная статья с самостоятельным интентом и внутренними ссылками на услуги.;/seo-prodvizhenie-v-petropavlovske-polnyj-gid-dlya-biznesa;/seo-prodvizhenie-v-petropavlovske-polnyj-gid-dlya-biznesa;Гид по SEO-продвижению в Петропавловске;SEO-продвижение в Петропавловске: гид | Raskrutov;Практический гид по локальному SEO в Петропавловске и СКО: семантика, структура, карты, контент и аналитика.;Информационный;seo продвижение петропавловск;нет данных;;Статья;index, follow;Article, BreadcrumbList;/blog;"/; /blog; /seo-prodvizhenie-sajtov; /sozdanie-saitov";Экспертный текст, актуальные примеры, иллюстрации, дата обновления, автор, ссылки на услуги.;P3;Переработка контента и SEO;"Старый URL с данными GSC; сохранить и проверить доступность";UPDATE;Сохраняем существующий URL с самостоятельным информационным интентом и/или данными GSC.;Средняя;article_seo_petropavlovsk_guide;0;5;6.8;Да;49;108
90;2;Блог;Как добиться результата от контекстной рекламы в Казахстане;Информационная статья с самостоятельным интентом и внутренними ссылками на услуги.;/kontekstnaya-reklama-v-kazakhstane-kak-dobitsya-uspekha-;/kontekstnaya-reklama-v-kazakhstane-kak-dobitsya-uspekha-;Как добиться результата от контекстной рекламы в Казахстане;Контекстная реклама в Казахстане: практический гид | Raskrutov;Разбираем подготовку кампании, семантику, объявления, посадочные страницы, аналитику и оптимизацию контекстной рекламы в Казахстане.;Информационный;контекстная реклама в казахстане;нет данных;;Статья;index, follow;Article, BreadcrumbList;/blog;"/; /blog; /seo-prodvizhenie-sajtov; /sozdanie-saitov";Экспертный текст, актуальные примеры, иллюстрации, дата обновления, автор, ссылки на услуги.;P3;Переработка контента и SEO;"Старый URL с данными GSC; сохранить и проверить доступность";UPDATE;Сохраняем существующий URL с самостоятельным информационным интентом и/или данными GSC.;Средняя;article_context_ads_kz;0;487;33.86;Да;62;132
95;3;Вебстудия Raskrutov;Веб-студия в Алматы;Геозависимая коммерческая страница направления «Веб-студия» для компаний в Алматы.;;/web-studiya/almaty;Веб-студия в Алматы;Веб-студия в Алматы: сайты, SEO и реклама | Raskrutov;Веб-студия Raskrutov в Алматы: создаём сайты, продвигаем в поиске и AI-выдаче, настраиваем рекламу и лидогенерацию для бизнеса.;Коммерческий геозависимый;веб студия алматы;"услуги веб студии алматы; digital агентство алматы; интернет агентство алматы";;Региональный хаб;index, follow после QA уникальности;CollectionPage, BreadcrumbList;"/web-studiya; /sozdanie-saitov-v-almaty; /web-studiya/dizayn/almaty; /seo-prodvizhenie-sajtov-v-almaty; /web-studiya/aeo-geo-prodvizhenie/almaty; /web-studiya/kontekstnaya-reklama/almaty; /web-studiya/lidogeneratsiya/almaty; /web-studiya/podderzhka-saytov/almaty; /web-studiya/digital-konsalting/almaty";"/web-studiya; /sozdanie-saitov-v-almaty; /web-studiya/dizayn/almaty; /seo-prodvizhenie-sajtov-v-almaty; /web-studiya/aeo-geo-prodvizhenie/almaty; /web-studiya/kontekstnaya-reklama/almaty; /web-studiya/lidogeneratsiya/almaty; /web-studiya/podderzhka-saytov/almaty; /web-studiya/digital-konsalting/almaty";Уникальный оффер для Алматы, особенности локального спроса и бизнеса, модель удалённой работы, релевантные кейсы, доказательства, FAQ, CTA. Нельзя публиковать шаблон только с заменой названия города.;P1;Региональные страницы — этап 1;Запланирована (региональное расширение);NEW;"Добавлена по новому требованию о покрытии 18 основных городов Казахстана; индексировать после проверки уникальности и полезности.";Средняя;webstudio_geo_almaty;;;;Да;53;127
96;3;Услуги дизайнера;Услуги дизайнера в Алматы;Геозависимая коммерческая страница направления «Услуги дизайнера» для компаний в Алматы.;;/web-studiya/dizayn/almaty;Услуги дизайнера и веб-дизайн в Алматы;Услуги дизайнера в Алматы | Raskrutov;Дизайн для бизнеса в Алматы: сайты, логотипы, фирменный стиль, брендбук и визуальные материалы с понятным процессом и результатом.;Коммерческий геозависимый;услуги дизайнера алматы;"веб дизайн алматы; дизайн сайта алматы; брендинг алматы";;Гео-услуга;index, follow после QA уникальности;Service (areaServed: Алматы), BreadcrumbList, FAQPage (если FAQ видим);"/web-studiya; /web-studiya/dizayn; /web-studiya/almaty";"/web-studiya/dizayn; /web-studiya/almaty; /keysy/sayty; /sozdanie-saitov-v-almaty; /seo-prodvizhenie-sajtov-v-almaty";Уникальный оффер для Алматы, особенности локального спроса и бизнеса, модель удалённой работы, релевантные кейсы, доказательства, FAQ, CTA. Нельзя публиковать шаблон только с заменой названия города.;P2;Региональные страницы — этап 2;Запланирована (региональное расширение);NEW;"Добавлена по новому требованию о покрытии 18 основных городов Казахстана; индексировать после проверки уникальности и полезности.";Средняя;design_geo_almaty;;;;Да;37;130
97;3;AEO-продвижение;AEO/GEO-продвижение в Алматы;Геозависимая коммерческая страница направления «AEO/GEO-продвижение» для компаний в Алматы.;;/web-studiya/aeo-geo-prodvizhenie/almaty;AEO и GEO-продвижение в AI-выдаче в Алматы;AEO/GEO-продвижение в Алматы | Raskrutov;Продвигаем компании из Алматы в AI-ответах и нейропоиске: структура, сущности, экспертный контент, FAQ, Schema.org и AEO/GEO-оптимизация.;Коммерческий геозависимый;продвижение в ии поиске алматы;"aeo продвижение алматы; geo продвижение алматы; оптимизация сайта под ии алматы";;Гео-услуга;index, follow после QA уникальности;Service (areaServed: Алматы), BreadcrumbList, FAQPage (если FAQ видим);"/web-studiya; /web-studiya/aeo-geo-prodvizhenie; /web-studiya/almaty";"/web-studiya/aeo-geo-prodvizhenie; /web-studiya/almaty; /keysy/prodvizhenie; /sozdanie-saitov-v-almaty; /seo-prodvizhenie-sajtov-v-almaty";Уникальный оффер для Алматы, особенности локального спроса и бизнеса, модель удалённой работы, релевантные кейсы, доказательства, FAQ, CTA. Нельзя публиковать шаблон только с заменой названия города.;P2;Региональные страницы — этап 2;Запланирована (региональное расширение);NEW;"Добавлена по новому требованию о покрытии 18 основных городов Казахстана; индексировать после проверки уникальности и полезности.";Средняя;aeo_geo_almaty;;;;Да;40;137
98;3;Контекстная реклама;Контекстная реклама в Алматы;Геозависимая коммерческая страница направления «Контекстная реклама» для компаний в Алматы.;;/web-studiya/kontekstnaya-reklama/almaty;Контекстная реклама в Алматы;Контекстная реклама в Алматы | Raskrutov;Настраиваем контекстную рекламу для бизнеса в Алматы: Google Ads, Яндекс Директ, аналитика, оптимизация бюджета и заявок.;Коммерческий геозависимый;контекстная реклама алматы;"настройка google ads алматы; яндекс директ алматы; реклама сайта алматы";;Гео-услуга;index, follow после QA уникальности;Service (areaServed: Алматы), BreadcrumbList, FAQPage (если FAQ видим);"/web-studiya; /web-studiya/kontekstnaya-reklama; /web-studiya/almaty";"/web-studiya/kontekstnaya-reklama; /web-studiya/almaty; /keysy/prodvizhenie; /sozdanie-saitov-v-almaty; /seo-prodvizhenie-sajtov-v-almaty";Уникальный оффер для Алматы, особенности локального спроса и бизнеса, модель удалённой работы, релевантные кейсы, доказательства, FAQ, CTA. Нельзя публиковать шаблон только с заменой названия города.;P2;Региональные страницы — этап 2;Запланирована (региональное расширение);NEW;"Добавлена по новому требованию о покрытии 18 основных городов Казахстана; индексировать после проверки уникальности и полезности.";Средняя;ppc_geo_almaty;;;;Да;40;121
99;3;Лидогенерация;Лидогенерация в Алматы;Геозависимая коммерческая страница направления «Лидогенерация» для компаний в Алматы.;;/web-studiya/lidogeneratsiya/almaty;Лидогенерация для бизнеса в Алматы;Лидогенерация в Алматы | Raskrutov;Привлекаем целевые заявки для бизнеса в Алматы: сайт, реклама, квизы, аналитика, CRM и оптимизация воронки продаж.;Коммерческий геозависимый;лидогенерация алматы;"генерация лидов алматы; лидогенерация для бизнеса алматы; заказать лидогенерацию алматы";;Гео-услуга;index, follow после QA уникальности;Service (areaServed: Алматы), BreadcrumbList, FAQPage (если FAQ видим);"/web-studiya; /web-studiya/lidogeneratsiya; /web-studiya/almaty";"/web-studiya/lidogeneratsiya; /web-studiya/almaty; /keysy; /sozdanie-saitov-v-almaty; /seo-prodvizhenie-sajtov-v-almaty";Уникальный оффер для Алматы, особенности локального спроса и бизнеса, модель удалённой работы, релевантные кейсы, доказательства, FAQ, CTA. Нельзя публиковать шаблон только с заменой названия города.;P2;Региональные страницы — этап 2;Запланирована (региональное расширение);NEW;"Добавлена по новому требованию о покрытии 18 основных городов Казахстана; индексировать после проверки уникальности и полезности.";Средняя;leadgen_geo_almaty;;;;Да;34;114
100;3;Поддержка сайтов;Поддержка сайтов в Алматы;Геозависимая коммерческая страница направления «Поддержка сайтов» для компаний в Алматы.;;/web-studiya/podderzhka-saytov/almaty;Техническая поддержка сайтов в Алматы;Поддержка сайтов в Алматы | Raskrutov;Техническая поддержка сайтов компаний в Алматы: обновления, безопасность, резервные копии, исправления и развитие проекта.;Коммерческий геозависимый;поддержка сайтов алматы;"техническая поддержка сайта алматы; обслуживание сайтов алматы; сопровождение сайта алматы";;Гео-услуга;index, follow после QA уникальности;Service (areaServed: Алматы), BreadcrumbList, FAQPage (если FAQ видим);"/web-studiya; /web-studiya/podderzhka-saytov; /web-studiya/almaty";"/web-studiya/podderzhka-saytov; /web-studiya/almaty; /keysy/sayty; /sozdanie-saitov-v-almaty; /seo-prodvizhenie-sajtov-v-almaty";Уникальный оффер для Алматы, особенности локального спроса и бизнеса, модель удалённой работы, релевантные кейсы, доказательства, FAQ, CTA. Нельзя публиковать шаблон только с заменой названия города.;P2;Региональные страницы — этап 2;Запланирована (региональное расширение);NEW;"Добавлена по новому требованию о покрытии 18 основных городов Казахстана; индексировать после проверки уникальности и полезности.";Средняя;site_support_geo_almaty;;;;Да;37;122
101;3;Digital-консалтинг;Digital-консалтинг в Алматы;Геозависимая коммерческая страница направления «Digital-консалтинг» для компаний в Алматы.;;/web-studiya/digital-konsalting/almaty;Digital-консалтинг для бизнеса в Алматы;Digital-консалтинг в Алматы | Raskrutov;Digital-консалтинг для бизнеса в Алматы: аудит, стратегия, аналитика, приоритеты внедрения и план роста цифровых каналов.;Коммерческий геозависимый;digital консалтинг алматы;"интернет маркетинг консалтинг алматы; digital стратегия алматы; аудит интернет маркетинга алматы";;Гео-услуга;index, follow после QA уникальности;Service (areaServed: Алматы), BreadcrumbList, FAQPage (если FAQ видим);"/web-studiya; /web-studiya/digital-konsalting; /web-studiya/almaty";"/web-studiya/digital-konsalting; /web-studiya/almaty; /keysy; /sozdanie-saitov-v-almaty; /seo-prodvizhenie-sajtov-v-almaty";Уникальный оффер для Алматы, особенности локального спроса и бизнеса, модель удалённой работы, релевантные кейсы, доказательства, FAQ, CTA. Нельзя публиковать шаблон только с заменой названия города.;P2;Региональные страницы — этап 2;Запланирована (региональное расширение);NEW;"Добавлена по новому требованию о покрытии 18 основных городов Казахстана; индексировать после проверки уникальности и полезности.";Средняя;digital_consulting_geo_almaty;;;;Да;39;121
102;3;Вебстудия Raskrutov;Веб-студия в Астане;Геозависимая коммерческая страница направления «Веб-студия» для компаний в Астане.;;/web-studiya/astana;Веб-студия в Астане;Веб-студия в Астане: сайты, SEO и реклама | Raskrutov;Веб-студия Raskrutov в Астане: создаём сайты, продвигаем в поиске и AI-выдаче, настраиваем рекламу и лидогенерацию для бизнеса.;Коммерческий геозависимый;веб студия астана;"услуги веб студии астана; digital агентство астана; интернет агентство астана";;Региональный хаб;index, follow после QA уникальности;CollectionPage, BreadcrumbList;"/web-studiya; /sozdanie-saitov-v-astane; /web-studiya/dizayn/astana; /seo-prodvizhenie-sajtov-v-astane; /web-studiya/aeo-geo-prodvizhenie/astana; /web-studiya/kontekstnaya-reklama/astana; /web-studiya/lidogeneratsiya/astana; /web-studiya/podderzhka-saytov/astana; /web-studiya/digital-konsalting/astana";"/web-studiya; /sozdanie-saitov-v-astane; /web-studiya/dizayn/astana; /seo-prodvizhenie-sajtov-v-astane; /web-studiya/aeo-geo-prodvizhenie/astana; /web-studiya/kontekstnaya-reklama/astana; /web-studiya/lidogeneratsiya/astana; /web-studiya/podderzhka-saytov/astana; /web-studiya/digital-konsalting/astana";Уникальный оффер для Астана, особенности локального спроса и бизнеса, модель удалённой работы, релевантные кейсы, доказательства, FAQ, CTA. Нельзя публиковать шаблон только с заменой названия города.;P1;Региональные страницы — этап 1;Запланирована (региональное расширение);NEW;"Добавлена по новому требованию о покрытии 18 основных городов Казахстана; индексировать после проверки уникальности и полезности.";Средняя;webstudio_geo_astana;;;;Да;53;127
103;3;Услуги дизайнера;Услуги дизайнера в Астане;Геозависимая коммерческая страница направления «Услуги дизайнера» для компаний в Астане.;;/web-studiya/dizayn/astana;Услуги дизайнера и веб-дизайн в Астане;Услуги дизайнера в Астане | Raskrutov;Дизайн для бизнеса в Астане: сайты, логотипы, фирменный стиль, брендбук и визуальные материалы с понятным процессом и результатом.;Коммерческий геозависимый;услуги дизайнера астана;"веб дизайн астана; дизайн сайта астана; брендинг астана";;Гео-услуга;index, follow после QA уникальности;Service (areaServed: Астана), BreadcrumbList, FAQPage (если FAQ видим);"/web-studiya; /web-studiya/dizayn; /web-studiya/astana";"/web-studiya/dizayn; /web-studiya/astana; /keysy/sayty; /sozdanie-saitov-v-astane; /seo-prodvizhenie-sajtov-v-astane";Уникальный оффер для Астана, особенности локального спроса и бизнеса, модель удалённой работы, релевантные кейсы, доказательства, FAQ, CTA. Нельзя публиковать шаблон только с заменой названия города.;P2;Региональные страницы — этап 2;Запланирована (региональное расширение);NEW;"Добавлена по новому требованию о покрытии 18 основных городов Казахстана; индексировать после проверки уникальности и полезности.";Средняя;design_geo_astana;;;;Да;37;130
104;3;AEO-продвижение;AEO/GEO-продвижение в Астане;Геозависимая коммерческая страница направления «AEO/GEO-продвижение» для компаний в Астане.;;/web-studiya/aeo-geo-prodvizhenie/astana;AEO и GEO-продвижение в AI-выдаче в Астане;AEO/GEO-продвижение в Астане | Raskrutov;Продвигаем компании из Астана в AI-ответах и нейропоиске: структура, сущности, экспертный контент, FAQ, Schema.org и AEO/GEO-оптимизация.;Коммерческий геозависимый;продвижение в ии поиске астана;"aeo продвижение астана; geo продвижение астана; оптимизация сайта под ии астана";;Гео-услуга;index, follow после QA уникальности;Service (areaServed: Астана), BreadcrumbList, FAQPage (если FAQ видим);"/web-studiya; /web-studiya/aeo-geo-prodvizhenie; /web-studiya/astana";"/web-studiya/aeo-geo-prodvizhenie; /web-studiya/astana; /keysy/prodvizhenie; /sozdanie-saitov-v-astane; /seo-prodvizhenie-sajtov-v-astane";Уникальный оффер для Астана, особенности локального спроса и бизнеса, модель удалённой работы, релевантные кейсы, доказательства, FAQ, CTA. Нельзя публиковать шаблон только с заменой названия города.;P2;Региональные страницы — этап 2;Запланирована (региональное расширение);NEW;"Добавлена по новому требованию о покрытии 18 основных городов Казахстана; индексировать после проверки уникальности и полезности.";Средняя;aeo_geo_astana;;;;Да;40;137
105;3;Контекстная реклама;Контекстная реклама в Астане;Геозависимая коммерческая страница направления «Контекстная реклама» для компаний в Астане.;;/web-studiya/kontekstnaya-reklama/astana;Контекстная реклама в Астане;Контекстная реклама в Астане | Raskrutov;Настраиваем контекстную рекламу для бизнеса в Астане: Google Ads, Яндекс Директ, аналитика, оптимизация бюджета и заявок.;Коммерческий геозависимый;контекстная реклама астана;"настройка google ads астана; яндекс директ астана; реклама сайта астана";;Гео-услуга;index, follow после QA уникальности;Service (areaServed: Астана), BreadcrumbList, FAQPage (если FAQ видим);"/web-studiya; /web-studiya/kontekstnaya-reklama; /web-studiya/astana";"/web-studiya/kontekstnaya-reklama; /web-studiya/astana; /keysy/prodvizhenie; /sozdanie-saitov-v-astane; /seo-prodvizhenie-sajtov-v-astane";Уникальный оффер для Астана, особенности локального спроса и бизнеса, модель удалённой работы, релевантные кейсы, доказательства, FAQ, CTA. Нельзя публиковать шаблон только с заменой названия города.;P2;Региональные страницы — этап 2;Запланирована (региональное расширение);NEW;"Добавлена по новому требованию о покрытии 18 основных городов Казахстана; индексировать после проверки уникальности и полезности.";Средняя;ppc_geo_astana;;;;Да;40;121
106;3;Лидогенерация;Лидогенерация в Астане;Геозависимая коммерческая страница направления «Лидогенерация» для компаний в Астане.;;/web-studiya/lidogeneratsiya/astana;Лидогенерация для бизнеса в Астане;Лидогенерация в Астане | Raskrutov;Привлекаем целевые заявки для бизнеса в Астане: сайт, реклама, квизы, аналитика, CRM и оптимизация воронки продаж.;Коммерческий геозависимый;лидогенерация астана;"генерация лидов астана; лидогенерация для бизнеса астана; заказать лидогенерацию астана";;Гео-услуга;index, follow после QA уникальности;Service (areaServed: Астана), BreadcrumbList, FAQPage (если FAQ видим);"/web-studiya; /web-studiya/lidogeneratsiya; /web-studiya/astana";"/web-studiya/lidogeneratsiya; /web-studiya/astana; /keysy; /sozdanie-saitov-v-astane; /seo-prodvizhenie-sajtov-v-astane";Уникальный оффер для Астана, особенности локального спроса и бизнеса, модель удалённой работы, релевантные кейсы, доказательства, FAQ, CTA. Нельзя публиковать шаблон только с заменой названия города.;P2;Региональные страницы — этап 2;Запланирована (региональное расширение);NEW;"Добавлена по новому требованию о покрытии 18 основных городов Казахстана; индексировать после проверки уникальности и полезности.";Средняя;leadgen_geo_astana;;;;Да;34;114
107;3;Поддержка сайтов;Поддержка сайтов в Астане;Геозависимая коммерческая страница направления «Поддержка сайтов» для компаний в Астане.;;/web-studiya/podderzhka-saytov/astana;Техническая поддержка сайтов в Астане;Поддержка сайтов в Астане | Raskrutov;Техническая поддержка сайтов компаний в Астане: обновления, безопасность, резервные копии, исправления и развитие проекта.;Коммерческий геозависимый;поддержка сайтов астана;"техническая поддержка сайта астана; обслуживание сайтов астана; сопровождение сайта астана";;Гео-услуга;index, follow после QA уникальности;Service (areaServed: Астана), BreadcrumbList, FAQPage (если FAQ видим);"/web-studiya; /web-studiya/podderzhka-saytov; /web-studiya/astana";"/web-studiya/podderzhka-saytov; /web-studiya/astana; /keysy/sayty; /sozdanie-saitov-v-astane; /seo-prodvizhenie-sajtov-v-astane";Уникальный оффер для Астана, особенности локального спроса и бизнеса, модель удалённой работы, релевантные кейсы, доказательства, FAQ, CTA. Нельзя публиковать шаблон только с заменой названия города.;P2;Региональные страницы — этап 2;Запланирована (региональное расширение);NEW;"Добавлена по новому требованию о покрытии 18 основных городов Казахстана; индексировать после проверки уникальности и полезности.";Средняя;site_support_geo_astana;;;;Да;37;122
108;3;Digital-консалтинг;Digital-консалтинг в Астане;Геозависимая коммерческая страница направления «Digital-консалтинг» для компаний в Астане.;;/web-studiya/digital-konsalting/astana;Digital-консалтинг для бизнеса в Астане;Digital-консалтинг в Астане | Raskrutov;Digital-консалтинг для бизнеса в Астане: аудит, стратегия, аналитика, приоритеты внедрения и план роста цифровых каналов.;Коммерческий геозависимый;digital консалтинг астана;"интернет маркетинг консалтинг астана; digital стратегия астана; аудит интернет маркетинга астана";;Гео-услуга;index, follow после QA уникальности;Service (areaServed: Астана), BreadcrumbList, FAQPage (если FAQ видим);"/web-studiya; /web-studiya/digital-konsalting; /web-studiya/astana";"/web-studiya/digital-konsalting; /web-studiya/astana; /keysy; /sozdanie-saitov-v-astane; /seo-prodvizhenie-sajtov-v-astane";Уникальный оффер для Астана, особенности локального спроса и бизнеса, модель удалённой работы, релевантные кейсы, доказательства, FAQ, CTA. Нельзя публиковать шаблон только с заменой названия города.;P2;Региональные страницы — этап 2;Запланирована (региональное расширение);NEW;"Добавлена по новому требованию о покрытии 18 основных городов Казахстана; индексировать после проверки уникальности и полезности.";Средняя;digital_consulting_geo_astana;;;;Да;39;121
109;3;Вебстудия Raskrutov;Веб-студия в Шымкенте;Геозависимая коммерческая страница направления «Веб-студия» для компаний в Шымкенте.;;/web-studiya/shymkent;Веб-студия в Шымкенте;Веб-студия в Шымкенте: сайты, SEO и реклама | Raskrutov;Веб-студия Raskrutov в Шымкенте: создаём сайты, продвигаем в поиске и AI-выдаче, настраиваем рекламу и лидогенерацию для бизнеса.;Коммерческий геозависимый;веб студия шымкент;"услуги веб студии шымкент; digital агентство шымкент; интернет агентство шымкент";;Региональный хаб;index, follow после QA уникальности;CollectionPage, BreadcrumbList;"/web-studiya; /sozdanie-saitov-v-shimkente; /web-studiya/dizayn/shymkent; /seo-prodvizhenie-sajtov-v-shimkente; /web-studiya/aeo-geo-prodvizhenie/shymkent; /web-studiya/kontekstnaya-reklama/shymkent; /web-studiya/lidogeneratsiya/shymkent; /web-studiya/podderzhka-saytov/shymkent; /web-studiya/digital-konsalting/shymkent";"/web-studiya; /sozdanie-saitov-v-shimkente; /web-studiya/dizayn/shymkent; /seo-prodvizhenie-sajtov-v-shimkente; /web-studiya/aeo-geo-prodvizhenie/shymkent; /web-studiya/kontekstnaya-reklama/shymkent; /web-studiya/lidogeneratsiya/shymkent; /web-studiya/podderzhka-saytov/shymkent; /web-studiya/digital-konsalting/shymkent";Уникальный оффер для Шымкент, особенности локального спроса и бизнеса, модель удалённой работы, релевантные кейсы, доказательства, FAQ, CTA. Нельзя публиковать шаблон только с заменой названия города.;P1;Региональные страницы — этап 1;Запланирована (региональное расширение);NEW;"Добавлена по новому требованию о покрытии 18 основных городов Казахстана; индексировать после проверки уникальности и полезности.";Средняя;webstudio_geo_shymkent;;;;Да;55;129
110;3;Услуги дизайнера;Услуги дизайнера в Шымкенте;Геозависимая коммерческая страница направления «Услуги дизайнера» для компаний в Шымкенте.;;/web-studiya/dizayn/shymkent;Услуги дизайнера и веб-дизайн в Шымкенте;Услуги дизайнера в Шымкенте | Raskrutov;Дизайн для бизнеса в Шымкенте: сайты, логотипы, фирменный стиль, брендбук и визуальные материалы с понятным процессом и результатом.;Коммерческий геозависимый;услуги дизайнера шымкент;"веб дизайн шымкент; дизайн сайта шымкент; брендинг шымкент";;Гео-услуга;index, follow после QA уникальности;Service (areaServed: Шымкент), BreadcrumbList, FAQPage (если FAQ видим);"/web-studiya; /web-studiya/dizayn; /web-studiya/shymkent";"/web-studiya/dizayn; /web-studiya/shymkent; /keysy/sayty; /sozdanie-saitov-v-shimkente; /seo-prodvizhenie-sajtov-v-shimkente";Уникальный оффер для Шымкент, особенности локального спроса и бизнеса, модель удалённой работы, релевантные кейсы, доказательства, FAQ, CTA. Нельзя публиковать шаблон только с заменой названия города.;P2;Региональные страницы — этап 2;Запланирована (региональное расширение);NEW;"Добавлена по новому требованию о покрытии 18 основных городов Казахстана; индексировать после проверки уникальности и полезности.";Средняя;design_geo_shymkent;;;;Да;39;132
111;3;AEO-продвижение;AEO/GEO-продвижение в Шымкенте;Геозависимая коммерческая страница направления «AEO/GEO-продвижение» для компаний в Шымкенте.;;/web-studiya/aeo-geo-prodvizhenie/shymkent;AEO и GEO-продвижение в AI-выдаче в Шымкенте;AEO/GEO-продвижение в Шымкенте | Raskrutov;Продвигаем компании из Шымкент в AI-ответах и нейропоиске: структура, сущности, экспертный контент, FAQ, Schema.org и AEO/GEO-оптимизация.;Коммерческий геозависимый;продвижение в ии поиске шымкент;"aeo продвижение шымкент; geo продвижение шымкент; оптимизация сайта под ии шымкент";;Гео-услуга;index, follow после QA уникальности;Service (areaServed: Шымкент), BreadcrumbList, FAQPage (если FAQ видим);"/web-studiya; /web-studiya/aeo-geo-prodvizhenie; /web-studiya/shymkent";"/web-studiya/aeo-geo-prodvizhenie; /web-studiya/shymkent; /keysy/prodvizhenie; /sozdanie-saitov-v-shimkente; /seo-prodvizhenie-sajtov-v-shimkente";Уникальный оффер для Шымкент, особенности локального спроса и бизнеса, модель удалённой работы, релевантные кейсы, доказательства, FAQ, CTA. Нельзя публиковать шаблон только с заменой названия города.;P2;Региональные страницы — этап 2;Запланирована (региональное расширение);NEW;"Добавлена по новому требованию о покрытии 18 основных городов Казахстана; индексировать после проверки уникальности и полезности.";Средняя;aeo_geo_shymkent;;;;Да;42;138
112;3;Контекстная реклама;Контекстная реклама в Шымкенте;Геозависимая коммерческая страница направления «Контекстная реклама» для компаний в Шымкенте.;;/web-studiya/kontekstnaya-reklama/shymkent;Контекстная реклама в Шымкенте;Контекстная реклама в Шымкенте | Raskrutov;Настраиваем контекстную рекламу для бизнеса в Шымкенте: Google Ads, Яндекс Директ, аналитика, оптимизация бюджета и заявок.;Коммерческий геозависимый;контекстная реклама шымкент;"настройка google ads шымкент; яндекс директ шымкент; реклама сайта шымкент";;Гео-услуга;index, follow после QA уникальности;Service (areaServed: Шымкент), BreadcrumbList, FAQPage (если FAQ видим);"/web-studiya; /web-studiya/kontekstnaya-reklama; /web-studiya/shymkent";"/web-studiya/kontekstnaya-reklama; /web-studiya/shymkent; /keysy/prodvizhenie; /sozdanie-saitov-v-shimkente; /seo-prodvizhenie-sajtov-v-shimkente";Уникальный оффер для Шымкент, особенности локального спроса и бизнеса, модель удалённой работы, релевантные кейсы, доказательства, FAQ, CTA. Нельзя публиковать шаблон только с заменой названия города.;P2;Региональные страницы — этап 2;Запланирована (региональное расширение);NEW;"Добавлена по новому требованию о покрытии 18 основных городов Казахстана; индексировать после проверки уникальности и полезности.";Средняя;ppc_geo_shymkent;;;;Да;42;123
113;3;Лидогенерация;Лидогенерация в Шымкенте;Геозависимая коммерческая страница направления «Лидогенерация» для компаний в Шымкенте.;;/web-studiya/lidogeneratsiya/shymkent;Лидогенерация для бизнеса в Шымкенте;Лидогенерация в Шымкенте | Raskrutov;Привлекаем целевые заявки для бизнеса в Шымкенте: сайт, реклама, квизы, аналитика, CRM и оптимизация воронки продаж.;Коммерческий геозависимый;лидогенерация шымкент;"генерация лидов шымкент; лидогенерация для бизнеса шымкент; заказать лидогенерацию шымкент";;Гео-услуга;index, follow после QA уникальности;Service (areaServed: Шымкент), BreadcrumbList, FAQPage (если FAQ видим);"/web-studiya; /web-studiya/lidogeneratsiya; /web-studiya/shymkent";"/web-studiya/lidogeneratsiya; /web-studiya/shymkent; /keysy; /sozdanie-saitov-v-shimkente; /seo-prodvizhenie-sajtov-v-shimkente";Уникальный оффер для Шымкент, особенности локального спроса и бизнеса, модель удалённой работы, релевантные кейсы, доказательства, FAQ, CTA. Нельзя публиковать шаблон только с заменой названия города.;P2;Региональные страницы — этап 2;Запланирована (региональное расширение);NEW;"Добавлена по новому требованию о покрытии 18 основных городов Казахстана; индексировать после проверки уникальности и полезности.";Средняя;leadgen_geo_shymkent;;;;Да;36;116
114;3;Поддержка сайтов;Поддержка сайтов в Шымкенте;Геозависимая коммерческая страница направления «Поддержка сайтов» для компаний в Шымкенте.;;/web-studiya/podderzhka-saytov/shymkent;Техническая поддержка сайтов в Шымкенте;Поддержка сайтов в Шымкенте | Raskrutov;Техническая поддержка сайтов компаний в Шымкенте: обновления, безопасность, резервные копии, исправления и развитие проекта.;Коммерческий геозависимый;поддержка сайтов шымкент;"техническая поддержка сайта шымкент; обслуживание сайтов шымкент; сопровождение сайта шымкент";;Гео-услуга;index, follow после QA уникальности;Service (areaServed: Шымкент), BreadcrumbList, FAQPage (если FAQ видим);"/web-studiya; /web-studiya/podderzhka-saytov; /web-studiya/shymkent";"/web-studiya/podderzhka-saytov; /web-studiya/shymkent; /keysy/sayty; /sozdanie-saitov-v-shimkente; /seo-prodvizhenie-sajtov-v-shimkente";Уникальный оффер для Шымкент, особенности локального спроса и бизнеса, модель удалённой работы, релевантные кейсы, доказательства, FAQ, CTA. Нельзя публиковать шаблон только с заменой названия города.;P2;Региональные страницы — этап 2;Запланирована (региональное расширение);NEW;"Добавлена по новому требованию о покрытии 18 основных городов Казахстана; индексировать после проверки уникальности и полезности.";Средняя;site_support_geo_shymkent;;;;Да;39;124
115;3;Digital-консалтинг;Digital-консалтинг в Шымкенте;Геозависимая коммерческая страница направления «Digital-консалтинг» для компаний в Шымкенте.;;/web-studiya/digital-konsalting/shymkent;Digital-консалтинг для бизнеса в Шымкенте;Digital-консалтинг в Шымкенте | Raskrutov;Digital-консалтинг для бизнеса в Шымкенте: аудит, стратегия, аналитика, приоритеты внедрения и план роста цифровых каналов.;Коммерческий геозависимый;digital консалтинг шымкент;"интернет маркетинг консалтинг шымкент; digital стратегия шымкент; аудит интернет маркетинга шымкент";;Гео-услуга;index, follow после QA уникальности;Service (areaServed: Шымкент), BreadcrumbList, FAQPage (если FAQ видим);"/web-studiya; /web-studiya/digital-konsalting; /web-studiya/shymkent";"/web-studiya/digital-konsalting; /web-studiya/shymkent; /keysy; /sozdanie-saitov-v-shimkente; /seo-prodvizhenie-sajtov-v-shimkente";Уникальный оффер для Шымкент, особенности локального спроса и бизнеса, модель удалённой работы, релевантные кейсы, доказательства, FAQ, CTA. Нельзя публиковать шаблон только с заменой названия города.;P2;Региональные страницы — этап 2;Запланирована (региональное расширение);NEW;"Добавлена по новому требованию о покрытии 18 основных городов Казахстана; индексировать после проверки уникальности и полезности.";Средняя;digital_consulting_geo_shymkent;;;;Да;41;123
116;3;Вебстудия Raskrutov;Веб-студия в Актау;Геозависимая коммерческая страница направления «Веб-студия» для компаний в Актау.;;/web-studiya/aktau;Веб-студия в Актау;Веб-студия в Актау: сайты, SEO и реклама | Raskrutov;Веб-студия Raskrutov в Актау: создаём сайты, продвигаем в поиске и AI-выдаче, настраиваем рекламу и лидогенерацию для бизнеса.;Коммерческий геозависимый;веб студия актау;"услуги веб студии актау; digital агентство актау; интернет агентство актау";;Региональный хаб;index, follow после QA уникальности;CollectionPage, BreadcrumbList;"/web-studiya; /sozdanie-saitov-v-aktau; /web-studiya/dizayn/aktau; /seo-prodvizhenie-sajtov-v-aktau; /web-studiya/aeo-geo-prodvizhenie/aktau; /web-studiya/kontekstnaya-reklama/aktau; /web-studiya/lidogeneratsiya/aktau; /web-studiya/podderzhka-saytov/aktau; /web-studiya/digital-konsalting/aktau";"/web-studiya; /sozdanie-saitov-v-aktau; /web-studiya/dizayn/aktau; /seo-prodvizhenie-sajtov-v-aktau; /web-studiya/aeo-geo-prodvizhenie/aktau; /web-studiya/kontekstnaya-reklama/aktau; /web-studiya/lidogeneratsiya/aktau; /web-studiya/podderzhka-saytov/aktau; /web-studiya/digital-konsalting/aktau";Уникальный оффер для Актау, особенности локального спроса и бизнеса, модель удалённой работы, релевантные кейсы, доказательства, FAQ, CTA. Нельзя публиковать шаблон только с заменой названия города.;P2;Региональные страницы — этап 2;Запланирована (региональное расширение);NEW;"Добавлена по новому требованию о покрытии 18 основных городов Казахстана; индексировать после проверки уникальности и полезности.";Средняя;webstudio_geo_aktau;;;;Да;52;126
117;3;Создание сайтов;Создание сайтов в Актау;Геозависимая коммерческая страница направления «Создание сайтов» для компаний в Актау.;;/sozdanie-saitov-v-aktau;Создание сайтов в Актау;Создание сайтов в Актау под ключ | Raskrutov;Создаём сайты для бизнеса в Актау: лендинги, корпоративные сайты и интернет-магазины с подготовкой к SEO, рекламе и продажам.;Коммерческий геозависимый;создание сайтов актау;"разработка сайтов актау; заказать сайт актау; создание сайта под ключ актау";;Гео-услуга;index, follow после QA уникальности;Service (areaServed: Актау), BreadcrumbList, FAQPage (если FAQ видим);"/web-studiya; /sozdanie-saitov; /web-studiya/aktau";"/sozdanie-saitov; /web-studiya/aktau; /keysy/sayty; /sozdanie-saitov-v-aktau; /seo-prodvizhenie-sajtov-v-aktau";Уникальный оффер для Актау, особенности локального спроса и бизнеса, модель удалённой работы, релевантные кейсы, доказательства, FAQ, CTA. Нельзя публиковать шаблон только с заменой названия города.;P2;Региональные страницы — этап 2;Запланирована (региональное расширение);NEW;"Добавлена по новому требованию о покрытии 18 основных городов Казахстана; индексировать после проверки уникальности и полезности.";Средняя;site_geo_aktau;;;;Да;44;125
118;3;Услуги дизайнера;Услуги дизайнера в Актау;Геозависимая коммерческая страница направления «Услуги дизайнера» для компаний в Актау.;;/web-studiya/dizayn/aktau;Услуги дизайнера и веб-дизайн в Актау;Услуги дизайнера в Актау | Raskrutov;Дизайн для бизнеса в Актау: сайты, логотипы, фирменный стиль, брендбук и визуальные материалы с понятным процессом и результатом.;Коммерческий геозависимый;услуги дизайнера актау;"веб дизайн актау; дизайн сайта актау; брендинг актау";;Гео-услуга;index, follow после QA уникальности;Service (areaServed: Актау), BreadcrumbList, FAQPage (если FAQ видим);"/web-studiya; /web-studiya/dizayn; /web-studiya/aktau";"/web-studiya/dizayn; /web-studiya/aktau; /keysy/sayty; /sozdanie-saitov-v-aktau; /seo-prodvizhenie-sajtov-v-aktau";Уникальный оффер для Актау, особенности локального спроса и бизнеса, модель удалённой работы, релевантные кейсы, доказательства, FAQ, CTA. Нельзя публиковать шаблон только с заменой названия города.;P3;Региональные страницы — этап 3;Запланирована (региональное расширение);NEW;"Добавлена по новому требованию о покрытии 18 основных городов Казахстана; индексировать после проверки уникальности и полезности.";Средняя;design_geo_aktau;;;;Да;36;129
119;3;SEO-продвижение;SEO-продвижение сайтов в Актау;Геозависимая коммерческая страница направления «SEO-продвижение» для компаний в Актау.;;/seo-prodvizhenie-sajtov-v-aktau;SEO-продвижение сайтов в Актау;SEO-продвижение сайтов в Актау | Raskrutov;SEO-продвижение сайтов компаний в Актау: семантика, структура, техническая оптимизация, контент, аналитика и рост видимости в поиске.;Коммерческий геозависимый;seo продвижение актау;"продвижение сайтов актау; раскрутка сайта актау; seo оптимизация актау";;Гео-услуга;index, follow после QA уникальности;Service (areaServed: Актау), BreadcrumbList, FAQPage (если FAQ видим);"/web-studiya; /seo-prodvizhenie-sajtov; /web-studiya/aktau";"/seo-prodvizhenie-sajtov; /web-studiya/aktau; /keysy/prodvizhenie; /sozdanie-saitov-v-aktau; /seo-prodvizhenie-sajtov-v-aktau";Уникальный оффер для Актау, особенности локального спроса и бизнеса, модель удалённой работы, релевантные кейсы, доказательства, FAQ, CTA. Нельзя публиковать шаблон только с заменой названия города.;P2;Региональные страницы — этап 2;Запланирована (региональное расширение);NEW;"Добавлена по новому требованию о покрытии 18 основных городов Казахстана; индексировать после проверки уникальности и полезности.";Средняя;seo_geo_aktau;;;;Да;42;133
120;3;AEO-продвижение;AEO/GEO-продвижение в Актау;Геозависимая коммерческая страница направления «AEO/GEO-продвижение» для компаний в Актау.;;/web-studiya/aeo-geo-prodvizhenie/aktau;AEO и GEO-продвижение в AI-выдаче в Актау;AEO/GEO-продвижение в Актау | Raskrutov;Продвигаем компании из Актау в AI-ответах и нейропоиске: структура, сущности, экспертный контент, FAQ, Schema.org и AEO/GEO-оптимизация.;Коммерческий геозависимый;продвижение в ии поиске актау;"aeo продвижение актау; geo продвижение актау; оптимизация сайта под ии актау";;Гео-услуга;index, follow после QA уникальности;Service (areaServed: Актау), BreadcrumbList, FAQPage (если FAQ видим);"/web-studiya; /web-studiya/aeo-geo-prodvizhenie; /web-studiya/aktau";"/web-studiya/aeo-geo-prodvizhenie; /web-studiya/aktau; /keysy/prodvizhenie; /sozdanie-saitov-v-aktau; /seo-prodvizhenie-sajtov-v-aktau";Уникальный оффер для Актау, особенности локального спроса и бизнеса, модель удалённой работы, релевантные кейсы, доказательства, FAQ, CTA. Нельзя публиковать шаблон только с заменой названия города.;P3;Региональные страницы — этап 3;Запланирована (региональное расширение);NEW;"Добавлена по новому требованию о покрытии 18 основных городов Казахстана; индексировать после проверки уникальности и полезности.";Средняя;aeo_geo_aktau;;;;Да;39;136
121;3;Контекстная реклама;Контекстная реклама в Актау;Геозависимая коммерческая страница направления «Контекстная реклама» для компаний в Актау.;;/web-studiya/kontekstnaya-reklama/aktau;Контекстная реклама в Актау;Контекстная реклама в Актау | Raskrutov;Настраиваем контекстную рекламу для бизнеса в Актау: Google Ads, Яндекс Директ, аналитика, оптимизация бюджета и заявок.;Коммерческий геозависимый;контекстная реклама актау;"настройка google ads актау; яндекс директ актау; реклама сайта актау";;Гео-услуга;index, follow после QA уникальности;Service (areaServed: Актау), BreadcrumbList, FAQPage (если FAQ видим);"/web-studiya; /web-studiya/kontekstnaya-reklama; /web-studiya/aktau";"/web-studiya/kontekstnaya-reklama; /web-studiya/aktau; /keysy/prodvizhenie; /sozdanie-saitov-v-aktau; /seo-prodvizhenie-sajtov-v-aktau";Уникальный оффер для Актау, особенности локального спроса и бизнеса, модель удалённой работы, релевантные кейсы, доказательства, FAQ, CTA. Нельзя публиковать шаблон только с заменой названия города.;P3;Региональные страницы — этап 3;Запланирована (региональное расширение);NEW;"Добавлена по новому требованию о покрытии 18 основных городов Казахстана; индексировать после проверки уникальности и полезности.";Средняя;ppc_geo_aktau;;;;Да;39;120
122;3;Лидогенерация;Лидогенерация в Актау;Геозависимая коммерческая страница направления «Лидогенерация» для компаний в Актау.;;/web-studiya/lidogeneratsiya/aktau;Лидогенерация для бизнеса в Актау;Лидогенерация в Актау | Raskrutov;Привлекаем целевые заявки для бизнеса в Актау: сайт, реклама, квизы, аналитика, CRM и оптимизация воронки продаж.;Коммерческий геозависимый;лидогенерация актау;"генерация лидов актау; лидогенерация для бизнеса актау; заказать лидогенерацию актау";;Гео-услуга;index, follow после QA уникальности;Service (areaServed: Актау), BreadcrumbList, FAQPage (если FAQ видим);"/web-studiya; /web-studiya/lidogeneratsiya; /web-studiya/aktau";"/web-studiya/lidogeneratsiya; /web-studiya/aktau; /keysy; /sozdanie-saitov-v-aktau; /seo-prodvizhenie-sajtov-v-aktau";Уникальный оффер для Актау, особенности локального спроса и бизнеса, модель удалённой работы, релевантные кейсы, доказательства, FAQ, CTA. Нельзя публиковать шаблон только с заменой названия города.;P3;Региональные страницы — этап 3;Запланирована (региональное расширение);NEW;"Добавлена по новому требованию о покрытии 18 основных городов Казахстана; индексировать после проверки уникальности и полезности.";Средняя;leadgen_geo_aktau;;;;Да;33;113
123;3;Поддержка сайтов;Поддержка сайтов в Актау;Геозависимая коммерческая страница направления «Поддержка сайтов» для компаний в Актау.;;/web-studiya/podderzhka-saytov/aktau;Техническая поддержка сайтов в Актау;Поддержка сайтов в Актау | Raskrutov;Техническая поддержка сайтов компаний в Актау: обновления, безопасность, резервные копии, исправления и развитие проекта.;Коммерческий геозависимый;поддержка сайтов актау;"техническая поддержка сайта актау; обслуживание сайтов актау; сопровождение сайта актау";;Гео-услуга;index, follow после QA уникальности;Service (areaServed: Актау), BreadcrumbList, FAQPage (если FAQ видим);"/web-studiya; /web-studiya/podderzhka-saytov; /web-studiya/aktau";"/web-studiya/podderzhka-saytov; /web-studiya/aktau; /keysy/sayty; /sozdanie-saitov-v-aktau; /seo-prodvizhenie-sajtov-v-aktau";Уникальный оффер для Актау, особенности локального спроса и бизнеса, модель удалённой работы, релевантные кейсы, доказательства, FAQ, CTA. Нельзя публиковать шаблон только с заменой названия города.;P3;Региональные страницы — этап 3;Запланирована (региональное расширение);NEW;"Добавлена по новому требованию о покрытии 18 основных городов Казахстана; индексировать после проверки уникальности и полезности.";Средняя;site_support_geo_aktau;;;;Да;36;121
124;3;Digital-консалтинг;Digital-консалтинг в Актау;Геозависимая коммерческая страница направления «Digital-консалтинг» для компаний в Актау.;;/web-studiya/digital-konsalting/aktau;Digital-консалтинг для бизнеса в Актау;Digital-консалтинг в Актау | Raskrutov;Digital-консалтинг для бизнеса в Актау: аудит, стратегия, аналитика, приоритеты внедрения и план роста цифровых каналов.;Коммерческий геозависимый;digital консалтинг актау;"интернет маркетинг консалтинг актау; digital стратегия актау; аудит интернет маркетинга актау";;Гео-услуга;index, follow после QA уникальности;Service (areaServed: Актау), BreadcrumbList, FAQPage (если FAQ видим);"/web-studiya; /web-studiya/digital-konsalting; /web-studiya/aktau";"/web-studiya/digital-konsalting; /web-studiya/aktau; /keysy; /sozdanie-saitov-v-aktau; /seo-prodvizhenie-sajtov-v-aktau";Уникальный оффер для Актау, особенности локального спроса и бизнеса, модель удалённой работы, релевантные кейсы, доказательства, FAQ, CTA. Нельзя публиковать шаблон только с заменой названия города.;P3;Региональные страницы — этап 3;Запланирована (региональное расширение);NEW;"Добавлена по новому требованию о покрытии 18 основных городов Казахстана; индексировать после проверки уникальности и полезности.";Средняя;digital_consulting_geo_aktau;;;;Да;38;120
125;3;Вебстудия Raskrutov;Веб-студия в Актобе;Геозависимая коммерческая страница направления «Веб-студия» для компаний в Актобе.;;/web-studiya/aktobe;Веб-студия в Актобе;Веб-студия в Актобе: сайты, SEO и реклама | Raskrutov;Веб-студия Raskrutov в Актобе: создаём сайты, продвигаем в поиске и AI-выдаче, настраиваем рекламу и лидогенерацию для бизнеса.;Коммерческий геозависимый;веб студия актобе;"услуги веб студии актобе; digital агентство актобе; интернет агентство актобе";;Региональный хаб;index, follow после QA уникальности;CollectionPage, BreadcrumbList;"/web-studiya; /sozdanie-saitov-v-aktobe; /web-studiya/dizayn/aktobe; /seo-prodvizhenie-sajtov-v-aktobe; /web-studiya/aeo-geo-prodvizhenie/aktobe; /web-studiya/kontekstnaya-reklama/aktobe; /web-studiya/lidogeneratsiya/aktobe; /web-studiya/podderzhka-saytov/aktobe; /web-studiya/digital-konsalting/aktobe";"/web-studiya; /sozdanie-saitov-v-aktobe; /web-studiya/dizayn/aktobe; /seo-prodvizhenie-sajtov-v-aktobe; /web-studiya/aeo-geo-prodvizhenie/aktobe; /web-studiya/kontekstnaya-reklama/aktobe; /web-studiya/lidogeneratsiya/aktobe; /web-studiya/podderzhka-saytov/aktobe; /web-studiya/digital-konsalting/aktobe";Уникальный оффер для Актобе, особенности локального спроса и бизнеса, модель удалённой работы, релевантные кейсы, доказательства, FAQ, CTA. Нельзя публиковать шаблон только с заменой названия города.;P2;Региональные страницы — этап 2;Запланирована (региональное расширение);NEW;"Добавлена по новому требованию о покрытии 18 основных городов Казахстана; индексировать после проверки уникальности и полезности.";Средняя;webstudio_geo_aktobe;;;;Да;53;127
126;3;Создание сайтов;Создание сайтов в Актобе;Геозависимая коммерческая страница направления «Создание сайтов» для компаний в Актобе.;;/sozdanie-saitov-v-aktobe;Создание сайтов в Актобе;Создание сайтов в Актобе под ключ | Raskrutov;Создаём сайты для бизнеса в Актобе: лендинги, корпоративные сайты и интернет-магазины с подготовкой к SEO, рекламе и продажам.;Коммерческий геозависимый;создание сайтов актобе;"разработка сайтов актобе; заказать сайт актобе; создание сайта под ключ актобе";;Гео-услуга;index, follow после QA уникальности;Service (areaServed: Актобе), BreadcrumbList, FAQPage (если FAQ видим);"/web-studiya; /sozdanie-saitov; /web-studiya/aktobe";"/sozdanie-saitov; /web-studiya/aktobe; /keysy/sayty; /sozdanie-saitov-v-aktobe; /seo-prodvizhenie-sajtov-v-aktobe";Уникальный оффер для Актобе, особенности локального спроса и бизнеса, модель удалённой работы, релевантные кейсы, доказательства, FAQ, CTA. Нельзя публиковать шаблон только с заменой названия города.;P2;Региональные страницы — этап 2;Запланирована (региональное расширение);NEW;"Добавлена по новому требованию о покрытии 18 основных городов Казахстана; индексировать после проверки уникальности и полезности.";Средняя;site_geo_aktobe;;;;Да;45;126
127;3;Услуги дизайнера;Услуги дизайнера в Актобе;Геозависимая коммерческая страница направления «Услуги дизайнера» для компаний в Актобе.;;/web-studiya/dizayn/aktobe;Услуги дизайнера и веб-дизайн в Актобе;Услуги дизайнера в Актобе | Raskrutov;Дизайн для бизнеса в Актобе: сайты, логотипы, фирменный стиль, брендбук и визуальные материалы с понятным процессом и результатом.;Коммерческий геозависимый;услуги дизайнера актобе;"веб дизайн актобе; дизайн сайта актобе; брендинг актобе";;Гео-услуга;index, follow после QA уникальности;Service (areaServed: Актобе), BreadcrumbList, FAQPage (если FAQ видим);"/web-studiya; /web-studiya/dizayn; /web-studiya/aktobe";"/web-studiya/dizayn; /web-studiya/aktobe; /keysy/sayty; /sozdanie-saitov-v-aktobe; /seo-prodvizhenie-sajtov-v-aktobe";Уникальный оффер для Актобе, особенности локального спроса и бизнеса, модель удалённой работы, релевантные кейсы, доказательства, FAQ, CTA. Нельзя публиковать шаблон только с заменой названия города.;P3;Региональные страницы — этап 3;Запланирована (региональное расширение);NEW;"Добавлена по новому требованию о покрытии 18 основных городов Казахстана; индексировать после проверки уникальности и полезности.";Средняя;design_geo_aktobe;;;;Да;37;130
128;3;SEO-продвижение;SEO-продвижение сайтов в Актобе;Геозависимая коммерческая страница направления «SEO-продвижение» для компаний в Актобе.;;/seo-prodvizhenie-sajtov-v-aktobe;SEO-продвижение сайтов в Актобе;SEO-продвижение сайтов в Актобе | Raskrutov;SEO-продвижение сайтов компаний в Актобе: семантика, структура, техническая оптимизация, контент, аналитика и рост видимости в поиске.;Коммерческий геозависимый;seo продвижение актобе;"продвижение сайтов актобе; раскрутка сайта актобе; seo оптимизация актобе";;Гео-услуга;index, follow после QA уникальности;Service (areaServed: Актобе), BreadcrumbList, FAQPage (если FAQ видим);"/web-studiya; /seo-prodvizhenie-sajtov; /web-studiya/aktobe";"/seo-prodvizhenie-sajtov; /web-studiya/aktobe; /keysy/prodvizhenie; /sozdanie-saitov-v-aktobe; /seo-prodvizhenie-sajtov-v-aktobe";Уникальный оффер для Актобе, особенности локального спроса и бизнеса, модель удалённой работы, релевантные кейсы, доказательства, FAQ, CTA. Нельзя публиковать шаблон только с заменой названия города.;P2;Региональные страницы — этап 2;Запланирована (региональное расширение);NEW;"Добавлена по новому требованию о покрытии 18 основных городов Казахстана; индексировать после проверки уникальности и полезности.";Средняя;seo_geo_aktobe;;;;Да;43;134
129;3;AEO-продвижение;AEO/GEO-продвижение в Актобе;Геозависимая коммерческая страница направления «AEO/GEO-продвижение» для компаний в Актобе.;;/web-studiya/aeo-geo-prodvizhenie/aktobe;AEO и GEO-продвижение в AI-выдаче в Актобе;AEO/GEO-продвижение в Актобе | Raskrutov;Продвигаем компании из Актобе в AI-ответах и нейропоиске: структура, сущности, экспертный контент, FAQ, Schema.org и AEO/GEO-оптимизация.;Коммерческий геозависимый;продвижение в ии поиске актобе;"aeo продвижение актобе; geo продвижение актобе; оптимизация сайта под ии актобе";;Гео-услуга;index, follow после QA уникальности;Service (areaServed: Актобе), BreadcrumbList, FAQPage (если FAQ видим);"/web-studiya; /web-studiya/aeo-geo-prodvizhenie; /web-studiya/aktobe";"/web-studiya/aeo-geo-prodvizhenie; /web-studiya/aktobe; /keysy/prodvizhenie; /sozdanie-saitov-v-aktobe; /seo-prodvizhenie-sajtov-v-aktobe";Уникальный оффер для Актобе, особенности локального спроса и бизнеса, модель удалённой работы, релевантные кейсы, доказательства, FAQ, CTA. Нельзя публиковать шаблон только с заменой названия города.;P3;Региональные страницы — этап 3;Запланирована (региональное расширение);NEW;"Добавлена по новому требованию о покрытии 18 основных городов Казахстана; индексировать после проверки уникальности и полезности.";Средняя;aeo_geo_aktobe;;;;Да;40;137
130;3;Контекстная реклама;Контекстная реклама в Актобе;Геозависимая коммерческая страница направления «Контекстная реклама» для компаний в Актобе.;;/web-studiya/kontekstnaya-reklama/aktobe;Контекстная реклама в Актобе;Контекстная реклама в Актобе | Raskrutov;Настраиваем контекстную рекламу для бизнеса в Актобе: Google Ads, Яндекс Директ, аналитика, оптимизация бюджета и заявок.;Коммерческий геозависимый;контекстная реклама актобе;"настройка google ads актобе; яндекс директ актобе; реклама сайта актобе";;Гео-услуга;index, follow после QA уникальности;Service (areaServed: Актобе), BreadcrumbList, FAQPage (если FAQ видим);"/web-studiya; /web-studiya/kontekstnaya-reklama; /web-studiya/aktobe";"/web-studiya/kontekstnaya-reklama; /web-studiya/aktobe; /keysy/prodvizhenie; /sozdanie-saitov-v-aktobe; /seo-prodvizhenie-sajtov-v-aktobe";Уникальный оффер для Актобе, особенности локального спроса и бизнеса, модель удалённой работы, релевантные кейсы, доказательства, FAQ, CTA. Нельзя публиковать шаблон только с заменой названия города.;P3;Региональные страницы — этап 3;Запланирована (региональное расширение);NEW;"Добавлена по новому требованию о покрытии 18 основных городов Казахстана; индексировать после проверки уникальности и полезности.";Средняя;ppc_geo_aktobe;;;;Да;40;121
131;3;Лидогенерация;Лидогенерация в Актобе;Геозависимая коммерческая страница направления «Лидогенерация» для компаний в Актобе.;;/web-studiya/lidogeneratsiya/aktobe;Лидогенерация для бизнеса в Актобе;Лидогенерация в Актобе | Raskrutov;Привлекаем целевые заявки для бизнеса в Актобе: сайт, реклама, квизы, аналитика, CRM и оптимизация воронки продаж.;Коммерческий геозависимый;лидогенерация актобе;"генерация лидов актобе; лидогенерация для бизнеса актобе; заказать лидогенерацию актобе";;Гео-услуга;index, follow после QA уникальности;Service (areaServed: Актобе), BreadcrumbList, FAQPage (если FAQ видим);"/web-studiya; /web-studiya/lidogeneratsiya; /web-studiya/aktobe";"/web-studiya/lidogeneratsiya; /web-studiya/aktobe; /keysy; /sozdanie-saitov-v-aktobe; /seo-prodvizhenie-sajtov-v-aktobe";Уникальный оффер для Актобе, особенности локального спроса и бизнеса, модель удалённой работы, релевантные кейсы, доказательства, FAQ, CTA. Нельзя публиковать шаблон только с заменой названия города.;P3;Региональные страницы — этап 3;Запланирована (региональное расширение);NEW;"Добавлена по новому требованию о покрытии 18 основных городов Казахстана; индексировать после проверки уникальности и полезности.";Средняя;leadgen_geo_aktobe;;;;Да;34;114
132;3;Поддержка сайтов;Поддержка сайтов в Актобе;Геозависимая коммерческая страница направления «Поддержка сайтов» для компаний в Актобе.;;/web-studiya/podderzhka-saytov/aktobe;Техническая поддержка сайтов в Актобе;Поддержка сайтов в Актобе | Raskrutov;Техническая поддержка сайтов компаний в Актобе: обновления, безопасность, резервные копии, исправления и развитие проекта.;Коммерческий геозависимый;поддержка сайтов актобе;"техническая поддержка сайта актобе; обслуживание сайтов актобе; сопровождение сайта актобе";;Гео-услуга;index, follow после QA уникальности;Service (areaServed: Актобе), BreadcrumbList, FAQPage (если FAQ видим);"/web-studiya; /web-studiya/podderzhka-saytov; /web-studiya/aktobe";"/web-studiya/podderzhka-saytov; /web-studiya/aktobe; /keysy/sayty; /sozdanie-saitov-v-aktobe; /seo-prodvizhenie-sajtov-v-aktobe";Уникальный оффер для Актобе, особенности локального спроса и бизнеса, модель удалённой работы, релевантные кейсы, доказательства, FAQ, CTA. Нельзя публиковать шаблон только с заменой названия города.;P3;Региональные страницы — этап 3;Запланирована (региональное расширение);NEW;"Добавлена по новому требованию о покрытии 18 основных городов Казахстана; индексировать после проверки уникальности и полезности.";Средняя;site_support_geo_aktobe;;;;Да;37;122
133;3;Digital-консалтинг;Digital-консалтинг в Актобе;Геозависимая коммерческая страница направления «Digital-консалтинг» для компаний в Актобе.;;/web-studiya/digital-konsalting/aktobe;Digital-консалтинг для бизнеса в Актобе;Digital-консалтинг в Актобе | Raskrutov;Digital-консалтинг для бизнеса в Актобе: аудит, стратегия, аналитика, приоритеты внедрения и план роста цифровых каналов.;Коммерческий геозависимый;digital консалтинг актобе;"интернет маркетинг консалтинг актобе; digital стратегия актобе; аудит интернет маркетинга актобе";;Гео-услуга;index, follow после QA уникальности;Service (areaServed: Актобе), BreadcrumbList, FAQPage (если FAQ видим);"/web-studiya; /web-studiya/digital-konsalting; /web-studiya/aktobe";"/web-studiya/digital-konsalting; /web-studiya/aktobe; /keysy; /sozdanie-saitov-v-aktobe; /seo-prodvizhenie-sajtov-v-aktobe";Уникальный оффер для Актобе, особенности локального спроса и бизнеса, модель удалённой работы, релевантные кейсы, доказательства, FAQ, CTA. Нельзя публиковать шаблон только с заменой названия города.;P3;Региональные страницы — этап 3;Запланирована (региональное расширение);NEW;"Добавлена по новому требованию о покрытии 18 основных городов Казахстана; индексировать после проверки уникальности и полезности.";Средняя;digital_consulting_geo_aktobe;;;;Да;39;121
134;3;Вебстудия Raskrutov;Веб-студия в Атырау;Геозависимая коммерческая страница направления «Веб-студия» для компаний в Атырау.;;/web-studiya/atyrau;Веб-студия в Атырау;Веб-студия в Атырау: сайты, SEO и реклама | Raskrutov;Веб-студия Raskrutov в Атырау: создаём сайты, продвигаем в поиске и AI-выдаче, настраиваем рекламу и лидогенерацию для бизнеса.;Коммерческий геозависимый;веб студия атырау;"услуги веб студии атырау; digital агентство атырау; интернет агентство атырау";;Региональный хаб;index, follow после QA уникальности;CollectionPage, BreadcrumbList;"/web-studiya; /sozdanie-saitov-v-atyrau; /web-studiya/dizayn/atyrau; /seo-prodvizhenie-sajtov-v-atyrau; /web-studiya/aeo-geo-prodvizhenie/atyrau; /web-studiya/kontekstnaya-reklama/atyrau; /web-studiya/lidogeneratsiya/atyrau; /web-studiya/podderzhka-saytov/atyrau; /web-studiya/digital-konsalting/atyrau";"/web-studiya; /sozdanie-saitov-v-atyrau; /web-studiya/dizayn/atyrau; /seo-prodvizhenie-sajtov-v-atyrau; /web-studiya/aeo-geo-prodvizhenie/atyrau; /web-studiya/kontekstnaya-reklama/atyrau; /web-studiya/lidogeneratsiya/atyrau; /web-studiya/podderzhka-saytov/atyrau; /web-studiya/digital-konsalting/atyrau";Уникальный оффер для Атырау, особенности локального спроса и бизнеса, модель удалённой работы, релевантные кейсы, доказательства, FAQ, CTA. Нельзя публиковать шаблон только с заменой названия города.;P2;Региональные страницы — этап 2;Запланирована (региональное расширение);NEW;"Добавлена по новому требованию о покрытии 18 основных городов Казахстана; индексировать после проверки уникальности и полезности.";Средняя;webstudio_geo_atyrau;;;;Да;53;127
135;3;Создание сайтов;Создание сайтов в Атырау;Геозависимая коммерческая страница направления «Создание сайтов» для компаний в Атырау.;;/sozdanie-saitov-v-atyrau;Создание сайтов в Атырау;Создание сайтов в Атырау под ключ | Raskrutov;Создаём сайты для бизнеса в Атырау: лендинги, корпоративные сайты и интернет-магазины с подготовкой к SEO, рекламе и продажам.;Коммерческий геозависимый;создание сайтов атырау;"разработка сайтов атырау; заказать сайт атырау; создание сайта под ключ атырау";;Гео-услуга;index, follow после QA уникальности;Service (areaServed: Атырау), BreadcrumbList, FAQPage (если FAQ видим);"/web-studiya; /sozdanie-saitov; /web-studiya/atyrau";"/sozdanie-saitov; /web-studiya/atyrau; /keysy/sayty; /sozdanie-saitov-v-atyrau; /seo-prodvizhenie-sajtov-v-atyrau";Уникальный оффер для Атырау, особенности локального спроса и бизнеса, модель удалённой работы, релевантные кейсы, доказательства, FAQ, CTA. Нельзя публиковать шаблон только с заменой названия города.;P2;Региональные страницы — этап 2;Запланирована (региональное расширение);NEW;"Добавлена по новому требованию о покрытии 18 основных городов Казахстана; индексировать после проверки уникальности и полезности.";Средняя;site_geo_atyrau;;;;Да;45;126
136;3;Услуги дизайнера;Услуги дизайнера в Атырау;Геозависимая коммерческая страница направления «Услуги дизайнера» для компаний в Атырау.;;/web-studiya/dizayn/atyrau;Услуги дизайнера и веб-дизайн в Атырау;Услуги дизайнера в Атырау | Raskrutov;Дизайн для бизнеса в Атырау: сайты, логотипы, фирменный стиль, брендбук и визуальные материалы с понятным процессом и результатом.;Коммерческий геозависимый;услуги дизайнера атырау;"веб дизайн атырау; дизайн сайта атырау; брендинг атырау";;Гео-услуга;index, follow после QA уникальности;Service (areaServed: Атырау), BreadcrumbList, FAQPage (если FAQ видим);"/web-studiya; /web-studiya/dizayn; /web-studiya/atyrau";"/web-studiya/dizayn; /web-studiya/atyrau; /keysy/sayty; /sozdanie-saitov-v-atyrau; /seo-prodvizhenie-sajtov-v-atyrau";Уникальный оффер для Атырау, особенности локального спроса и бизнеса, модель удалённой работы, релевантные кейсы, доказательства, FAQ, CTA. Нельзя публиковать шаблон только с заменой названия города.;P3;Региональные страницы — этап 3;Запланирована (региональное расширение);NEW;"Добавлена по новому требованию о покрытии 18 основных городов Казахстана; индексировать после проверки уникальности и полезности.";Средняя;design_geo_atyrau;;;;Да;37;130
137;3;SEO-продвижение;SEO-продвижение сайтов в Атырау;Геозависимая коммерческая страница направления «SEO-продвижение» для компаний в Атырау.;;/seo-prodvizhenie-sajtov-v-atyrau;SEO-продвижение сайтов в Атырау;SEO-продвижение сайтов в Атырау | Raskrutov;SEO-продвижение сайтов компаний в Атырау: семантика, структура, техническая оптимизация, контент, аналитика и рост видимости в поиске.;Коммерческий геозависимый;seo продвижение атырау;"продвижение сайтов атырау; раскрутка сайта атырау; seo оптимизация атырау";;Гео-услуга;index, follow после QA уникальности;Service (areaServed: Атырау), BreadcrumbList, FAQPage (если FAQ видим);"/web-studiya; /seo-prodvizhenie-sajtov; /web-studiya/atyrau";"/seo-prodvizhenie-sajtov; /web-studiya/atyrau; /keysy/prodvizhenie; /sozdanie-saitov-v-atyrau; /seo-prodvizhenie-sajtov-v-atyrau";Уникальный оффер для Атырау, особенности локального спроса и бизнеса, модель удалённой работы, релевантные кейсы, доказательства, FAQ, CTA. Нельзя публиковать шаблон только с заменой названия города.;P2;Региональные страницы — этап 2;Запланирована (региональное расширение);NEW;"Добавлена по новому требованию о покрытии 18 основных городов Казахстана; индексировать после проверки уникальности и полезности.";Средняя;seo_geo_atyrau;;;;Да;43;134
138;3;AEO-продвижение;AEO/GEO-продвижение в Атырау;Геозависимая коммерческая страница направления «AEO/GEO-продвижение» для компаний в Атырау.;;/web-studiya/aeo-geo-prodvizhenie/atyrau;AEO и GEO-продвижение в AI-выдаче в Атырау;AEO/GEO-продвижение в Атырау | Raskrutov;Продвигаем компании из Атырау в AI-ответах и нейропоиске: структура, сущности, экспертный контент, FAQ, Schema.org и AEO/GEO-оптимизация.;Коммерческий геозависимый;продвижение в ии поиске атырау;"aeo продвижение атырау; geo продвижение атырау; оптимизация сайта под ии атырау";;Гео-услуга;index, follow после QA уникальности;Service (areaServed: Атырау), BreadcrumbList, FAQPage (если FAQ видим);"/web-studiya; /web-studiya/aeo-geo-prodvizhenie; /web-studiya/atyrau";"/web-studiya/aeo-geo-prodvizhenie; /web-studiya/atyrau; /keysy/prodvizhenie; /sozdanie-saitov-v-atyrau; /seo-prodvizhenie-sajtov-v-atyrau";Уникальный оффер для Атырау, особенности локального спроса и бизнеса, модель удалённой работы, релевантные кейсы, доказательства, FAQ, CTA. Нельзя публиковать шаблон только с заменой названия города.;P3;Региональные страницы — этап 3;Запланирована (региональное расширение);NEW;"Добавлена по новому требованию о покрытии 18 основных городов Казахстана; индексировать после проверки уникальности и полезности.";Средняя;aeo_geo_atyrau;;;;Да;40;137
139;3;Контекстная реклама;Контекстная реклама в Атырау;Геозависимая коммерческая страница направления «Контекстная реклама» для компаний в Атырау.;;/web-studiya/kontekstnaya-reklama/atyrau;Контекстная реклама в Атырау;Контекстная реклама в Атырау | Raskrutov;Настраиваем контекстную рекламу для бизнеса в Атырау: Google Ads, Яндекс Директ, аналитика, оптимизация бюджета и заявок.;Коммерческий геозависимый;контекстная реклама атырау;"настройка google ads атырау; яндекс директ атырау; реклама сайта атырау";;Гео-услуга;index, follow после QA уникальности;Service (areaServed: Атырау), BreadcrumbList, FAQPage (если FAQ видим);"/web-studiya; /web-studiya/kontekstnaya-reklama; /web-studiya/atyrau";"/web-studiya/kontekstnaya-reklama; /web-studiya/atyrau; /keysy/prodvizhenie; /sozdanie-saitov-v-atyrau; /seo-prodvizhenie-sajtov-v-atyrau";Уникальный оффер для Атырау, особенности локального спроса и бизнеса, модель удалённой работы, релевантные кейсы, доказательства, FAQ, CTA. Нельзя публиковать шаблон только с заменой названия города.;P3;Региональные страницы — этап 3;Запланирована (региональное расширение);NEW;"Добавлена по новому требованию о покрытии 18 основных городов Казахстана; индексировать после проверки уникальности и полезности.";Средняя;ppc_geo_atyrau;;;;Да;40;121
140;3;Лидогенерация;Лидогенерация в Атырау;Геозависимая коммерческая страница направления «Лидогенерация» для компаний в Атырау.;;/web-studiya/lidogeneratsiya/atyrau;Лидогенерация для бизнеса в Атырау;Лидогенерация в Атырау | Raskrutov;Привлекаем целевые заявки для бизнеса в Атырау: сайт, реклама, квизы, аналитика, CRM и оптимизация воронки продаж.;Коммерческий геозависимый;лидогенерация атырау;"генерация лидов атырау; лидогенерация для бизнеса атырау; заказать лидогенерацию атырау";;Гео-услуга;index, follow после QA уникальности;Service (areaServed: Атырау), BreadcrumbList, FAQPage (если FAQ видим);"/web-studiya; /web-studiya/lidogeneratsiya; /web-studiya/atyrau";"/web-studiya/lidogeneratsiya; /web-studiya/atyrau; /keysy; /sozdanie-saitov-v-atyrau; /seo-prodvizhenie-sajtov-v-atyrau";Уникальный оффер для Атырау, особенности локального спроса и бизнеса, модель удалённой работы, релевантные кейсы, доказательства, FAQ, CTA. Нельзя публиковать шаблон только с заменой названия города.;P3;Региональные страницы — этап 3;Запланирована (региональное расширение);NEW;"Добавлена по новому требованию о покрытии 18 основных городов Казахстана; индексировать после проверки уникальности и полезности.";Средняя;leadgen_geo_atyrau;;;;Да;34;114
141;3;Поддержка сайтов;Поддержка сайтов в Атырау;Геозависимая коммерческая страница направления «Поддержка сайтов» для компаний в Атырау.;;/web-studiya/podderzhka-saytov/atyrau;Техническая поддержка сайтов в Атырау;Поддержка сайтов в Атырау | Raskrutov;Техническая поддержка сайтов компаний в Атырау: обновления, безопасность, резервные копии, исправления и развитие проекта.;Коммерческий геозависимый;поддержка сайтов атырау;"техническая поддержка сайта атырау; обслуживание сайтов атырау; сопровождение сайта атырау";;Гео-услуга;index, follow после QA уникальности;Service (areaServed: Атырау), BreadcrumbList, FAQPage (если FAQ видим);"/web-studiya; /web-studiya/podderzhka-saytov; /web-studiya/atyrau";"/web-studiya/podderzhka-saytov; /web-studiya/atyrau; /keysy/sayty; /sozdanie-saitov-v-atyrau; /seo-prodvizhenie-sajtov-v-atyrau";Уникальный оффер для Атырау, особенности локального спроса и бизнеса, модель удалённой работы, релевантные кейсы, доказательства, FAQ, CTA. Нельзя публиковать шаблон только с заменой названия города.;P3;Региональные страницы — этап 3;Запланирована (региональное расширение);NEW;"Добавлена по новому требованию о покрытии 18 основных городов Казахстана; индексировать после проверки уникальности и полезности.";Средняя;site_support_geo_atyrau;;;;Да;37;122
142;3;Digital-консалтинг;Digital-консалтинг в Атырау;Геозависимая коммерческая страница направления «Digital-консалтинг» для компаний в Атырау.;;/web-studiya/digital-konsalting/atyrau;Digital-консалтинг для бизнеса в Атырау;Digital-консалтинг в Атырау | Raskrutov;Digital-консалтинг для бизнеса в Атырау: аудит, стратегия, аналитика, приоритеты внедрения и план роста цифровых каналов.;Коммерческий геозависимый;digital консалтинг атырау;"интернет маркетинг консалтинг атырау; digital стратегия атырау; аудит интернет маркетинга атырау";;Гео-услуга;index, follow после QA уникальности;Service (areaServed: Атырау), BreadcrumbList, FAQPage (если FAQ видим);"/web-studiya; /web-studiya/digital-konsalting; /web-studiya/atyrau";"/web-studiya/digital-konsalting; /web-studiya/atyrau; /keysy; /sozdanie-saitov-v-atyrau; /seo-prodvizhenie-sajtov-v-atyrau";Уникальный оффер для Атырау, особенности локального спроса и бизнеса, модель удалённой работы, релевантные кейсы, доказательства, FAQ, CTA. Нельзя публиковать шаблон только с заменой названия города.;P3;Региональные страницы — этап 3;Запланирована (региональное расширение);NEW;"Добавлена по новому требованию о покрытии 18 основных городов Казахстана; индексировать после проверки уникальности и полезности.";Средняя;digital_consulting_geo_atyrau;;;;Да;39;121
143;3;Вебстудия Raskrutov;Веб-студия в Караганде;Геозависимая коммерческая страница направления «Веб-студия» для компаний в Караганде.;;/web-studiya/karaganda;Веб-студия в Караганде;Веб-студия в Караганде: сайты, SEO и реклама | Raskrutov;Веб-студия Raskrutov в Караганде: создаём сайты, продвигаем в поиске и AI-выдаче, настраиваем рекламу и лидогенерацию для бизнеса.;Коммерческий геозависимый;веб студия караганда;"услуги веб студии караганда; digital агентство караганда; интернет агентство караганда";;Региональный хаб;index, follow после QA уникальности;CollectionPage, BreadcrumbList;"/web-studiya; /sozdanie-saitov-v-karagande; /web-studiya/dizayn/karaganda; /seo-prodvizhenie-sajtov-v-karagande; /web-studiya/aeo-geo-prodvizhenie/karaganda; /web-studiya/kontekstnaya-reklama/karaganda; /web-studiya/lidogeneratsiya/karaganda; /web-studiya/podderzhka-saytov/karaganda; /web-studiya/digital-konsalting/karaganda";"/web-studiya; /sozdanie-saitov-v-karagande; /web-studiya/dizayn/karaganda; /seo-prodvizhenie-sajtov-v-karagande; /web-studiya/aeo-geo-prodvizhenie/karaganda; /web-studiya/kontekstnaya-reklama/karaganda; /web-studiya/lidogeneratsiya/karaganda; /web-studiya/podderzhka-saytov/karaganda; /web-studiya/digital-konsalting/karaganda";Уникальный оффер для Караганда, особенности локального спроса и бизнеса, модель удалённой работы, релевантные кейсы, доказательства, FAQ, CTA. Нельзя публиковать шаблон только с заменой названия города.;P1;Региональные страницы — этап 1;Запланирована (региональное расширение);NEW;"Добавлена по новому требованию о покрытии 18 основных городов Казахстана; индексировать после проверки уникальности и полезности.";Средняя;webstudio_geo_karaganda;;;;Да;56;130
144;3;Услуги дизайнера;Услуги дизайнера в Караганде;Геозависимая коммерческая страница направления «Услуги дизайнера» для компаний в Караганде.;;/web-studiya/dizayn/karaganda;Услуги дизайнера и веб-дизайн в Караганде;Услуги дизайнера в Караганде | Raskrutov;Дизайн для бизнеса в Караганде: сайты, логотипы, фирменный стиль, брендбук и визуальные материалы с понятным процессом и результатом.;Коммерческий геозависимый;услуги дизайнера караганда;"веб дизайн караганда; дизайн сайта караганда; брендинг караганда";;Гео-услуга;index, follow после QA уникальности;Service (areaServed: Караганда), BreadcrumbList, FAQPage (если FAQ видим);"/web-studiya; /web-studiya/dizayn; /web-studiya/karaganda";"/web-studiya/dizayn; /web-studiya/karaganda; /keysy/sayty; /sozdanie-saitov-v-karagande; /seo-prodvizhenie-sajtov-v-karagande";Уникальный оффер для Караганда, особенности локального спроса и бизнеса, модель удалённой работы, релевантные кейсы, доказательства, FAQ, CTA. Нельзя публиковать шаблон только с заменой названия города.;P2;Региональные страницы — этап 2;Запланирована (региональное расширение);NEW;"Добавлена по новому требованию о покрытии 18 основных городов Казахстана; индексировать после проверки уникальности и полезности.";Средняя;design_geo_karaganda;;;;Да;40;133
145;3;AEO-продвижение;AEO/GEO-продвижение в Караганде;Геозависимая коммерческая страница направления «AEO/GEO-продвижение» для компаний в Караганде.;;/web-studiya/aeo-geo-prodvizhenie/karaganda;AEO и GEO-продвижение в AI-выдаче в Караганде;AEO/GEO-продвижение в Караганде | Raskrutov;Продвигаем компании из Караганда в AI-ответах и нейропоиске: структура, сущности, экспертный контент, FAQ, Schema.org и AEO/GEO-оптимизация.;Коммерческий геозависимый;продвижение в ии поиске караганда;"aeo продвижение караганда; geo продвижение караганда; оптимизация сайта под ии караганда";;Гео-услуга;index, follow после QA уникальности;Service (areaServed: Караганда), BreadcrumbList, FAQPage (если FAQ видим);"/web-studiya; /web-studiya/aeo-geo-prodvizhenie; /web-studiya/karaganda";"/web-studiya/aeo-geo-prodvizhenie; /web-studiya/karaganda; /keysy/prodvizhenie; /sozdanie-saitov-v-karagande; /seo-prodvizhenie-sajtov-v-karagande";Уникальный оффер для Караганда, особенности локального спроса и бизнеса, модель удалённой работы, релевантные кейсы, доказательства, FAQ, CTA. Нельзя публиковать шаблон только с заменой названия города.;P2;Региональные страницы — этап 2;Запланирована (региональное расширение);NEW;"Добавлена по новому требованию о покрытии 18 основных городов Казахстана; индексировать после проверки уникальности и полезности.";Средняя;aeo_geo_karaganda;;;;Да;43;140
146;3;Контекстная реклама;Контекстная реклама в Караганде;Геозависимая коммерческая страница направления «Контекстная реклама» для компаний в Караганде.;;/web-studiya/kontekstnaya-reklama/karaganda;Контекстная реклама в Караганде;Контекстная реклама в Караганде | Raskrutov;Настраиваем контекстную рекламу для бизнеса в Караганде: Google Ads, Яндекс Директ, аналитика, оптимизация бюджета и заявок.;Коммерческий геозависимый;контекстная реклама караганда;"настройка google ads караганда; яндекс директ караганда; реклама сайта караганда";;Гео-услуга;index, follow после QA уникальности;Service (areaServed: Караганда), BreadcrumbList, FAQPage (если FAQ видим);"/web-studiya; /web-studiya/kontekstnaya-reklama; /web-studiya/karaganda";"/web-studiya/kontekstnaya-reklama; /web-studiya/karaganda; /keysy/prodvizhenie; /sozdanie-saitov-v-karagande; /seo-prodvizhenie-sajtov-v-karagande";Уникальный оффер для Караганда, особенности локального спроса и бизнеса, модель удалённой работы, релевантные кейсы, доказательства, FAQ, CTA. Нельзя публиковать шаблон только с заменой названия города.;P2;Региональные страницы — этап 2;Запланирована (региональное расширение);NEW;"Добавлена по новому требованию о покрытии 18 основных городов Казахстана; индексировать после проверки уникальности и полезности.";Средняя;ppc_geo_karaganda;;;;Да;43;124
147;3;Лидогенерация;Лидогенерация в Караганде;Геозависимая коммерческая страница направления «Лидогенерация» для компаний в Караганде.;;/web-studiya/lidogeneratsiya/karaganda;Лидогенерация для бизнеса в Караганде;Лидогенерация в Караганде | Raskrutov;Привлекаем целевые заявки для бизнеса в Караганде: сайт, реклама, квизы, аналитика, CRM и оптимизация воронки продаж.;Коммерческий геозависимый;лидогенерация караганда;"генерация лидов караганда; лидогенерация для бизнеса караганда; заказать лидогенерацию караганда";;Гео-услуга;index, follow после QA уникальности;Service (areaServed: Караганда), BreadcrumbList, FAQPage (если FAQ видим);"/web-studiya; /web-studiya/lidogeneratsiya; /web-studiya/karaganda";"/web-studiya/lidogeneratsiya; /web-studiya/karaganda; /keysy; /sozdanie-saitov-v-karagande; /seo-prodvizhenie-sajtov-v-karagande";Уникальный оффер для Караганда, особенности локального спроса и бизнеса, модель удалённой работы, релевантные кейсы, доказательства, FAQ, CTA. Нельзя публиковать шаблон только с заменой названия города.;P2;Региональные страницы — этап 2;Запланирована (региональное расширение);NEW;"Добавлена по новому требованию о покрытии 18 основных городов Казахстана; индексировать после проверки уникальности и полезности.";Средняя;leadgen_geo_karaganda;;;;Да;37;117
148;3;Поддержка сайтов;Поддержка сайтов в Караганде;Геозависимая коммерческая страница направления «Поддержка сайтов» для компаний в Караганде.;;/web-studiya/podderzhka-saytov/karaganda;Техническая поддержка сайтов в Караганде;Поддержка сайтов в Караганде | Raskrutov;Техническая поддержка сайтов компаний в Караганде: обновления, безопасность, резервные копии, исправления и развитие проекта.;Коммерческий геозависимый;поддержка сайтов караганда;"техническая поддержка сайта караганда; обслуживание сайтов караганда; сопровождение сайта караганда";;Гео-услуга;index, follow после QA уникальности;Service (areaServed: Караганда), BreadcrumbList, FAQPage (если FAQ видим);"/web-studiya; /web-studiya/podderzhka-saytov; /web-studiya/karaganda";"/web-studiya/podderzhka-saytov; /web-studiya/karaganda; /keysy/sayty; /sozdanie-saitov-v-karagande; /seo-prodvizhenie-sajtov-v-karagande";Уникальный оффер для Караганда, особенности локального спроса и бизнеса, модель удалённой работы, релевантные кейсы, доказательства, FAQ, CTA. Нельзя публиковать шаблон только с заменой названия города.;P2;Региональные страницы — этап 2;Запланирована (региональное расширение);NEW;"Добавлена по новому требованию о покрытии 18 основных городов Казахстана; индексировать после проверки уникальности и полезности.";Средняя;site_support_geo_karaganda;;;;Да;40;125
149;3;Digital-консалтинг;Digital-консалтинг в Караганде;Геозависимая коммерческая страница направления «Digital-консалтинг» для компаний в Караганде.;;/web-studiya/digital-konsalting/karaganda;Digital-консалтинг для бизнеса в Караганде;Digital-консалтинг в Караганде | Raskrutov;Digital-консалтинг для бизнеса в Караганде: аудит, стратегия, аналитика, приоритеты внедрения и план роста цифровых каналов.;Коммерческий геозависимый;digital консалтинг караганда;"интернет маркетинг консалтинг караганда; digital стратегия караганда; аудит интернет маркетинга караганда";;Гео-услуга;index, follow после QA уникальности;Service (areaServed: Караганда), BreadcrumbList, FAQPage (если FAQ видим);"/web-studiya; /web-studiya/digital-konsalting; /web-studiya/karaganda";"/web-studiya/digital-konsalting; /web-studiya/karaganda; /keysy; /sozdanie-saitov-v-karagande; /seo-prodvizhenie-sajtov-v-karagande";Уникальный оффер для Караганда, особенности локального спроса и бизнеса, модель удалённой работы, релевантные кейсы, доказательства, FAQ, CTA. Нельзя публиковать шаблон только с заменой названия города.;P2;Региональные страницы — этап 2;Запланирована (региональное расширение);NEW;"Добавлена по новому требованию о покрытии 18 основных городов Казахстана; индексировать после проверки уникальности и полезности.";Средняя;digital_consulting_geo_karaganda;;;;Да;42;124
150;3;Вебстудия Raskrutov;Веб-студия в Кокшетау;Геозависимая коммерческая страница направления «Веб-студия» для компаний в Кокшетау.;;/web-studiya/kokshetau;Веб-студия в Кокшетау;Веб-студия в Кокшетау: сайты, SEO и реклама | Raskrutov;Веб-студия Raskrutov в Кокшетау: создаём сайты, продвигаем в поиске и AI-выдаче, настраиваем рекламу и лидогенерацию для бизнеса.;Коммерческий геозависимый;веб студия кокшетау;"услуги веб студии кокшетау; digital агентство кокшетау; интернет агентство кокшетау";;Региональный хаб;index, follow после QA уникальности;CollectionPage, BreadcrumbList;"/web-studiya; /sozdanie-saitov-v-kokshetau; /web-studiya/dizayn/kokshetau; /seo-prodvizhenie-sajtov-v-kokshetau; /web-studiya/aeo-geo-prodvizhenie/kokshetau; /web-studiya/kontekstnaya-reklama/kokshetau; /web-studiya/lidogeneratsiya/kokshetau; /web-studiya/podderzhka-saytov/kokshetau; /web-studiya/digital-konsalting/kokshetau";"/web-studiya; /sozdanie-saitov-v-kokshetau; /web-studiya/dizayn/kokshetau; /seo-prodvizhenie-sajtov-v-kokshetau; /web-studiya/aeo-geo-prodvizhenie/kokshetau; /web-studiya/kontekstnaya-reklama/kokshetau; /web-studiya/lidogeneratsiya/kokshetau; /web-studiya/podderzhka-saytov/kokshetau; /web-studiya/digital-konsalting/kokshetau";Уникальный оффер для Кокшетау, особенности локального спроса и бизнеса, модель удалённой работы, релевантные кейсы, доказательства, FAQ, CTA. Нельзя публиковать шаблон только с заменой названия города.;P2;Региональные страницы — этап 2;Запланирована (региональное расширение);NEW;"Добавлена по новому требованию о покрытии 18 основных городов Казахстана; индексировать после проверки уникальности и полезности.";Средняя;webstudio_geo_kokshetau;;;;Да;55;129
151;3;Создание сайтов;Создание сайтов в Кокшетау;Геозависимая коммерческая страница направления «Создание сайтов» для компаний в Кокшетау.;;/sozdanie-saitov-v-kokshetau;Создание сайтов в Кокшетау;Создание сайтов в Кокшетау под ключ | Raskrutov;Создаём сайты для бизнеса в Кокшетау: лендинги, корпоративные сайты и интернет-магазины с подготовкой к SEO, рекламе и продажам.;Коммерческий геозависимый;создание сайтов кокшетау;"разработка сайтов кокшетау; заказать сайт кокшетау; создание сайта под ключ кокшетау";;Гео-услуга;index, follow после QA уникальности;Service (areaServed: Кокшетау), BreadcrumbList, FAQPage (если FAQ видим);"/web-studiya; /sozdanie-saitov; /web-studiya/kokshetau";"/sozdanie-saitov; /web-studiya/kokshetau; /keysy/sayty; /sozdanie-saitov-v-kokshetau; /seo-prodvizhenie-sajtov-v-kokshetau";Уникальный оффер для Кокшетау, особенности локального спроса и бизнеса, модель удалённой работы, релевантные кейсы, доказательства, FAQ, CTA. Нельзя публиковать шаблон только с заменой названия города.;P2;Региональные страницы — этап 2;Запланирована (региональное расширение);NEW;"Добавлена по новому требованию о покрытии 18 основных городов Казахстана; индексировать после проверки уникальности и полезности.";Средняя;site_geo_kokshetau;;;;Да;47;128
152;3;Услуги дизайнера;Услуги дизайнера в Кокшетау;Геозависимая коммерческая страница направления «Услуги дизайнера» для компаний в Кокшетау.;;/web-studiya/dizayn/kokshetau;Услуги дизайнера и веб-дизайн в Кокшетау;Услуги дизайнера в Кокшетау | Raskrutov;Дизайн для бизнеса в Кокшетау: сайты, логотипы, фирменный стиль, брендбук и визуальные материалы с понятным процессом и результатом.;Коммерческий геозависимый;услуги дизайнера кокшетау;"веб дизайн кокшетау; дизайн сайта кокшетау; брендинг кокшетау";;Гео-услуга;index, follow после QA уникальности;Service (areaServed: Кокшетау), BreadcrumbList, FAQPage (если FAQ видим);"/web-studiya; /web-studiya/dizayn; /web-studiya/kokshetau";"/web-studiya/dizayn; /web-studiya/kokshetau; /keysy/sayty; /sozdanie-saitov-v-kokshetau; /seo-prodvizhenie-sajtov-v-kokshetau";Уникальный оффер для Кокшетау, особенности локального спроса и бизнеса, модель удалённой работы, релевантные кейсы, доказательства, FAQ, CTA. Нельзя публиковать шаблон только с заменой названия города.;P3;Региональные страницы — этап 3;Запланирована (региональное расширение);NEW;"Добавлена по новому требованию о покрытии 18 основных городов Казахстана; индексировать после проверки уникальности и полезности.";Средняя;design_geo_kokshetau;;;;Да;39;132
153;3;SEO-продвижение;SEO-продвижение сайтов в Кокшетау;Геозависимая коммерческая страница направления «SEO-продвижение» для компаний в Кокшетау.;;/seo-prodvizhenie-sajtov-v-kokshetau;SEO-продвижение сайтов в Кокшетау;SEO-продвижение сайтов в Кокшетау | Raskrutov;SEO-продвижение сайтов компаний в Кокшетау: семантика, структура, техническая оптимизация, контент, аналитика и рост видимости в поиске.;Коммерческий геозависимый;seo продвижение кокшетау;"продвижение сайтов кокшетау; раскрутка сайта кокшетау; seo оптимизация кокшетау";;Гео-услуга;index, follow после QA уникальности;Service (areaServed: Кокшетау), BreadcrumbList, FAQPage (если FAQ видим);"/web-studiya; /seo-prodvizhenie-sajtov; /web-studiya/kokshetau";"/seo-prodvizhenie-sajtov; /web-studiya/kokshetau; /keysy/prodvizhenie; /sozdanie-saitov-v-kokshetau; /seo-prodvizhenie-sajtov-v-kokshetau";Уникальный оффер для Кокшетау, особенности локального спроса и бизнеса, модель удалённой работы, релевантные кейсы, доказательства, FAQ, CTA. Нельзя публиковать шаблон только с заменой названия города.;P2;Региональные страницы — этап 2;Запланирована (региональное расширение);NEW;"Добавлена по новому требованию о покрытии 18 основных городов Казахстана; индексировать после проверки уникальности и полезности.";Средняя;seo_geo_kokshetau;;;;Да;45;136
154;3;AEO-продвижение;AEO/GEO-продвижение в Кокшетау;Геозависимая коммерческая страница направления «AEO/GEO-продвижение» для компаний в Кокшетау.;;/web-studiya/aeo-geo-prodvizhenie/kokshetau;AEO и GEO-продвижение в AI-выдаче в Кокшетау;AEO/GEO-продвижение в Кокшетау | Raskrutov;Продвигаем компании из Кокшетау в AI-ответах и нейропоиске: структура, сущности, экспертный контент, FAQ, Schema.org и AEO/GEO-оптимизация.;Коммерческий геозависимый;продвижение в ии поиске кокшетау;"aeo продвижение кокшетау; geo продвижение кокшетау; оптимизация сайта под ии кокшетау";;Гео-услуга;index, follow после QA уникальности;Service (areaServed: Кокшетау), BreadcrumbList, FAQPage (если FAQ видим);"/web-studiya; /web-studiya/aeo-geo-prodvizhenie; /web-studiya/kokshetau";"/web-studiya/aeo-geo-prodvizhenie; /web-studiya/kokshetau; /keysy/prodvizhenie; /sozdanie-saitov-v-kokshetau; /seo-prodvizhenie-sajtov-v-kokshetau";Уникальный оффер для Кокшетау, особенности локального спроса и бизнеса, модель удалённой работы, релевантные кейсы, доказательства, FAQ, CTA. Нельзя публиковать шаблон только с заменой названия города.;P3;Региональные страницы — этап 3;Запланирована (региональное расширение);NEW;"Добавлена по новому требованию о покрытии 18 основных городов Казахстана; индексировать после проверки уникальности и полезности.";Средняя;aeo_geo_kokshetau;;;;Да;42;139
155;3;Контекстная реклама;Контекстная реклама в Кокшетау;Геозависимая коммерческая страница направления «Контекстная реклама» для компаний в Кокшетау.;;/web-studiya/kontekstnaya-reklama/kokshetau;Контекстная реклама в Кокшетау;Контекстная реклама в Кокшетау | Raskrutov;Настраиваем контекстную рекламу для бизнеса в Кокшетау: Google Ads, Яндекс Директ, аналитика, оптимизация бюджета и заявок.;Коммерческий геозависимый;контекстная реклама кокшетау;"настройка google ads кокшетау; яндекс директ кокшетау; реклама сайта кокшетау";;Гео-услуга;index, follow после QA уникальности;Service (areaServed: Кокшетау), BreadcrumbList, FAQPage (если FAQ видим);"/web-studiya; /web-studiya/kontekstnaya-reklama; /web-studiya/kokshetau";"/web-studiya/kontekstnaya-reklama; /web-studiya/kokshetau; /keysy/prodvizhenie; /sozdanie-saitov-v-kokshetau; /seo-prodvizhenie-sajtov-v-kokshetau";Уникальный оффер для Кокшетау, особенности локального спроса и бизнеса, модель удалённой работы, релевантные кейсы, доказательства, FAQ, CTA. Нельзя публиковать шаблон только с заменой названия города.;P3;Региональные страницы — этап 3;Запланирована (региональное расширение);NEW;"Добавлена по новому требованию о покрытии 18 основных городов Казахстана; индексировать после проверки уникальности и полезности.";Средняя;ppc_geo_kokshetau;;;;Да;42;123
156;3;Лидогенерация;Лидогенерация в Кокшетау;Геозависимая коммерческая страница направления «Лидогенерация» для компаний в Кокшетау.;;/web-studiya/lidogeneratsiya/kokshetau;Лидогенерация для бизнеса в Кокшетау;Лидогенерация в Кокшетау | Raskrutov;Привлекаем целевые заявки для бизнеса в Кокшетау: сайт, реклама, квизы, аналитика, CRM и оптимизация воронки продаж.;Коммерческий геозависимый;лидогенерация кокшетау;"генерация лидов кокшетау; лидогенерация для бизнеса кокшетау; заказать лидогенерацию кокшетау";;Гео-услуга;index, follow после QA уникальности;Service (areaServed: Кокшетау), BreadcrumbList, FAQPage (если FAQ видим);"/web-studiya; /web-studiya/lidogeneratsiya; /web-studiya/kokshetau";"/web-studiya/lidogeneratsiya; /web-studiya/kokshetau; /keysy; /sozdanie-saitov-v-kokshetau; /seo-prodvizhenie-sajtov-v-kokshetau";Уникальный оффер для Кокшетау, особенности локального спроса и бизнеса, модель удалённой работы, релевантные кейсы, доказательства, FAQ, CTA. Нельзя публиковать шаблон только с заменой названия города.;P3;Региональные страницы — этап 3;Запланирована (региональное расширение);NEW;"Добавлена по новому требованию о покрытии 18 основных городов Казахстана; индексировать после проверки уникальности и полезности.";Средняя;leadgen_geo_kokshetau;;;;Да;36;116
157;3;Поддержка сайтов;Поддержка сайтов в Кокшетау;Геозависимая коммерческая страница направления «Поддержка сайтов» для компаний в Кокшетау.;;/web-studiya/podderzhka-saytov/kokshetau;Техническая поддержка сайтов в Кокшетау;Поддержка сайтов в Кокшетау | Raskrutov;Техническая поддержка сайтов компаний в Кокшетау: обновления, безопасность, резервные копии, исправления и развитие проекта.;Коммерческий геозависимый;поддержка сайтов кокшетау;"техническая поддержка сайта кокшетау; обслуживание сайтов кокшетау; сопровождение сайта кокшетау";;Гео-услуга;index, follow после QA уникальности;Service (areaServed: Кокшетау), BreadcrumbList, FAQPage (если FAQ видим);"/web-studiya; /web-studiya/podderzhka-saytov; /web-studiya/kokshetau";"/web-studiya/podderzhka-saytov; /web-studiya/kokshetau; /keysy/sayty; /sozdanie-saitov-v-kokshetau; /seo-prodvizhenie-sajtov-v-kokshetau";Уникальный оффер для Кокшетау, особенности локального спроса и бизнеса, модель удалённой работы, релевантные кейсы, доказательства, FAQ, CTA. Нельзя публиковать шаблон только с заменой названия города.;P3;Региональные страницы — этап 3;Запланирована (региональное расширение);NEW;"Добавлена по новому требованию о покрытии 18 основных городов Казахстана; индексировать после проверки уникальности и полезности.";Средняя;site_support_geo_kokshetau;;;;Да;39;124
158;3;Digital-консалтинг;Digital-консалтинг в Кокшетау;Геозависимая коммерческая страница направления «Digital-консалтинг» для компаний в Кокшетау.;;/web-studiya/digital-konsalting/kokshetau;Digital-консалтинг для бизнеса в Кокшетау;Digital-консалтинг в Кокшетау | Raskrutov;Digital-консалтинг для бизнеса в Кокшетау: аудит, стратегия, аналитика, приоритеты внедрения и план роста цифровых каналов.;Коммерческий геозависимый;digital консалтинг кокшетау;"интернет маркетинг консалтинг кокшетау; digital стратегия кокшетау; аудит интернет маркетинга кокшетау";;Гео-услуга;index, follow после QA уникальности;Service (areaServed: Кокшетау), BreadcrumbList, FAQPage (если FAQ видим);"/web-studiya; /web-studiya/digital-konsalting; /web-studiya/kokshetau";"/web-studiya/digital-konsalting; /web-studiya/kokshetau; /keysy; /sozdanie-saitov-v-kokshetau; /seo-prodvizhenie-sajtov-v-kokshetau";Уникальный оффер для Кокшетау, особенности локального спроса и бизнеса, модель удалённой работы, релевантные кейсы, доказательства, FAQ, CTA. Нельзя публиковать шаблон только с заменой названия города.;P3;Региональные страницы — этап 3;Запланирована (региональное расширение);NEW;"Добавлена по новому требованию о покрытии 18 основных городов Казахстана; индексировать после проверки уникальности и полезности.";Средняя;digital_consulting_geo_kokshetau;;;;Да;41;123
159;3;Вебстудия Raskrutov;Веб-студия в Костанае;Геозависимая коммерческая страница направления «Веб-студия» для компаний в Костанае.;;/web-studiya/kostanay;Веб-студия в Костанае;Веб-студия в Костанае: сайты, SEO и реклама | Raskrutov;Веб-студия Raskrutov в Костанае: создаём сайты, продвигаем в поиске и AI-выдаче, настраиваем рекламу и лидогенерацию для бизнеса.;Коммерческий геозависимый;веб студия костанай;"услуги веб студии костанай; digital агентство костанай; интернет агентство костанай";;Региональный хаб;index, follow после QA уникальности;CollectionPage, BreadcrumbList;"/web-studiya; /sozdanie-saitov-v-kostanae; /web-studiya/dizayn/kostanay; /seo-prodvizhenie-sajtov-v-kostanae; /web-studiya/aeo-geo-prodvizhenie/kostanay; /web-studiya/kontekstnaya-reklama/kostanay; /web-studiya/lidogeneratsiya/kostanay; /web-studiya/podderzhka-saytov/kostanay; /web-studiya/digital-konsalting/kostanay";"/web-studiya; /sozdanie-saitov-v-kostanae; /web-studiya/dizayn/kostanay; /seo-prodvizhenie-sajtov-v-kostanae; /web-studiya/aeo-geo-prodvizhenie/kostanay; /web-studiya/kontekstnaya-reklama/kostanay; /web-studiya/lidogeneratsiya/kostanay; /web-studiya/podderzhka-saytov/kostanay; /web-studiya/digital-konsalting/kostanay";Уникальный оффер для Костанай, особенности локального спроса и бизнеса, модель удалённой работы, релевантные кейсы, доказательства, FAQ, CTA. Нельзя публиковать шаблон только с заменой названия города.;P2;Региональные страницы — этап 2;Запланирована (региональное расширение);NEW;"Добавлена по новому требованию о покрытии 18 основных городов Казахстана; индексировать после проверки уникальности и полезности.";Средняя;webstudio_geo_kostanay;;;;Да;55;129
160;3;Создание сайтов;Создание сайтов в Костанае;Геозависимая коммерческая страница направления «Создание сайтов» для компаний в Костанае.;;/sozdanie-saitov-v-kostanae;Создание сайтов в Костанае;Создание сайтов в Костанае под ключ | Raskrutov;Создаём сайты для бизнеса в Костанае: лендинги, корпоративные сайты и интернет-магазины с подготовкой к SEO, рекламе и продажам.;Коммерческий геозависимый;создание сайтов костанай;"разработка сайтов костанай; заказать сайт костанай; создание сайта под ключ костанай";;Гео-услуга;index, follow после QA уникальности;Service (areaServed: Костанай), BreadcrumbList, FAQPage (если FAQ видим);"/web-studiya; /sozdanie-saitov; /web-studiya/kostanay";"/sozdanie-saitov; /web-studiya/kostanay; /keysy/sayty; /sozdanie-saitov-v-kostanae; /seo-prodvizhenie-sajtov-v-kostanae";Уникальный оффер для Костанай, особенности локального спроса и бизнеса, модель удалённой работы, релевантные кейсы, доказательства, FAQ, CTA. Нельзя публиковать шаблон только с заменой названия города.;P2;Региональные страницы — этап 2;Запланирована (региональное расширение);NEW;"Добавлена по новому требованию о покрытии 18 основных городов Казахстана; индексировать после проверки уникальности и полезности.";Средняя;site_geo_kostanay;;;;Да;47;128
161;3;Услуги дизайнера;Услуги дизайнера в Костанае;Геозависимая коммерческая страница направления «Услуги дизайнера» для компаний в Костанае.;;/web-studiya/dizayn/kostanay;Услуги дизайнера и веб-дизайн в Костанае;Услуги дизайнера в Костанае | Raskrutov;Дизайн для бизнеса в Костанае: сайты, логотипы, фирменный стиль, брендбук и визуальные материалы с понятным процессом и результатом.;Коммерческий геозависимый;услуги дизайнера костанай;"веб дизайн костанай; дизайн сайта костанай; брендинг костанай";;Гео-услуга;index, follow после QA уникальности;Service (areaServed: Костанай), BreadcrumbList, FAQPage (если FAQ видим);"/web-studiya; /web-studiya/dizayn; /web-studiya/kostanay";"/web-studiya/dizayn; /web-studiya/kostanay; /keysy/sayty; /sozdanie-saitov-v-kostanae; /seo-prodvizhenie-sajtov-v-kostanae";Уникальный оффер для Костанай, особенности локального спроса и бизнеса, модель удалённой работы, релевантные кейсы, доказательства, FAQ, CTA. Нельзя публиковать шаблон только с заменой названия города.;P3;Региональные страницы — этап 3;Запланирована (региональное расширение);NEW;"Добавлена по новому требованию о покрытии 18 основных городов Казахстана; индексировать после проверки уникальности и полезности.";Средняя;design_geo_kostanay;;;;Да;39;132
162;3;SEO-продвижение;SEO-продвижение сайтов в Костанае;Геозависимая коммерческая страница направления «SEO-продвижение» для компаний в Костанае.;;/seo-prodvizhenie-sajtov-v-kostanae;SEO-продвижение сайтов в Костанае;SEO-продвижение сайтов в Костанае | Raskrutov;SEO-продвижение сайтов компаний в Костанае: семантика, структура, техническая оптимизация, контент, аналитика и рост видимости в поиске.;Коммерческий геозависимый;seo продвижение костанай;"продвижение сайтов костанай; раскрутка сайта костанай; seo оптимизация костанай";;Гео-услуга;index, follow после QA уникальности;Service (areaServed: Костанай), BreadcrumbList, FAQPage (если FAQ видим);"/web-studiya; /seo-prodvizhenie-sajtov; /web-studiya/kostanay";"/seo-prodvizhenie-sajtov; /web-studiya/kostanay; /keysy/prodvizhenie; /sozdanie-saitov-v-kostanae; /seo-prodvizhenie-sajtov-v-kostanae";Уникальный оффер для Костанай, особенности локального спроса и бизнеса, модель удалённой работы, релевантные кейсы, доказательства, FAQ, CTA. Нельзя публиковать шаблон только с заменой названия города.;P2;Региональные страницы — этап 2;Запланирована (региональное расширение);NEW;"Добавлена по новому требованию о покрытии 18 основных городов Казахстана; индексировать после проверки уникальности и полезности.";Средняя;seo_geo_kostanay;;;;Да;45;136
163;3;AEO-продвижение;AEO/GEO-продвижение в Костанае;Геозависимая коммерческая страница направления «AEO/GEO-продвижение» для компаний в Костанае.;;/web-studiya/aeo-geo-prodvizhenie/kostanay;AEO и GEO-продвижение в AI-выдаче в Костанае;AEO/GEO-продвижение в Костанае | Raskrutov;Продвигаем компании из Костанай в AI-ответах и нейропоиске: структура, сущности, экспертный контент, FAQ, Schema.org и AEO/GEO-оптимизация.;Коммерческий геозависимый;продвижение в ии поиске костанай;"aeo продвижение костанай; geo продвижение костанай; оптимизация сайта под ии костанай";;Гео-услуга;index, follow после QA уникальности;Service (areaServed: Костанай), BreadcrumbList, FAQPage (если FAQ видим);"/web-studiya; /web-studiya/aeo-geo-prodvizhenie; /web-studiya/kostanay";"/web-studiya/aeo-geo-prodvizhenie; /web-studiya/kostanay; /keysy/prodvizhenie; /sozdanie-saitov-v-kostanae; /seo-prodvizhenie-sajtov-v-kostanae";Уникальный оффер для Костанай, особенности локального спроса и бизнеса, модель удалённой работы, релевантные кейсы, доказательства, FAQ, CTA. Нельзя публиковать шаблон только с заменой названия города.;P3;Региональные страницы — этап 3;Запланирована (региональное расширение);NEW;"Добавлена по новому требованию о покрытии 18 основных городов Казахстана; индексировать после проверки уникальности и полезности.";Средняя;aeo_geo_kostanay;;;;Да;42;139
164;3;Контекстная реклама;Контекстная реклама в Костанае;Геозависимая коммерческая страница направления «Контекстная реклама» для компаний в Костанае.;;/web-studiya/kontekstnaya-reklama/kostanay;Контекстная реклама в Костанае;Контекстная реклама в Костанае | Raskrutov;Настраиваем контекстную рекламу для бизнеса в Костанае: Google Ads, Яндекс Директ, аналитика, оптимизация бюджета и заявок.;Коммерческий геозависимый;контекстная реклама костанай;"настройка google ads костанай; яндекс директ костанай; реклама сайта костанай";;Гео-услуга;index, follow после QA уникальности;Service (areaServed: Костанай), BreadcrumbList, FAQPage (если FAQ видим);"/web-studiya; /web-studiya/kontekstnaya-reklama; /web-studiya/kostanay";"/web-studiya/kontekstnaya-reklama; /web-studiya/kostanay; /keysy/prodvizhenie; /sozdanie-saitov-v-kostanae; /seo-prodvizhenie-sajtov-v-kostanae";Уникальный оффер для Костанай, особенности локального спроса и бизнеса, модель удалённой работы, релевантные кейсы, доказательства, FAQ, CTA. Нельзя публиковать шаблон только с заменой названия города.;P3;Региональные страницы — этап 3;Запланирована (региональное расширение);NEW;"Добавлена по новому требованию о покрытии 18 основных городов Казахстана; индексировать после проверки уникальности и полезности.";Средняя;ppc_geo_kostanay;;;;Да;42;123
165;3;Лидогенерация;Лидогенерация в Костанае;Геозависимая коммерческая страница направления «Лидогенерация» для компаний в Костанае.;;/web-studiya/lidogeneratsiya/kostanay;Лидогенерация для бизнеса в Костанае;Лидогенерация в Костанае | Raskrutov;Привлекаем целевые заявки для бизнеса в Костанае: сайт, реклама, квизы, аналитика, CRM и оптимизация воронки продаж.;Коммерческий геозависимый;лидогенерация костанай;"генерация лидов костанай; лидогенерация для бизнеса костанай; заказать лидогенерацию костанай";;Гео-услуга;index, follow после QA уникальности;Service (areaServed: Костанай), BreadcrumbList, FAQPage (если FAQ видим);"/web-studiya; /web-studiya/lidogeneratsiya; /web-studiya/kostanay";"/web-studiya/lidogeneratsiya; /web-studiya/kostanay; /keysy; /sozdanie-saitov-v-kostanae; /seo-prodvizhenie-sajtov-v-kostanae";Уникальный оффер для Костанай, особенности локального спроса и бизнеса, модель удалённой работы, релевантные кейсы, доказательства, FAQ, CTA. Нельзя публиковать шаблон только с заменой названия города.;P3;Региональные страницы — этап 3;Запланирована (региональное расширение);NEW;"Добавлена по новому требованию о покрытии 18 основных городов Казахстана; индексировать после проверки уникальности и полезности.";Средняя;leadgen_geo_kostanay;;;;Да;36;116
166;3;Поддержка сайтов;Поддержка сайтов в Костанае;Геозависимая коммерческая страница направления «Поддержка сайтов» для компаний в Костанае.;;/web-studiya/podderzhka-saytov/kostanay;Техническая поддержка сайтов в Костанае;Поддержка сайтов в Костанае | Raskrutov;Техническая поддержка сайтов компаний в Костанае: обновления, безопасность, резервные копии, исправления и развитие проекта.;Коммерческий геозависимый;поддержка сайтов костанай;"техническая поддержка сайта костанай; обслуживание сайтов костанай; сопровождение сайта костанай";;Гео-услуга;index, follow после QA уникальности;Service (areaServed: Костанай), BreadcrumbList, FAQPage (если FAQ видим);"/web-studiya; /web-studiya/podderzhka-saytov; /web-studiya/kostanay";"/web-studiya/podderzhka-saytov; /web-studiya/kostanay; /keysy/sayty; /sozdanie-saitov-v-kostanae; /seo-prodvizhenie-sajtov-v-kostanae";Уникальный оффер для Костанай, особенности локального спроса и бизнеса, модель удалённой работы, релевантные кейсы, доказательства, FAQ, CTA. Нельзя публиковать шаблон только с заменой названия города.;P3;Региональные страницы — этап 3;Запланирована (региональное расширение);NEW;"Добавлена по новому требованию о покрытии 18 основных городов Казахстана; индексировать после проверки уникальности и полезности.";Средняя;site_support_geo_kostanay;;;;Да;39;124
167;3;Digital-консалтинг;Digital-консалтинг в Костанае;Геозависимая коммерческая страница направления «Digital-консалтинг» для компаний в Костанае.;;/web-studiya/digital-konsalting/kostanay;Digital-консалтинг для бизнеса в Костанае;Digital-консалтинг в Костанае | Raskrutov;Digital-консалтинг для бизнеса в Костанае: аудит, стратегия, аналитика, приоритеты внедрения и план роста цифровых каналов.;Коммерческий геозависимый;digital консалтинг костанай;"интернет маркетинг консалтинг костанай; digital стратегия костанай; аудит интернет маркетинга костанай";;Гео-услуга;index, follow после QA уникальности;Service (areaServed: Костанай), BreadcrumbList, FAQPage (если FAQ видим);"/web-studiya; /web-studiya/digital-konsalting; /web-studiya/kostanay";"/web-studiya/digital-konsalting; /web-studiya/kostanay; /keysy; /sozdanie-saitov-v-kostanae; /seo-prodvizhenie-sajtov-v-kostanae";Уникальный оффер для Костанай, особенности локального спроса и бизнеса, модель удалённой работы, релевантные кейсы, доказательства, FAQ, CTA. Нельзя публиковать шаблон только с заменой названия города.;P3;Региональные страницы — этап 3;Запланирована (региональное расширение);NEW;"Добавлена по новому требованию о покрытии 18 основных городов Казахстана; индексировать после проверки уникальности и полезности.";Средняя;digital_consulting_geo_kostanay;;;;Да;41;123
168;3;Вебстудия Raskrutov;Веб-студия в Кызылорде;Геозависимая коммерческая страница направления «Веб-студия» для компаний в Кызылорде.;;/web-studiya/kyzylorda;Веб-студия в Кызылорде;Веб-студия в Кызылорде: сайты, SEO и реклама | Raskrutov;Веб-студия Raskrutov в Кызылорде: создаём сайты, продвигаем в поиске и AI-выдаче, настраиваем рекламу и лидогенерацию для бизнеса.;Коммерческий геозависимый;веб студия кызылорда;"услуги веб студии кызылорда; digital агентство кызылорда; интернет агентство кызылорда";;Региональный хаб;index, follow после QA уникальности;CollectionPage, BreadcrumbList;"/web-studiya; /sozdanie-saitov-v-kyzylorde; /web-studiya/dizayn/kyzylorda; /seo-prodvizhenie-sajtov-v-kyzylorde; /web-studiya/aeo-geo-prodvizhenie/kyzylorda; /web-studiya/kontekstnaya-reklama/kyzylorda; /web-studiya/lidogeneratsiya/kyzylorda; /web-studiya/podderzhka-saytov/kyzylorda; /web-studiya/digital-konsalting/kyzylorda";"/web-studiya; /sozdanie-saitov-v-kyzylorde; /web-studiya/dizayn/kyzylorda; /seo-prodvizhenie-sajtov-v-kyzylorde; /web-studiya/aeo-geo-prodvizhenie/kyzylorda; /web-studiya/kontekstnaya-reklama/kyzylorda; /web-studiya/lidogeneratsiya/kyzylorda; /web-studiya/podderzhka-saytov/kyzylorda; /web-studiya/digital-konsalting/kyzylorda";Уникальный оффер для Кызылорда, особенности локального спроса и бизнеса, модель удалённой работы, релевантные кейсы, доказательства, FAQ, CTA. Нельзя публиковать шаблон только с заменой названия города.;P2;Региональные страницы — этап 2;Запланирована (региональное расширение);NEW;"Добавлена по новому требованию о покрытии 18 основных городов Казахстана; индексировать после проверки уникальности и полезности.";Средняя;webstudio_geo_kyzylorda;;;;Да;56;130
169;3;Создание сайтов;Создание сайтов в Кызылорде;Геозависимая коммерческая страница направления «Создание сайтов» для компаний в Кызылорде.;;/sozdanie-saitov-v-kyzylorde;Создание сайтов в Кызылорде;Создание сайтов в Кызылорде под ключ | Raskrutov;Создаём сайты для бизнеса в Кызылорде: лендинги, корпоративные сайты и интернет-магазины с подготовкой к SEO, рекламе и продажам.;Коммерческий геозависимый;создание сайтов кызылорда;"разработка сайтов кызылорда; заказать сайт кызылорда; создание сайта под ключ кызылорда";;Гео-услуга;index, follow после QA уникальности;Service (areaServed: Кызылорда), BreadcrumbList, FAQPage (если FAQ видим);"/web-studiya; /sozdanie-saitov; /web-studiya/kyzylorda";"/sozdanie-saitov; /web-studiya/kyzylorda; /keysy/sayty; /sozdanie-saitov-v-kyzylorde; /seo-prodvizhenie-sajtov-v-kyzylorde";Уникальный оффер для Кызылорда, особенности локального спроса и бизнеса, модель удалённой работы, релевантные кейсы, доказательства, FAQ, CTA. Нельзя публиковать шаблон только с заменой названия города.;P2;Региональные страницы — этап 2;Запланирована (региональное расширение);NEW;"Добавлена по новому требованию о покрытии 18 основных городов Казахстана; индексировать после проверки уникальности и полезности.";Средняя;site_geo_kyzylorda;;;;Да;48;129
170;3;Услуги дизайнера;Услуги дизайнера в Кызылорде;Геозависимая коммерческая страница направления «Услуги дизайнера» для компаний в Кызылорде.;;/web-studiya/dizayn/kyzylorda;Услуги дизайнера и веб-дизайн в Кызылорде;Услуги дизайнера в Кызылорде | Raskrutov;Дизайн для бизнеса в Кызылорде: сайты, логотипы, фирменный стиль, брендбук и визуальные материалы с понятным процессом и результатом.;Коммерческий геозависимый;услуги дизайнера кызылорда;"веб дизайн кызылорда; дизайн сайта кызылорда; брендинг кызылорда";;Гео-услуга;index, follow после QA уникальности;Service (areaServed: Кызылорда), BreadcrumbList, FAQPage (если FAQ видим);"/web-studiya; /web-studiya/dizayn; /web-studiya/kyzylorda";"/web-studiya/dizayn; /web-studiya/kyzylorda; /keysy/sayty; /sozdanie-saitov-v-kyzylorde; /seo-prodvizhenie-sajtov-v-kyzylorde";Уникальный оффер для Кызылорда, особенности локального спроса и бизнеса, модель удалённой работы, релевантные кейсы, доказательства, FAQ, CTA. Нельзя публиковать шаблон только с заменой названия города.;P3;Региональные страницы — этап 3;Запланирована (региональное расширение);NEW;"Добавлена по новому требованию о покрытии 18 основных городов Казахстана; индексировать после проверки уникальности и полезности.";Средняя;design_geo_kyzylorda;;;;Да;40;133
171;3;SEO-продвижение;SEO-продвижение сайтов в Кызылорде;Геозависимая коммерческая страница направления «SEO-продвижение» для компаний в Кызылорде.;;/seo-prodvizhenie-sajtov-v-kyzylorde;SEO-продвижение сайтов в Кызылорде;SEO-продвижение сайтов в Кызылорде | Raskrutov;SEO-продвижение сайтов компаний в Кызылорде: семантика, структура, техническая оптимизация, контент, аналитика и рост видимости в поиске.;Коммерческий геозависимый;seo продвижение кызылорда;"продвижение сайтов кызылорда; раскрутка сайта кызылорда; seo оптимизация кызылорда";;Гео-услуга;index, follow после QA уникальности;Service (areaServed: Кызылорда), BreadcrumbList, FAQPage (если FAQ видим);"/web-studiya; /seo-prodvizhenie-sajtov; /web-studiya/kyzylorda";"/seo-prodvizhenie-sajtov; /web-studiya/kyzylorda; /keysy/prodvizhenie; /sozdanie-saitov-v-kyzylorde; /seo-prodvizhenie-sajtov-v-kyzylorde";Уникальный оффер для Кызылорда, особенности локального спроса и бизнеса, модель удалённой работы, релевантные кейсы, доказательства, FAQ, CTA. Нельзя публиковать шаблон только с заменой названия города.;P2;Региональные страницы — этап 2;Запланирована (региональное расширение);NEW;"Добавлена по новому требованию о покрытии 18 основных городов Казахстана; индексировать после проверки уникальности и полезности.";Средняя;seo_geo_kyzylorda;;;;Да;46;137
172;3;AEO-продвижение;AEO/GEO-продвижение в Кызылорде;Геозависимая коммерческая страница направления «AEO/GEO-продвижение» для компаний в Кызылорде.;;/web-studiya/aeo-geo-prodvizhenie/kyzylorda;AEO и GEO-продвижение в AI-выдаче в Кызылорде;AEO/GEO-продвижение в Кызылорде | Raskrutov;Продвигаем компании из Кызылорда в AI-ответах и нейропоиске: структура, сущности, экспертный контент, FAQ, Schema.org и AEO/GEO-оптимизация.;Коммерческий геозависимый;продвижение в ии поиске кызылорда;"aeo продвижение кызылорда; geo продвижение кызылорда; оптимизация сайта под ии кызылорда";;Гео-услуга;index, follow после QA уникальности;Service (areaServed: Кызылорда), BreadcrumbList, FAQPage (если FAQ видим);"/web-studiya; /web-studiya/aeo-geo-prodvizhenie; /web-studiya/kyzylorda";"/web-studiya/aeo-geo-prodvizhenie; /web-studiya/kyzylorda; /keysy/prodvizhenie; /sozdanie-saitov-v-kyzylorde; /seo-prodvizhenie-sajtov-v-kyzylorde";Уникальный оффер для Кызылорда, особенности локального спроса и бизнеса, модель удалённой работы, релевантные кейсы, доказательства, FAQ, CTA. Нельзя публиковать шаблон только с заменой названия города.;P3;Региональные страницы — этап 3;Запланирована (региональное расширение);NEW;"Добавлена по новому требованию о покрытии 18 основных городов Казахстана; индексировать после проверки уникальности и полезности.";Средняя;aeo_geo_kyzylorda;;;;Да;43;140
173;3;Контекстная реклама;Контекстная реклама в Кызылорде;Геозависимая коммерческая страница направления «Контекстная реклама» для компаний в Кызылорде.;;/web-studiya/kontekstnaya-reklama/kyzylorda;Контекстная реклама в Кызылорде;Контекстная реклама в Кызылорде | Raskrutov;Настраиваем контекстную рекламу для бизнеса в Кызылорде: Google Ads, Яндекс Директ, аналитика, оптимизация бюджета и заявок.;Коммерческий геозависимый;контекстная реклама кызылорда;"настройка google ads кызылорда; яндекс директ кызылорда; реклама сайта кызылорда";;Гео-услуга;index, follow после QA уникальности;Service (areaServed: Кызылорда), BreadcrumbList, FAQPage (если FAQ видим);"/web-studiya; /web-studiya/kontekstnaya-reklama; /web-studiya/kyzylorda";"/web-studiya/kontekstnaya-reklama; /web-studiya/kyzylorda; /keysy/prodvizhenie; /sozdanie-saitov-v-kyzylorde; /seo-prodvizhenie-sajtov-v-kyzylorde";Уникальный оффер для Кызылорда, особенности локального спроса и бизнеса, модель удалённой работы, релевантные кейсы, доказательства, FAQ, CTA. Нельзя публиковать шаблон только с заменой названия города.;P3;Региональные страницы — этап 3;Запланирована (региональное расширение);NEW;"Добавлена по новому требованию о покрытии 18 основных городов Казахстана; индексировать после проверки уникальности и полезности.";Средняя;ppc_geo_kyzylorda;;;;Да;43;124
174;3;Лидогенерация;Лидогенерация в Кызылорде;Геозависимая коммерческая страница направления «Лидогенерация» для компаний в Кызылорде.;;/web-studiya/lidogeneratsiya/kyzylorda;Лидогенерация для бизнеса в Кызылорде;Лидогенерация в Кызылорде | Raskrutov;Привлекаем целевые заявки для бизнеса в Кызылорде: сайт, реклама, квизы, аналитика, CRM и оптимизация воронки продаж.;Коммерческий геозависимый;лидогенерация кызылорда;"генерация лидов кызылорда; лидогенерация для бизнеса кызылорда; заказать лидогенерацию кызылорда";;Гео-услуга;index, follow после QA уникальности;Service (areaServed: Кызылорда), BreadcrumbList, FAQPage (если FAQ видим);"/web-studiya; /web-studiya/lidogeneratsiya; /web-studiya/kyzylorda";"/web-studiya/lidogeneratsiya; /web-studiya/kyzylorda; /keysy; /sozdanie-saitov-v-kyzylorde; /seo-prodvizhenie-sajtov-v-kyzylorde";Уникальный оффер для Кызылорда, особенности локального спроса и бизнеса, модель удалённой работы, релевантные кейсы, доказательства, FAQ, CTA. Нельзя публиковать шаблон только с заменой названия города.;P3;Региональные страницы — этап 3;Запланирована (региональное расширение);NEW;"Добавлена по новому требованию о покрытии 18 основных городов Казахстана; индексировать после проверки уникальности и полезности.";Средняя;leadgen_geo_kyzylorda;;;;Да;37;117
175;3;Поддержка сайтов;Поддержка сайтов в Кызылорде;Геозависимая коммерческая страница направления «Поддержка сайтов» для компаний в Кызылорде.;;/web-studiya/podderzhka-saytov/kyzylorda;Техническая поддержка сайтов в Кызылорде;Поддержка сайтов в Кызылорде | Raskrutov;Техническая поддержка сайтов компаний в Кызылорде: обновления, безопасность, резервные копии, исправления и развитие проекта.;Коммерческий геозависимый;поддержка сайтов кызылорда;"техническая поддержка сайта кызылорда; обслуживание сайтов кызылорда; сопровождение сайта кызылорда";;Гео-услуга;index, follow после QA уникальности;Service (areaServed: Кызылорда), BreadcrumbList, FAQPage (если FAQ видим);"/web-studiya; /web-studiya/podderzhka-saytov; /web-studiya/kyzylorda";"/web-studiya/podderzhka-saytov; /web-studiya/kyzylorda; /keysy/sayty; /sozdanie-saitov-v-kyzylorde; /seo-prodvizhenie-sajtov-v-kyzylorde";Уникальный оффер для Кызылорда, особенности локального спроса и бизнеса, модель удалённой работы, релевантные кейсы, доказательства, FAQ, CTA. Нельзя публиковать шаблон только с заменой названия города.;P3;Региональные страницы — этап 3;Запланирована (региональное расширение);NEW;"Добавлена по новому требованию о покрытии 18 основных городов Казахстана; индексировать после проверки уникальности и полезности.";Средняя;site_support_geo_kyzylorda;;;;Да;40;125
176;3;Digital-консалтинг;Digital-консалтинг в Кызылорде;Геозависимая коммерческая страница направления «Digital-консалтинг» для компаний в Кызылорде.;;/web-studiya/digital-konsalting/kyzylorda;Digital-консалтинг для бизнеса в Кызылорде;Digital-консалтинг в Кызылорде | Raskrutov;Digital-консалтинг для бизнеса в Кызылорде: аудит, стратегия, аналитика, приоритеты внедрения и план роста цифровых каналов.;Коммерческий геозависимый;digital консалтинг кызылорда;"интернет маркетинг консалтинг кызылорда; digital стратегия кызылорда; аудит интернет маркетинга кызылорда";;Гео-услуга;index, follow после QA уникальности;Service (areaServed: Кызылорда), BreadcrumbList, FAQPage (если FAQ видим);"/web-studiya; /web-studiya/digital-konsalting; /web-studiya/kyzylorda";"/web-studiya/digital-konsalting; /web-studiya/kyzylorda; /keysy; /sozdanie-saitov-v-kyzylorde; /seo-prodvizhenie-sajtov-v-kyzylorde";Уникальный оффер для Кызылорда, особенности локального спроса и бизнеса, модель удалённой работы, релевантные кейсы, доказательства, FAQ, CTA. Нельзя публиковать шаблон только с заменой названия города.;P3;Региональные страницы — этап 3;Запланирована (региональное расширение);NEW;"Добавлена по новому требованию о покрытии 18 основных городов Казахстана; индексировать после проверки уникальности и полезности.";Средняя;digital_consulting_geo_kyzylorda;;;;Да;42;124
177;3;Вебстудия Raskrutov;Веб-студия в Павлодаре;Геозависимая коммерческая страница направления «Веб-студия» для компаний в Павлодаре.;;/web-studiya/pavlodar;Веб-студия в Павлодаре;Веб-студия в Павлодаре: сайты, SEO и реклама | Raskrutov;Веб-студия Raskrutov в Павлодаре: создаём сайты, продвигаем в поиске и AI-выдаче, настраиваем рекламу и лидогенерацию для бизнеса.;Коммерческий геозависимый;веб студия павлодар;"услуги веб студии павлодар; digital агентство павлодар; интернет агентство павлодар";;Региональный хаб;index, follow после QA уникальности;CollectionPage, BreadcrumbList;"/web-studiya; /sozdanie-saitov-v-pavlodare; /web-studiya/dizayn/pavlodar; /seo-prodvizhenie-sajtov-v-pavlodare; /web-studiya/aeo-geo-prodvizhenie/pavlodar; /web-studiya/kontekstnaya-reklama/pavlodar; /web-studiya/lidogeneratsiya/pavlodar; /web-studiya/podderzhka-saytov/pavlodar; /web-studiya/digital-konsalting/pavlodar";"/web-studiya; /sozdanie-saitov-v-pavlodare; /web-studiya/dizayn/pavlodar; /seo-prodvizhenie-sajtov-v-pavlodare; /web-studiya/aeo-geo-prodvizhenie/pavlodar; /web-studiya/kontekstnaya-reklama/pavlodar; /web-studiya/lidogeneratsiya/pavlodar; /web-studiya/podderzhka-saytov/pavlodar; /web-studiya/digital-konsalting/pavlodar";Уникальный оффер для Павлодар, особенности локального спроса и бизнеса, модель удалённой работы, релевантные кейсы, доказательства, FAQ, CTA. Нельзя публиковать шаблон только с заменой названия города.;P2;Региональные страницы — этап 2;Запланирована (региональное расширение);NEW;"Добавлена по новому требованию о покрытии 18 основных городов Казахстана; индексировать после проверки уникальности и полезности.";Средняя;webstudio_geo_pavlodar;;;;Да;56;130
178;3;Создание сайтов;Создание сайтов в Павлодаре;Геозависимая коммерческая страница направления «Создание сайтов» для компаний в Павлодаре.;;/sozdanie-saitov-v-pavlodare;Создание сайтов в Павлодаре;Создание сайтов в Павлодаре под ключ | Raskrutov;Создаём сайты для бизнеса в Павлодаре: лендинги, корпоративные сайты и интернет-магазины с подготовкой к SEO, рекламе и продажам.;Коммерческий геозависимый;создание сайтов павлодар;"разработка сайтов павлодар; заказать сайт павлодар; создание сайта под ключ павлодар";;Гео-услуга;index, follow после QA уникальности;Service (areaServed: Павлодар), BreadcrumbList, FAQPage (если FAQ видим);"/web-studiya; /sozdanie-saitov; /web-studiya/pavlodar";"/sozdanie-saitov; /web-studiya/pavlodar; /keysy/sayty; /sozdanie-saitov-v-pavlodare; /seo-prodvizhenie-sajtov-v-pavlodare";Уникальный оффер для Павлодар, особенности локального спроса и бизнеса, модель удалённой работы, релевантные кейсы, доказательства, FAQ, CTA. Нельзя публиковать шаблон только с заменой названия города.;P2;Региональные страницы — этап 2;Запланирована (региональное расширение);NEW;"Добавлена по новому требованию о покрытии 18 основных городов Казахстана; индексировать после проверки уникальности и полезности.";Средняя;site_geo_pavlodar;;;;Да;48;129
179;3;Услуги дизайнера;Услуги дизайнера в Павлодаре;Геозависимая коммерческая страница направления «Услуги дизайнера» для компаний в Павлодаре.;;/web-studiya/dizayn/pavlodar;Услуги дизайнера и веб-дизайн в Павлодаре;Услуги дизайнера в Павлодаре | Raskrutov;Дизайн для бизнеса в Павлодаре: сайты, логотипы, фирменный стиль, брендбук и визуальные материалы с понятным процессом и результатом.;Коммерческий геозависимый;услуги дизайнера павлодар;"веб дизайн павлодар; дизайн сайта павлодар; брендинг павлодар";;Гео-услуга;index, follow после QA уникальности;Service (areaServed: Павлодар), BreadcrumbList, FAQPage (если FAQ видим);"/web-studiya; /web-studiya/dizayn; /web-studiya/pavlodar";"/web-studiya/dizayn; /web-studiya/pavlodar; /keysy/sayty; /sozdanie-saitov-v-pavlodare; /seo-prodvizhenie-sajtov-v-pavlodare";Уникальный оффер для Павлодар, особенности локального спроса и бизнеса, модель удалённой работы, релевантные кейсы, доказательства, FAQ, CTA. Нельзя публиковать шаблон только с заменой названия города.;P3;Региональные страницы — этап 3;Запланирована (региональное расширение);NEW;"Добавлена по новому требованию о покрытии 18 основных городов Казахстана; индексировать после проверки уникальности и полезности.";Средняя;design_geo_pavlodar;;;;Да;40;133
180;3;SEO-продвижение;SEO-продвижение сайтов в Павлодаре;Геозависимая коммерческая страница направления «SEO-продвижение» для компаний в Павлодаре.;;/seo-prodvizhenie-sajtov-v-pavlodare;SEO-продвижение сайтов в Павлодаре;SEO-продвижение сайтов в Павлодаре | Raskrutov;SEO-продвижение сайтов компаний в Павлодаре: семантика, структура, техническая оптимизация, контент, аналитика и рост видимости в поиске.;Коммерческий геозависимый;seo продвижение павлодар;"продвижение сайтов павлодар; раскрутка сайта павлодар; seo оптимизация павлодар";;Гео-услуга;index, follow после QA уникальности;Service (areaServed: Павлодар), BreadcrumbList, FAQPage (если FAQ видим);"/web-studiya; /seo-prodvizhenie-sajtov; /web-studiya/pavlodar";"/seo-prodvizhenie-sajtov; /web-studiya/pavlodar; /keysy/prodvizhenie; /sozdanie-saitov-v-pavlodare; /seo-prodvizhenie-sajtov-v-pavlodare";Уникальный оффер для Павлодар, особенности локального спроса и бизнеса, модель удалённой работы, релевантные кейсы, доказательства, FAQ, CTA. Нельзя публиковать шаблон только с заменой названия города.;P2;Региональные страницы — этап 2;Запланирована (региональное расширение);NEW;"Добавлена по новому требованию о покрытии 18 основных городов Казахстана; индексировать после проверки уникальности и полезности.";Средняя;seo_geo_pavlodar;;;;Да;46;137
181;3;AEO-продвижение;AEO/GEO-продвижение в Павлодаре;Геозависимая коммерческая страница направления «AEO/GEO-продвижение» для компаний в Павлодаре.;;/web-studiya/aeo-geo-prodvizhenie/pavlodar;AEO и GEO-продвижение в AI-выдаче в Павлодаре;AEO/GEO-продвижение в Павлодаре | Raskrutov;Продвигаем компании из Павлодар в AI-ответах и нейропоиске: структура, сущности, экспертный контент, FAQ, Schema.org и AEO/GEO-оптимизация.;Коммерческий геозависимый;продвижение в ии поиске павлодар;"aeo продвижение павлодар; geo продвижение павлодар; оптимизация сайта под ии павлодар";;Гео-услуга;index, follow после QA уникальности;Service (areaServed: Павлодар), BreadcrumbList, FAQPage (если FAQ видим);"/web-studiya; /web-studiya/aeo-geo-prodvizhenie; /web-studiya/pavlodar";"/web-studiya/aeo-geo-prodvizhenie; /web-studiya/pavlodar; /keysy/prodvizhenie; /sozdanie-saitov-v-pavlodare; /seo-prodvizhenie-sajtov-v-pavlodare";Уникальный оффер для Павлодар, особенности локального спроса и бизнеса, модель удалённой работы, релевантные кейсы, доказательства, FAQ, CTA. Нельзя публиковать шаблон только с заменой названия города.;P3;Региональные страницы — этап 3;Запланирована (региональное расширение);NEW;"Добавлена по новому требованию о покрытии 18 основных городов Казахстана; индексировать после проверки уникальности и полезности.";Средняя;aeo_geo_pavlodar;;;;Да;43;139
182;3;Контекстная реклама;Контекстная реклама в Павлодаре;Геозависимая коммерческая страница направления «Контекстная реклама» для компаний в Павлодаре.;;/web-studiya/kontekstnaya-reklama/pavlodar;Контекстная реклама в Павлодаре;Контекстная реклама в Павлодаре | Raskrutov;Настраиваем контекстную рекламу для бизнеса в Павлодаре: Google Ads, Яндекс Директ, аналитика, оптимизация бюджета и заявок.;Коммерческий геозависимый;контекстная реклама павлодар;"настройка google ads павлодар; яндекс директ павлодар; реклама сайта павлодар";;Гео-услуга;index, follow после QA уникальности;Service (areaServed: Павлодар), BreadcrumbList, FAQPage (если FAQ видим);"/web-studiya; /web-studiya/kontekstnaya-reklama; /web-studiya/pavlodar";"/web-studiya/kontekstnaya-reklama; /web-studiya/pavlodar; /keysy/prodvizhenie; /sozdanie-saitov-v-pavlodare; /seo-prodvizhenie-sajtov-v-pavlodare";Уникальный оффер для Павлодар, особенности локального спроса и бизнеса, модель удалённой работы, релевантные кейсы, доказательства, FAQ, CTA. Нельзя публиковать шаблон только с заменой названия города.;P3;Региональные страницы — этап 3;Запланирована (региональное расширение);NEW;"Добавлена по новому требованию о покрытии 18 основных городов Казахстана; индексировать после проверки уникальности и полезности.";Средняя;ppc_geo_pavlodar;;;;Да;43;124
183;3;Лидогенерация;Лидогенерация в Павлодаре;Геозависимая коммерческая страница направления «Лидогенерация» для компаний в Павлодаре.;;/web-studiya/lidogeneratsiya/pavlodar;Лидогенерация для бизнеса в Павлодаре;Лидогенерация в Павлодаре | Raskrutov;Привлекаем целевые заявки для бизнеса в Павлодаре: сайт, реклама, квизы, аналитика, CRM и оптимизация воронки продаж.;Коммерческий геозависимый;лидогенерация павлодар;"генерация лидов павлодар; лидогенерация для бизнеса павлодар; заказать лидогенерацию павлодар";;Гео-услуга;index, follow после QA уникальности;Service (areaServed: Павлодар), BreadcrumbList, FAQPage (если FAQ видим);"/web-studiya; /web-studiya/lidogeneratsiya; /web-studiya/pavlodar";"/web-studiya/lidogeneratsiya; /web-studiya/pavlodar; /keysy; /sozdanie-saitov-v-pavlodare; /seo-prodvizhenie-sajtov-v-pavlodare";Уникальный оффер для Павлодар, особенности локального спроса и бизнеса, модель удалённой работы, релевантные кейсы, доказательства, FAQ, CTA. Нельзя публиковать шаблон только с заменой названия города.;P3;Региональные страницы — этап 3;Запланирована (региональное расширение);NEW;"Добавлена по новому требованию о покрытии 18 основных городов Казахстана; индексировать после проверки уникальности и полезности.";Средняя;leadgen_geo_pavlodar;;;;Да;37;117
184;3;Поддержка сайтов;Поддержка сайтов в Павлодаре;Геозависимая коммерческая страница направления «Поддержка сайтов» для компаний в Павлодаре.;;/web-studiya/podderzhka-saytov/pavlodar;Техническая поддержка сайтов в Павлодаре;Поддержка сайтов в Павлодаре | Raskrutov;Техническая поддержка сайтов компаний в Павлодаре: обновления, безопасность, резервные копии, исправления и развитие проекта.;Коммерческий геозависимый;поддержка сайтов павлодар;"техническая поддержка сайта павлодар; обслуживание сайтов павлодар; сопровождение сайта павлодар";;Гео-услуга;index, follow после QA уникальности;Service (areaServed: Павлодар), BreadcrumbList, FAQPage (если FAQ видим);"/web-studiya; /web-studiya/podderzhka-saytov; /web-studiya/pavlodar";"/web-studiya/podderzhka-saytov; /web-studiya/pavlodar; /keysy/sayty; /sozdanie-saitov-v-pavlodare; /seo-prodvizhenie-sajtov-v-pavlodare";Уникальный оффер для Павлодар, особенности локального спроса и бизнеса, модель удалённой работы, релевантные кейсы, доказательства, FAQ, CTA. Нельзя публиковать шаблон только с заменой названия города.;P3;Региональные страницы — этап 3;Запланирована (региональное расширение);NEW;"Добавлена по новому требованию о покрытии 18 основных городов Казахстана; индексировать после проверки уникальности и полезности.";Средняя;site_support_geo_pavlodar;;;;Да;40;125
185;3;Digital-консалтинг;Digital-консалтинг в Павлодаре;Геозависимая коммерческая страница направления «Digital-консалтинг» для компаний в Павлодаре.;;/web-studiya/digital-konsalting/pavlodar;Digital-консалтинг для бизнеса в Павлодаре;Digital-консалтинг в Павлодаре | Raskrutov;Digital-консалтинг для бизнеса в Павлодаре: аудит, стратегия, аналитика, приоритеты внедрения и план роста цифровых каналов.;Коммерческий геозависимый;digital консалтинг павлодар;"интернет маркетинг консалтинг павлодар; digital стратегия павлодар; аудит интернет маркетинга павлодар";;Гео-услуга;index, follow после QA уникальности;Service (areaServed: Павлодар), BreadcrumbList, FAQPage (если FAQ видим);"/web-studiya; /web-studiya/digital-konsalting; /web-studiya/pavlodar";"/web-studiya/digital-konsalting; /web-studiya/pavlodar; /keysy; /sozdanie-saitov-v-pavlodare; /seo-prodvizhenie-sajtov-v-pavlodare";Уникальный оффер для Павлодар, особенности локального спроса и бизнеса, модель удалённой работы, релевантные кейсы, доказательства, FAQ, CTA. Нельзя публиковать шаблон только с заменой названия города.;P3;Региональные страницы — этап 3;Запланирована (региональное расширение);NEW;"Добавлена по новому требованию о покрытии 18 основных городов Казахстана; индексировать после проверки уникальности и полезности.";Средняя;digital_consulting_geo_pavlodar;;;;Да;42;124
186;3;Вебстудия Raskrutov;Веб-студия в Петропавловске;Геозависимая коммерческая страница направления «Веб-студия» для компаний в Петропавловске.;;/web-studiya/petropavlovsk;Веб-студия в Петропавловске;Веб-студия в Петропавловске: сайты, SEO и реклама | Raskrutov;Веб-студия Raskrutov в Петропавловске: создаём сайты, продвигаем в поиске и AI-выдаче, настраиваем рекламу и лидогенерацию для бизнеса.;Коммерческий геозависимый;веб студия петропавловск;"услуги веб студии петропавловск; digital агентство петропавловск; интернет агентство петропавловск";;Региональный хаб;index, follow после QA уникальности;CollectionPage, BreadcrumbList;"/web-studiya; /sozdanie-saitov-v-Petropavlovske; /web-studiya/dizayn/petropavlovsk; /seo-prodvizhenie-sajtov-v-petropavlovske; /web-studiya/aeo-geo-prodvizhenie/petropavlovsk; /web-studiya/kontekstnaya-reklama/petropavlovsk; /web-studiya/lidogeneratsiya/petropavlovsk; /web-studiya/podderzhka-saytov/petropavlovsk; /web-studiya/digital-konsalting/petropavlovsk";"/web-studiya; /sozdanie-saitov-v-Petropavlovske; /web-studiya/dizayn/petropavlovsk; /seo-prodvizhenie-sajtov-v-petropavlovske; /web-studiya/aeo-geo-prodvizhenie/petropavlovsk; /web-studiya/kontekstnaya-reklama/petropavlovsk; /web-studiya/lidogeneratsiya/petropavlovsk; /web-studiya/podderzhka-saytov/petropavlovsk; /web-studiya/digital-konsalting/petropavlovsk";Уникальный оффер для Петропавловск, особенности локального спроса и бизнеса, модель удалённой работы, релевантные кейсы, доказательства, FAQ, CTA. Нельзя публиковать шаблон только с заменой названия города.;P1;Региональные страницы — этап 1;Запланирована (региональное расширение);NEW;"Добавлена по новому требованию о покрытии 18 основных городов Казахстана; индексировать после проверки уникальности и полезности.";Средняя;webstudio_geo_petropavlovsk;;;;Да;61;135
187;3;Услуги дизайнера;Услуги дизайнера в Петропавловске;Геозависимая коммерческая страница направления «Услуги дизайнера» для компаний в Петропавловске.;;/web-studiya/dizayn/petropavlovsk;Услуги дизайнера и веб-дизайн в Петропавловске;Услуги дизайнера в Петропавловске | Raskrutov;Дизайн для бизнеса в Петропавловске: сайты, логотипы, фирменный стиль, брендбук и визуальные материалы с понятным процессом и результатом.;Коммерческий геозависимый;услуги дизайнера петропавловск;"веб дизайн петропавловск; дизайн сайта петропавловск; брендинг петропавловск";;Гео-услуга;index, follow после QA уникальности;Service (areaServed: Петропавловск), BreadcrumbList, FAQPage (если FAQ видим);"/web-studiya; /web-studiya/dizayn; /web-studiya/petropavlovsk";"/web-studiya/dizayn; /web-studiya/petropavlovsk; /keysy/sayty; /sozdanie-saitov-v-Petropavlovske; /seo-prodvizhenie-sajtov-v-petropavlovske";Уникальный оффер для Петропавловск, особенности локального спроса и бизнеса, модель удалённой работы, релевантные кейсы, доказательства, FAQ, CTA. Нельзя публиковать шаблон только с заменой названия города.;P2;Региональные страницы — этап 2;Запланирована (региональное расширение);NEW;"Добавлена по новому требованию о покрытии 18 основных городов Казахстана; индексировать после проверки уникальности и полезности.";Средняя;design_geo_petropavlovsk;;;;Да;45;138
188;3;AEO-продвижение;AEO/GEO-продвижение в Петропавловске;Геозависимая коммерческая страница направления «AEO/GEO-продвижение» для компаний в Петропавловске.;;/web-studiya/aeo-geo-prodvizhenie/petropavlovsk;AEO и GEO-продвижение в AI-выдаче в Петропавловске;AEO/GEO-продвижение в Петропавловске | Raskrutov;Продвигаем компании из Петропавловск в AI-ответах и нейропоиске: структура, сущности, экспертный контент, FAQ, Schema.org и AEO/GEO-оптимизация.;Коммерческий геозависимый;продвижение в ии поиске петропавловск;"aeo продвижение петропавловск; geo продвижение петропавловск; оптимизация сайта под ии петропавловск";;Гео-услуга;index, follow после QA уникальности;Service (areaServed: Петропавловск), BreadcrumbList, FAQPage (если FAQ видим);"/web-studiya; /web-studiya/aeo-geo-prodvizhenie; /web-studiya/petropavlovsk";"/web-studiya/aeo-geo-prodvizhenie; /web-studiya/petropavlovsk; /keysy/prodvizhenie; /sozdanie-saitov-v-Petropavlovske; /seo-prodvizhenie-sajtov-v-petropavlovske";Уникальный оффер для Петропавловск, особенности локального спроса и бизнеса, модель удалённой работы, релевантные кейсы, доказательства, FAQ, CTA. Нельзя публиковать шаблон только с заменой названия города.;P2;Региональные страницы — этап 2;Запланирована (региональное расширение);NEW;"Добавлена по новому требованию о покрытии 18 основных городов Казахстана; индексировать после проверки уникальности и полезности.";Средняя;aeo_geo_petropavlovsk;;;;Да;48;144
189;3;Контекстная реклама;Контекстная реклама в Петропавловске;Геозависимая коммерческая страница направления «Контекстная реклама» для компаний в Петропавловске.;;/web-studiya/kontekstnaya-reklama/petropavlovsk;Контекстная реклама в Петропавловске;Контекстная реклама в Петропавловске | Raskrutov;Настраиваем контекстную рекламу для бизнеса в Петропавловске: Google Ads, Яндекс Директ, аналитика, оптимизация бюджета и заявок.;Коммерческий геозависимый;контекстная реклама петропавловск;"настройка google ads петропавловск; яндекс директ петропавловск; реклама сайта петропавловск";;Гео-услуга;index, follow после QA уникальности;Service (areaServed: Петропавловск), BreadcrumbList, FAQPage (если FAQ видим);"/web-studiya; /web-studiya/kontekstnaya-reklama; /web-studiya/petropavlovsk";"/web-studiya/kontekstnaya-reklama; /web-studiya/petropavlovsk; /keysy/prodvizhenie; /sozdanie-saitov-v-Petropavlovske; /seo-prodvizhenie-sajtov-v-petropavlovske";Уникальный оффер для Петропавловск, особенности локального спроса и бизнеса, модель удалённой работы, релевантные кейсы, доказательства, FAQ, CTA. Нельзя публиковать шаблон только с заменой названия города.;P2;Региональные страницы — этап 2;Запланирована (региональное расширение);NEW;"Добавлена по новому требованию о покрытии 18 основных городов Казахстана; индексировать после проверки уникальности и полезности.";Средняя;ppc_geo_petropavlovsk;;;;Да;48;129
190;3;Лидогенерация;Лидогенерация в Петропавловске;Геозависимая коммерческая страница направления «Лидогенерация» для компаний в Петропавловске.;;/web-studiya/lidogeneratsiya/petropavlovsk;Лидогенерация для бизнеса в Петропавловске;Лидогенерация в Петропавловске | Raskrutov;Привлекаем целевые заявки для бизнеса в Петропавловске: сайт, реклама, квизы, аналитика, CRM и оптимизация воронки продаж.;Коммерческий геозависимый;лидогенерация петропавловск;"генерация лидов петропавловск; лидогенерация для бизнеса петропавловск; заказать лидогенерацию петропавловск";;Гео-услуга;index, follow после QA уникальности;Service (areaServed: Петропавловск), BreadcrumbList, FAQPage (если FAQ видим);"/web-studiya; /web-studiya/lidogeneratsiya; /web-studiya/petropavlovsk";"/web-studiya/lidogeneratsiya; /web-studiya/petropavlovsk; /keysy; /sozdanie-saitov-v-Petropavlovske; /seo-prodvizhenie-sajtov-v-petropavlovske";Уникальный оффер для Петропавловск, особенности локального спроса и бизнеса, модель удалённой работы, релевантные кейсы, доказательства, FAQ, CTA. Нельзя публиковать шаблон только с заменой названия города.;P2;Региональные страницы — этап 2;Запланирована (региональное расширение);NEW;"Добавлена по новому требованию о покрытии 18 основных городов Казахстана; индексировать после проверки уникальности и полезности.";Средняя;leadgen_geo_petropavlovsk;;;;Да;42;122
191;3;Поддержка сайтов;Поддержка сайтов в Петропавловске;Геозависимая коммерческая страница направления «Поддержка сайтов» для компаний в Петропавловске.;;/web-studiya/podderzhka-saytov/petropavlovsk;Техническая поддержка сайтов в Петропавловске;Поддержка сайтов в Петропавловске | Raskrutov;Техническая поддержка сайтов компаний в Петропавловске: обновления, безопасность, резервные копии, исправления и развитие проекта.;Коммерческий геозависимый;поддержка сайтов петропавловск;"техническая поддержка сайта петропавловск; обслуживание сайтов петропавловск; сопровождение сайта петропавловск";;Гео-услуга;index, follow после QA уникальности;Service (areaServed: Петропавловск), BreadcrumbList, FAQPage (если FAQ видим);"/web-studiya; /web-studiya/podderzhka-saytov; /web-studiya/petropavlovsk";"/web-studiya/podderzhka-saytov; /web-studiya/petropavlovsk; /keysy/sayty; /sozdanie-saitov-v-Petropavlovske; /seo-prodvizhenie-sajtov-v-petropavlovske";Уникальный оффер для Петропавловск, особенности локального спроса и бизнеса, модель удалённой работы, релевантные кейсы, доказательства, FAQ, CTA. Нельзя публиковать шаблон только с заменой названия города.;P2;Региональные страницы — этап 2;Запланирована (региональное расширение);NEW;"Добавлена по новому требованию о покрытии 18 основных городов Казахстана; индексировать после проверки уникальности и полезности.";Средняя;site_support_geo_petropavlovsk;;;;Да;45;130
192;3;Digital-консалтинг;Digital-консалтинг в Петропавловске;Геозависимая коммерческая страница направления «Digital-консалтинг» для компаний в Петропавловске.;;/web-studiya/digital-konsalting/petropavlovsk;Digital-консалтинг для бизнеса в Петропавловске;Digital-консалтинг в Петропавловске | Raskrutov;Digital-консалтинг для бизнеса в Петропавловске: аудит, стратегия, аналитика, приоритеты внедрения и план роста цифровых каналов.;Коммерческий геозависимый;digital консалтинг петропавловск;"интернет маркетинг консалтинг петропавловск; digital стратегия петропавловск; аудит интернет маркетинга петропавловск";;Гео-услуга;index, follow после QA уникальности;Service (areaServed: Петропавловск), BreadcrumbList, FAQPage (если FAQ видим);"/web-studiya; /web-studiya/digital-konsalting; /web-studiya/petropavlovsk";"/web-studiya/digital-konsalting; /web-studiya/petropavlovsk; /keysy; /sozdanie-saitov-v-Petropavlovske; /seo-prodvizhenie-sajtov-v-petropavlovske";Уникальный оффер для Петропавловск, особенности локального спроса и бизнеса, модель удалённой работы, релевантные кейсы, доказательства, FAQ, CTA. Нельзя публиковать шаблон только с заменой названия города.;P2;Региональные страницы — этап 2;Запланирована (региональное расширение);NEW;"Добавлена по новому требованию о покрытии 18 основных городов Казахстана; индексировать после проверки уникальности и полезности.";Средняя;digital_consulting_geo_petropavlovsk;;;;Да;47;129
193;3;Вебстудия Raskrutov;Веб-студия в Семее;Геозависимая коммерческая страница направления «Веб-студия» для компаний в Семее.;;/web-studiya/semey;Веб-студия в Семее;Веб-студия в Семее: сайты, SEO и реклама | Raskrutov;Веб-студия Raskrutov в Семее: создаём сайты, продвигаем в поиске и AI-выдаче, настраиваем рекламу и лидогенерацию для бизнеса.;Коммерческий геозависимый;веб студия семей;"услуги веб студии семей; digital агентство семей; интернет агентство семей";;Региональный хаб;index, follow после QA уникальности;CollectionPage, BreadcrumbList;"/web-studiya; /sozdanie-saitov-v-semee; /web-studiya/dizayn/semey; /seo-prodvizhenie-sajtov-v-semee; /web-studiya/aeo-geo-prodvizhenie/semey; /web-studiya/kontekstnaya-reklama/semey; /web-studiya/lidogeneratsiya/semey; /web-studiya/podderzhka-saytov/semey; /web-studiya/digital-konsalting/semey";"/web-studiya; /sozdanie-saitov-v-semee; /web-studiya/dizayn/semey; /seo-prodvizhenie-sajtov-v-semee; /web-studiya/aeo-geo-prodvizhenie/semey; /web-studiya/kontekstnaya-reklama/semey; /web-studiya/lidogeneratsiya/semey; /web-studiya/podderzhka-saytov/semey; /web-studiya/digital-konsalting/semey";Уникальный оффер для Семей, особенности локального спроса и бизнеса, модель удалённой работы, релевантные кейсы, доказательства, FAQ, CTA. Нельзя публиковать шаблон только с заменой названия города.;P2;Региональные страницы — этап 2;Запланирована (региональное расширение);NEW;"Добавлена по новому требованию о покрытии 18 основных городов Казахстана; индексировать после проверки уникальности и полезности.";Средняя;webstudio_geo_semey;;;;Да;52;126
194;3;Создание сайтов;Создание сайтов в Семее;Геозависимая коммерческая страница направления «Создание сайтов» для компаний в Семее.;;/sozdanie-saitov-v-semee;Создание сайтов в Семее;Создание сайтов в Семее под ключ | Raskrutov;Создаём сайты для бизнеса в Семее: лендинги, корпоративные сайты и интернет-магазины с подготовкой к SEO, рекламе и продажам.;Коммерческий геозависимый;создание сайтов семей;"разработка сайтов семей; заказать сайт семей; создание сайта под ключ семей";;Гео-услуга;index, follow после QA уникальности;Service (areaServed: Семей), BreadcrumbList, FAQPage (если FAQ видим);"/web-studiya; /sozdanie-saitov; /web-studiya/semey";"/sozdanie-saitov; /web-studiya/semey; /keysy/sayty; /sozdanie-saitov-v-semee; /seo-prodvizhenie-sajtov-v-semee";Уникальный оффер для Семей, особенности локального спроса и бизнеса, модель удалённой работы, релевантные кейсы, доказательства, FAQ, CTA. Нельзя публиковать шаблон только с заменой названия города.;P2;Региональные страницы — этап 2;Запланирована (региональное расширение);NEW;"Добавлена по новому требованию о покрытии 18 основных городов Казахстана; индексировать после проверки уникальности и полезности.";Средняя;site_geo_semey;;;;Да;44;125
195;3;Услуги дизайнера;Услуги дизайнера в Семее;Геозависимая коммерческая страница направления «Услуги дизайнера» для компаний в Семее.;;/web-studiya/dizayn/semey;Услуги дизайнера и веб-дизайн в Семее;Услуги дизайнера в Семее | Raskrutov;Дизайн для бизнеса в Семее: сайты, логотипы, фирменный стиль, брендбук и визуальные материалы с понятным процессом и результатом.;Коммерческий геозависимый;услуги дизайнера семей;"веб дизайн семей; дизайн сайта семей; брендинг семей";;Гео-услуга;index, follow после QA уникальности;Service (areaServed: Семей), BreadcrumbList, FAQPage (если FAQ видим);"/web-studiya; /web-studiya/dizayn; /web-studiya/semey";"/web-studiya/dizayn; /web-studiya/semey; /keysy/sayty; /sozdanie-saitov-v-semee; /seo-prodvizhenie-sajtov-v-semee";Уникальный оффер для Семей, особенности локального спроса и бизнеса, модель удалённой работы, релевантные кейсы, доказательства, FAQ, CTA. Нельзя публиковать шаблон только с заменой названия города.;P3;Региональные страницы — этап 3;Запланирована (региональное расширение);NEW;"Добавлена по новому требованию о покрытии 18 основных городов Казахстана; индексировать после проверки уникальности и полезности.";Средняя;design_geo_semey;;;;Да;36;129
196;3;SEO-продвижение;SEO-продвижение сайтов в Семее;Геозависимая коммерческая страница направления «SEO-продвижение» для компаний в Семее.;;/seo-prodvizhenie-sajtov-v-semee;SEO-продвижение сайтов в Семее;SEO-продвижение сайтов в Семее | Raskrutov;SEO-продвижение сайтов компаний в Семее: семантика, структура, техническая оптимизация, контент, аналитика и рост видимости в поиске.;Коммерческий геозависимый;seo продвижение семей;"продвижение сайтов семей; раскрутка сайта семей; seo оптимизация семей";;Гео-услуга;index, follow после QA уникальности;Service (areaServed: Семей), BreadcrumbList, FAQPage (если FAQ видим);"/web-studiya; /seo-prodvizhenie-sajtov; /web-studiya/semey";"/seo-prodvizhenie-sajtov; /web-studiya/semey; /keysy/prodvizhenie; /sozdanie-saitov-v-semee; /seo-prodvizhenie-sajtov-v-semee";Уникальный оффер для Семей, особенности локального спроса и бизнеса, модель удалённой работы, релевантные кейсы, доказательства, FAQ, CTA. Нельзя публиковать шаблон только с заменой названия города.;P2;Региональные страницы — этап 2;Запланирована (региональное расширение);NEW;"Добавлена по новому требованию о покрытии 18 основных городов Казахстана; индексировать после проверки уникальности и полезности.";Средняя;seo_geo_semey;;;;Да;42;133
197;3;AEO-продвижение;AEO/GEO-продвижение в Семее;Геозависимая коммерческая страница направления «AEO/GEO-продвижение» для компаний в Семее.;;/web-studiya/aeo-geo-prodvizhenie/semey;AEO и GEO-продвижение в AI-выдаче в Семее;AEO/GEO-продвижение в Семее | Raskrutov;Продвигаем компании из Семей в AI-ответах и нейропоиске: структура, сущности, экспертный контент, FAQ, Schema.org и AEO/GEO-оптимизация.;Коммерческий геозависимый;продвижение в ии поиске семей;"aeo продвижение семей; geo продвижение семей; оптимизация сайта под ии семей";;Гео-услуга;index, follow после QA уникальности;Service (areaServed: Семей), BreadcrumbList, FAQPage (если FAQ видим);"/web-studiya; /web-studiya/aeo-geo-prodvizhenie; /web-studiya/semey";"/web-studiya/aeo-geo-prodvizhenie; /web-studiya/semey; /keysy/prodvizhenie; /sozdanie-saitov-v-semee; /seo-prodvizhenie-sajtov-v-semee";Уникальный оффер для Семей, особенности локального спроса и бизнеса, модель удалённой работы, релевантные кейсы, доказательства, FAQ, CTA. Нельзя публиковать шаблон только с заменой названия города.;P3;Региональные страницы — этап 3;Запланирована (региональное расширение);NEW;"Добавлена по новому требованию о покрытии 18 основных городов Казахстана; индексировать после проверки уникальности и полезности.";Средняя;aeo_geo_semey;;;;Да;39;136
198;3;Контекстная реклама;Контекстная реклама в Семее;Геозависимая коммерческая страница направления «Контекстная реклама» для компаний в Семее.;;/web-studiya/kontekstnaya-reklama/semey;Контекстная реклама в Семее;Контекстная реклама в Семее | Raskrutov;Настраиваем контекстную рекламу для бизнеса в Семее: Google Ads, Яндекс Директ, аналитика, оптимизация бюджета и заявок.;Коммерческий геозависимый;контекстная реклама семей;"настройка google ads семей; яндекс директ семей; реклама сайта семей";;Гео-услуга;index, follow после QA уникальности;Service (areaServed: Семей), BreadcrumbList, FAQPage (если FAQ видим);"/web-studiya; /web-studiya/kontekstnaya-reklama; /web-studiya/semey";"/web-studiya/kontekstnaya-reklama; /web-studiya/semey; /keysy/prodvizhenie; /sozdanie-saitov-v-semee; /seo-prodvizhenie-sajtov-v-semee";Уникальный оффер для Семей, особенности локального спроса и бизнеса, модель удалённой работы, релевантные кейсы, доказательства, FAQ, CTA. Нельзя публиковать шаблон только с заменой названия города.;P3;Региональные страницы — этап 3;Запланирована (региональное расширение);NEW;"Добавлена по новому требованию о покрытии 18 основных городов Казахстана; индексировать после проверки уникальности и полезности.";Средняя;ppc_geo_semey;;;;Да;39;120
199;3;Лидогенерация;Лидогенерация в Семее;Геозависимая коммерческая страница направления «Лидогенерация» для компаний в Семее.;;/web-studiya/lidogeneratsiya/semey;Лидогенерация для бизнеса в Семее;Лидогенерация в Семее | Raskrutov;Привлекаем целевые заявки для бизнеса в Семее: сайт, реклама, квизы, аналитика, CRM и оптимизация воронки продаж.;Коммерческий геозависимый;лидогенерация семей;"генерация лидов семей; лидогенерация для бизнеса семей; заказать лидогенерацию семей";;Гео-услуга;index, follow после QA уникальности;Service (areaServed: Семей), BreadcrumbList, FAQPage (если FAQ видим);"/web-studiya; /web-studiya/lidogeneratsiya; /web-studiya/semey";"/web-studiya/lidogeneratsiya; /web-studiya/semey; /keysy; /sozdanie-saitov-v-semee; /seo-prodvizhenie-sajtov-v-semee";Уникальный оффер для Семей, особенности локального спроса и бизнеса, модель удалённой работы, релевантные кейсы, доказательства, FAQ, CTA. Нельзя публиковать шаблон только с заменой названия города.;P3;Региональные страницы — этап 3;Запланирована (региональное расширение);NEW;"Добавлена по новому требованию о покрытии 18 основных городов Казахстана; индексировать после проверки уникальности и полезности.";Средняя;leadgen_geo_semey;;;;Да;33;113
200;3;Поддержка сайтов;Поддержка сайтов в Семее;Геозависимая коммерческая страница направления «Поддержка сайтов» для компаний в Семее.;;/web-studiya/podderzhka-saytov/semey;Техническая поддержка сайтов в Семее;Поддержка сайтов в Семее | Raskrutov;Техническая поддержка сайтов компаний в Семее: обновления, безопасность, резервные копии, исправления и развитие проекта.;Коммерческий геозависимый;поддержка сайтов семей;"техническая поддержка сайта семей; обслуживание сайтов семей; сопровождение сайта семей";;Гео-услуга;index, follow после QA уникальности;Service (areaServed: Семей), BreadcrumbList, FAQPage (если FAQ видим);"/web-studiya; /web-studiya/podderzhka-saytov; /web-studiya/semey";"/web-studiya/podderzhka-saytov; /web-studiya/semey; /keysy/sayty; /sozdanie-saitov-v-semee; /seo-prodvizhenie-sajtov-v-semee";Уникальный оффер для Семей, особенности локального спроса и бизнеса, модель удалённой работы, релевантные кейсы, доказательства, FAQ, CTA. Нельзя публиковать шаблон только с заменой названия города.;P3;Региональные страницы — этап 3;Запланирована (региональное расширение);NEW;"Добавлена по новому требованию о покрытии 18 основных городов Казахстана; индексировать после проверки уникальности и полезности.";Средняя;site_support_geo_semey;;;;Да;36;121
201;3;Digital-консалтинг;Digital-консалтинг в Семее;Геозависимая коммерческая страница направления «Digital-консалтинг» для компаний в Семее.;;/web-studiya/digital-konsalting/semey;Digital-консалтинг для бизнеса в Семее;Digital-консалтинг в Семее | Raskrutov;Digital-консалтинг для бизнеса в Семее: аудит, стратегия, аналитика, приоритеты внедрения и план роста цифровых каналов.;Коммерческий геозависимый;digital консалтинг семей;"интернет маркетинг консалтинг семей; digital стратегия семей; аудит интернет маркетинга семей";;Гео-услуга;index, follow после QA уникальности;Service (areaServed: Семей), BreadcrumbList, FAQPage (если FAQ видим);"/web-studiya; /web-studiya/digital-konsalting; /web-studiya/semey";"/web-studiya/digital-konsalting; /web-studiya/semey; /keysy; /sozdanie-saitov-v-semee; /seo-prodvizhenie-sajtov-v-semee";Уникальный оффер для Семей, особенности локального спроса и бизнеса, модель удалённой работы, релевантные кейсы, доказательства, FAQ, CTA. Нельзя публиковать шаблон только с заменой названия города.;P3;Региональные страницы — этап 3;Запланирована (региональное расширение);NEW;"Добавлена по новому требованию о покрытии 18 основных городов Казахстана; индексировать после проверки уникальности и полезности.";Средняя;digital_consulting_geo_semey;;;;Да;38;120
202;3;Вебстудия Raskrutov;Веб-студия в Талдыкоргане;Геозависимая коммерческая страница направления «Веб-студия» для компаний в Талдыкоргане.;;/web-studiya/taldykorgan;Веб-студия в Талдыкоргане;Веб-студия в Талдыкоргане: сайты, SEO и реклама | Raskrutov;Веб-студия Raskrutov в Талдыкоргане: создаём сайты, продвигаем в поиске и AI-выдаче, настраиваем рекламу и лидогенерацию для бизнеса.;Коммерческий геозависимый;веб студия талдыкорган;"услуги веб студии талдыкорган; digital агентство талдыкорган; интернет агентство талдыкорган";;Региональный хаб;index, follow после QA уникальности;CollectionPage, BreadcrumbList;"/web-studiya; /sozdanie-saitov-v-taldykorgane; /web-studiya/dizayn/taldykorgan; /seo-prodvizhenie-sajtov-v-taldykorgane; /web-studiya/aeo-geo-prodvizhenie/taldykorgan; /web-studiya/kontekstnaya-reklama/taldykorgan; /web-studiya/lidogeneratsiya/taldykorgan; /web-studiya/podderzhka-saytov/taldykorgan; /web-studiya/digital-konsalting/taldykorgan";"/web-studiya; /sozdanie-saitov-v-taldykorgane; /web-studiya/dizayn/taldykorgan; /seo-prodvizhenie-sajtov-v-taldykorgane; /web-studiya/aeo-geo-prodvizhenie/taldykorgan; /web-studiya/kontekstnaya-reklama/taldykorgan; /web-studiya/lidogeneratsiya/taldykorgan; /web-studiya/podderzhka-saytov/taldykorgan; /web-studiya/digital-konsalting/taldykorgan";Уникальный оффер для Талдыкорган, особенности локального спроса и бизнеса, модель удалённой работы, релевантные кейсы, доказательства, FAQ, CTA. Нельзя публиковать шаблон только с заменой названия города.;P2;Региональные страницы — этап 2;Запланирована (региональное расширение);NEW;"Добавлена по новому требованию о покрытии 18 основных городов Казахстана; индексировать после проверки уникальности и полезности.";Средняя;webstudio_geo_taldykorgan;;;;Да;59;133
203;3;Создание сайтов;Создание сайтов в Талдыкоргане;Геозависимая коммерческая страница направления «Создание сайтов» для компаний в Талдыкоргане.;;/sozdanie-saitov-v-taldykorgane;Создание сайтов в Талдыкоргане;Создание сайтов в Талдыкоргане под ключ | Raskrutov;Создаём сайты для бизнеса в Талдыкоргане: лендинги, корпоративные сайты и интернет-магазины с подготовкой к SEO, рекламе и продажам.;Коммерческий геозависимый;создание сайтов талдыкорган;"разработка сайтов талдыкорган; заказать сайт талдыкорган; создание сайта под ключ талдыкорган";;Гео-услуга;index, follow после QA уникальности;Service (areaServed: Талдыкорган), BreadcrumbList, FAQPage (если FAQ видим);"/web-studiya; /sozdanie-saitov; /web-studiya/taldykorgan";"/sozdanie-saitov; /web-studiya/taldykorgan; /keysy/sayty; /sozdanie-saitov-v-taldykorgane; /seo-prodvizhenie-sajtov-v-taldykorgane";Уникальный оффер для Талдыкорган, особенности локального спроса и бизнеса, модель удалённой работы, релевантные кейсы, доказательства, FAQ, CTA. Нельзя публиковать шаблон только с заменой названия города.;P2;Региональные страницы — этап 2;Запланирована (региональное расширение);NEW;"Добавлена по новому требованию о покрытии 18 основных городов Казахстана; индексировать после проверки уникальности и полезности.";Средняя;site_geo_taldykorgan;;;;Да;51;132
204;3;Услуги дизайнера;Услуги дизайнера в Талдыкоргане;Геозависимая коммерческая страница направления «Услуги дизайнера» для компаний в Талдыкоргане.;;/web-studiya/dizayn/taldykorgan;Услуги дизайнера и веб-дизайн в Талдыкоргане;Услуги дизайнера в Талдыкоргане | Raskrutov;Дизайн для бизнеса в Талдыкоргане: сайты, логотипы, фирменный стиль, брендбук и визуальные материалы с понятным процессом и результатом.;Коммерческий геозависимый;услуги дизайнера талдыкорган;"веб дизайн талдыкорган; дизайн сайта талдыкорган; брендинг талдыкорган";;Гео-услуга;index, follow после QA уникальности;Service (areaServed: Талдыкорган), BreadcrumbList, FAQPage (если FAQ видим);"/web-studiya; /web-studiya/dizayn; /web-studiya/taldykorgan";"/web-studiya/dizayn; /web-studiya/taldykorgan; /keysy/sayty; /sozdanie-saitov-v-taldykorgane; /seo-prodvizhenie-sajtov-v-taldykorgane";Уникальный оффер для Талдыкорган, особенности локального спроса и бизнеса, модель удалённой работы, релевантные кейсы, доказательства, FAQ, CTA. Нельзя публиковать шаблон только с заменой названия города.;P3;Региональные страницы — этап 3;Запланирована (региональное расширение);NEW;"Добавлена по новому требованию о покрытии 18 основных городов Казахстана; индексировать после проверки уникальности и полезности.";Средняя;design_geo_taldykorgan;;;;Да;43;136
205;3;SEO-продвижение;SEO-продвижение сайтов в Талдыкоргане;Геозависимая коммерческая страница направления «SEO-продвижение» для компаний в Талдыкоргане.;;/seo-prodvizhenie-sajtov-v-taldykorgane;SEO-продвижение сайтов в Талдыкоргане;SEO-продвижение сайтов в Талдыкоргане | Raskrutov;SEO-продвижение сайтов компаний в Талдыкоргане: семантика, структура, техническая оптимизация, контент, аналитика и рост видимости в поиске.;Коммерческий геозависимый;seo продвижение талдыкорган;"продвижение сайтов талдыкорган; раскрутка сайта талдыкорган; seo оптимизация талдыкорган";;Гео-услуга;index, follow после QA уникальности;Service (areaServed: Талдыкорган), BreadcrumbList, FAQPage (если FAQ видим);"/web-studiya; /seo-prodvizhenie-sajtov; /web-studiya/taldykorgan";"/seo-prodvizhenie-sajtov; /web-studiya/taldykorgan; /keysy/prodvizhenie; /sozdanie-saitov-v-taldykorgane; /seo-prodvizhenie-sajtov-v-taldykorgane";Уникальный оффер для Талдыкорган, особенности локального спроса и бизнеса, модель удалённой работы, релевантные кейсы, доказательства, FAQ, CTA. Нельзя публиковать шаблон только с заменой названия города.;P2;Региональные страницы — этап 2;Запланирована (региональное расширение);NEW;"Добавлена по новому требованию о покрытии 18 основных городов Казахстана; индексировать после проверки уникальности и полезности.";Средняя;seo_geo_taldykorgan;;;;Да;49;140
206;3;AEO-продвижение;AEO/GEO-продвижение в Талдыкоргане;Геозависимая коммерческая страница направления «AEO/GEO-продвижение» для компаний в Талдыкоргане.;;/web-studiya/aeo-geo-prodvizhenie/taldykorgan;AEO и GEO-продвижение в AI-выдаче в Талдыкоргане;AEO/GEO-продвижение в Талдыкоргане | Raskrutov;Продвигаем компании из Талдыкорган в AI-ответах и нейропоиске: структура, сущности, экспертный контент, FAQ, Schema.org и AEO/GEO-оптимизация.;Коммерческий геозависимый;продвижение в ии поиске талдыкорган;"aeo продвижение талдыкорган; geo продвижение талдыкорган; оптимизация сайта под ии талдыкорган";;Гео-услуга;index, follow после QA уникальности;Service (areaServed: Талдыкорган), BreadcrumbList, FAQPage (если FAQ видим);"/web-studiya; /web-studiya/aeo-geo-prodvizhenie; /web-studiya/taldykorgan";"/web-studiya/aeo-geo-prodvizhenie; /web-studiya/taldykorgan; /keysy/prodvizhenie; /sozdanie-saitov-v-taldykorgane; /seo-prodvizhenie-sajtov-v-taldykorgane";Уникальный оффер для Талдыкорган, особенности локального спроса и бизнеса, модель удалённой работы, релевантные кейсы, доказательства, FAQ, CTA. Нельзя публиковать шаблон только с заменой названия города.;P3;Региональные страницы — этап 3;Запланирована (региональное расширение);NEW;"Добавлена по новому требованию о покрытии 18 основных городов Казахстана; индексировать после проверки уникальности и полезности.";Средняя;aeo_geo_taldykorgan;;;;Да;46;142
207;3;Контекстная реклама;Контекстная реклама в Талдыкоргане;Геозависимая коммерческая страница направления «Контекстная реклама» для компаний в Талдыкоргане.;;/web-studiya/kontekstnaya-reklama/taldykorgan;Контекстная реклама в Талдыкоргане;Контекстная реклама в Талдыкоргане | Raskrutov;Настраиваем контекстную рекламу для бизнеса в Талдыкоргане: Google Ads, Яндекс Директ, аналитика, оптимизация бюджета и заявок.;Коммерческий геозависимый;контекстная реклама талдыкорган;"настройка google ads талдыкорган; яндекс директ талдыкорган; реклама сайта талдыкорган";;Гео-услуга;index, follow после QA уникальности;Service (areaServed: Талдыкорган), BreadcrumbList, FAQPage (если FAQ видим);"/web-studiya; /web-studiya/kontekstnaya-reklama; /web-studiya/taldykorgan";"/web-studiya/kontekstnaya-reklama; /web-studiya/taldykorgan; /keysy/prodvizhenie; /sozdanie-saitov-v-taldykorgane; /seo-prodvizhenie-sajtov-v-taldykorgane";Уникальный оффер для Талдыкорган, особенности локального спроса и бизнеса, модель удалённой работы, релевантные кейсы, доказательства, FAQ, CTA. Нельзя публиковать шаблон только с заменой названия города.;P3;Региональные страницы — этап 3;Запланирована (региональное расширение);NEW;"Добавлена по новому требованию о покрытии 18 основных городов Казахстана; индексировать после проверки уникальности и полезности.";Средняя;ppc_geo_taldykorgan;;;;Да;46;127
208;3;Лидогенерация;Лидогенерация в Талдыкоргане;Геозависимая коммерческая страница направления «Лидогенерация» для компаний в Талдыкоргане.;;/web-studiya/lidogeneratsiya/taldykorgan;Лидогенерация для бизнеса в Талдыкоргане;Лидогенерация в Талдыкоргане | Raskrutov;Привлекаем целевые заявки для бизнеса в Талдыкоргане: сайт, реклама, квизы, аналитика, CRM и оптимизация воронки продаж.;Коммерческий геозависимый;лидогенерация талдыкорган;"генерация лидов талдыкорган; лидогенерация для бизнеса талдыкорган; заказать лидогенерацию талдыкорган";;Гео-услуга;index, follow после QA уникальности;Service (areaServed: Талдыкорган), BreadcrumbList, FAQPage (если FAQ видим);"/web-studiya; /web-studiya/lidogeneratsiya; /web-studiya/taldykorgan";"/web-studiya/lidogeneratsiya; /web-studiya/taldykorgan; /keysy; /sozdanie-saitov-v-taldykorgane; /seo-prodvizhenie-sajtov-v-taldykorgane";Уникальный оффер для Талдыкорган, особенности локального спроса и бизнеса, модель удалённой работы, релевантные кейсы, доказательства, FAQ, CTA. Нельзя публиковать шаблон только с заменой названия города.;P3;Региональные страницы — этап 3;Запланирована (региональное расширение);NEW;"Добавлена по новому требованию о покрытии 18 основных городов Казахстана; индексировать после проверки уникальности и полезности.";Средняя;leadgen_geo_taldykorgan;;;;Да;40;120
209;3;Поддержка сайтов;Поддержка сайтов в Талдыкоргане;Геозависимая коммерческая страница направления «Поддержка сайтов» для компаний в Талдыкоргане.;;/web-studiya/podderzhka-saytov/taldykorgan;Техническая поддержка сайтов в Талдыкоргане;Поддержка сайтов в Талдыкоргане | Raskrutov;Техническая поддержка сайтов компаний в Талдыкоргане: обновления, безопасность, резервные копии, исправления и развитие проекта.;Коммерческий геозависимый;поддержка сайтов талдыкорган;"техническая поддержка сайта талдыкорган; обслуживание сайтов талдыкорган; сопровождение сайта талдыкорган";;Гео-услуга;index, follow после QA уникальности;Service (areaServed: Талдыкорган), BreadcrumbList, FAQPage (если FAQ видим);"/web-studiya; /web-studiya/podderzhka-saytov; /web-studiya/taldykorgan";"/web-studiya/podderzhka-saytov; /web-studiya/taldykorgan; /keysy/sayty; /sozdanie-saitov-v-taldykorgane; /seo-prodvizhenie-sajtov-v-taldykorgane";Уникальный оффер для Талдыкорган, особенности локального спроса и бизнеса, модель удалённой работы, релевантные кейсы, доказательства, FAQ, CTA. Нельзя публиковать шаблон только с заменой названия города.;P3;Региональные страницы — этап 3;Запланирована (региональное расширение);NEW;"Добавлена по новому требованию о покрытии 18 основных городов Казахстана; индексировать после проверки уникальности и полезности.";Средняя;site_support_geo_taldykorgan;;;;Да;43;128
210;3;Digital-консалтинг;Digital-консалтинг в Талдыкоргане;Геозависимая коммерческая страница направления «Digital-консалтинг» для компаний в Талдыкоргане.;;/web-studiya/digital-konsalting/taldykorgan;Digital-консалтинг для бизнеса в Талдыкоргане;Digital-консалтинг в Талдыкоргане | Raskrutov;Digital-консалтинг для бизнеса в Талдыкоргане: аудит, стратегия, аналитика, приоритеты внедрения и план роста цифровых каналов.;Коммерческий геозависимый;digital консалтинг талдыкорган;"интернет маркетинг консалтинг талдыкорган; digital стратегия талдыкорган; аудит интернет маркетинга талдыкорган";;Гео-услуга;index, follow после QA уникальности;Service (areaServed: Талдыкорган), BreadcrumbList, FAQPage (если FAQ видим);"/web-studiya; /web-studiya/digital-konsalting; /web-studiya/taldykorgan";"/web-studiya/digital-konsalting; /web-studiya/taldykorgan; /keysy; /sozdanie-saitov-v-taldykorgane; /seo-prodvizhenie-sajtov-v-taldykorgane";Уникальный оффер для Талдыкорган, особенности локального спроса и бизнеса, модель удалённой работы, релевантные кейсы, доказательства, FAQ, CTA. Нельзя публиковать шаблон только с заменой названия города.;P3;Региональные страницы — этап 3;Запланирована (региональное расширение);NEW;"Добавлена по новому требованию о покрытии 18 основных городов Казахстана; индексировать после проверки уникальности и полезности.";Средняя;digital_consulting_geo_taldykorgan;;;;Да;45;127
211;3;Вебстудия Raskrutov;Веб-студия в Таразе;Геозависимая коммерческая страница направления «Веб-студия» для компаний в Таразе.;;/web-studiya/taraz;Веб-студия в Таразе;Веб-студия в Таразе: сайты, SEO и реклама | Raskrutov;Веб-студия Raskrutov в Таразе: создаём сайты, продвигаем в поиске и AI-выдаче, настраиваем рекламу и лидогенерацию для бизнеса.;Коммерческий геозависимый;веб студия тараз;"услуги веб студии тараз; digital агентство тараз; интернет агентство тараз";;Региональный хаб;index, follow после QA уникальности;CollectionPage, BreadcrumbList;"/web-studiya; /sozdanie-saitov-v-taraze; /web-studiya/dizayn/taraz; /seo-prodvizhenie-sajtov-v-taraze; /web-studiya/aeo-geo-prodvizhenie/taraz; /web-studiya/kontekstnaya-reklama/taraz; /web-studiya/lidogeneratsiya/taraz; /web-studiya/podderzhka-saytov/taraz; /web-studiya/digital-konsalting/taraz";"/web-studiya; /sozdanie-saitov-v-taraze; /web-studiya/dizayn/taraz; /seo-prodvizhenie-sajtov-v-taraze; /web-studiya/aeo-geo-prodvizhenie/taraz; /web-studiya/kontekstnaya-reklama/taraz; /web-studiya/lidogeneratsiya/taraz; /web-studiya/podderzhka-saytov/taraz; /web-studiya/digital-konsalting/taraz";Уникальный оффер для Тараз, особенности локального спроса и бизнеса, модель удалённой работы, релевантные кейсы, доказательства, FAQ, CTA. Нельзя публиковать шаблон только с заменой названия города.;P2;Региональные страницы — этап 2;Запланирована (региональное расширение);NEW;"Добавлена по новому требованию о покрытии 18 основных городов Казахстана; индексировать после проверки уникальности и полезности.";Средняя;webstudio_geo_taraz;;;;Да;53;127
212;3;Создание сайтов;Создание сайтов в Таразе;Геозависимая коммерческая страница направления «Создание сайтов» для компаний в Таразе.;;/sozdanie-saitov-v-taraze;Создание сайтов в Таразе;Создание сайтов в Таразе под ключ | Raskrutov;Создаём сайты для бизнеса в Таразе: лендинги, корпоративные сайты и интернет-магазины с подготовкой к SEO, рекламе и продажам.;Коммерческий геозависимый;создание сайтов тараз;"разработка сайтов тараз; заказать сайт тараз; создание сайта под ключ тараз";;Гео-услуга;index, follow после QA уникальности;Service (areaServed: Тараз), BreadcrumbList, FAQPage (если FAQ видим);"/web-studiya; /sozdanie-saitov; /web-studiya/taraz";"/sozdanie-saitov; /web-studiya/taraz; /keysy/sayty; /sozdanie-saitov-v-taraze; /seo-prodvizhenie-sajtov-v-taraze";Уникальный оффер для Тараз, особенности локального спроса и бизнеса, модель удалённой работы, релевантные кейсы, доказательства, FAQ, CTA. Нельзя публиковать шаблон только с заменой названия города.;P2;Региональные страницы — этап 2;Запланирована (региональное расширение);NEW;"Добавлена по новому требованию о покрытии 18 основных городов Казахстана; индексировать после проверки уникальности и полезности.";Средняя;site_geo_taraz;;;;Да;45;126
213;3;Услуги дизайнера;Услуги дизайнера в Таразе;Геозависимая коммерческая страница направления «Услуги дизайнера» для компаний в Таразе.;;/web-studiya/dizayn/taraz;Услуги дизайнера и веб-дизайн в Таразе;Услуги дизайнера в Таразе | Raskrutov;Дизайн для бизнеса в Таразе: сайты, логотипы, фирменный стиль, брендбук и визуальные материалы с понятным процессом и результатом.;Коммерческий геозависимый;услуги дизайнера тараз;"веб дизайн тараз; дизайн сайта тараз; брендинг тараз";;Гео-услуга;index, follow после QA уникальности;Service (areaServed: Тараз), BreadcrumbList, FAQPage (если FAQ видим);"/web-studiya; /web-studiya/dizayn; /web-studiya/taraz";"/web-studiya/dizayn; /web-studiya/taraz; /keysy/sayty; /sozdanie-saitov-v-taraze; /seo-prodvizhenie-sajtov-v-taraze";Уникальный оффер для Тараз, особенности локального спроса и бизнеса, модель удалённой работы, релевантные кейсы, доказательства, FAQ, CTA. Нельзя публиковать шаблон только с заменой названия города.;P3;Региональные страницы — этап 3;Запланирована (региональное расширение);NEW;"Добавлена по новому требованию о покрытии 18 основных городов Казахстана; индексировать после проверки уникальности и полезности.";Средняя;design_geo_taraz;;;;Да;37;130
214;3;SEO-продвижение;SEO-продвижение сайтов в Таразе;Геозависимая коммерческая страница направления «SEO-продвижение» для компаний в Таразе.;;/seo-prodvizhenie-sajtov-v-taraze;SEO-продвижение сайтов в Таразе;SEO-продвижение сайтов в Таразе | Raskrutov;SEO-продвижение сайтов компаний в Таразе: семантика, структура, техническая оптимизация, контент, аналитика и рост видимости в поиске.;Коммерческий геозависимый;seo продвижение тараз;"продвижение сайтов тараз; раскрутка сайта тараз; seo оптимизация тараз";;Гео-услуга;index, follow после QA уникальности;Service (areaServed: Тараз), BreadcrumbList, FAQPage (если FAQ видим);"/web-studiya; /seo-prodvizhenie-sajtov; /web-studiya/taraz";"/seo-prodvizhenie-sajtov; /web-studiya/taraz; /keysy/prodvizhenie; /sozdanie-saitov-v-taraze; /seo-prodvizhenie-sajtov-v-taraze";Уникальный оффер для Тараз, особенности локального спроса и бизнеса, модель удалённой работы, релевантные кейсы, доказательства, FAQ, CTA. Нельзя публиковать шаблон только с заменой названия города.;P2;Региональные страницы — этап 2;Запланирована (региональное расширение);NEW;"Добавлена по новому требованию о покрытии 18 основных городов Казахстана; индексировать после проверки уникальности и полезности.";Средняя;seo_geo_taraz;;;;Да;43;134
215;3;AEO-продвижение;AEO/GEO-продвижение в Таразе;Геозависимая коммерческая страница направления «AEO/GEO-продвижение» для компаний в Таразе.;;/web-studiya/aeo-geo-prodvizhenie/taraz;AEO и GEO-продвижение в AI-выдаче в Таразе;AEO/GEO-продвижение в Таразе | Raskrutov;Продвигаем компании из Тараз в AI-ответах и нейропоиске: структура, сущности, экспертный контент, FAQ, Schema.org и AEO/GEO-оптимизация.;Коммерческий геозависимый;продвижение в ии поиске тараз;"aeo продвижение тараз; geo продвижение тараз; оптимизация сайта под ии тараз";;Гео-услуга;index, follow после QA уникальности;Service (areaServed: Тараз), BreadcrumbList, FAQPage (если FAQ видим);"/web-studiya; /web-studiya/aeo-geo-prodvizhenie; /web-studiya/taraz";"/web-studiya/aeo-geo-prodvizhenie; /web-studiya/taraz; /keysy/prodvizhenie; /sozdanie-saitov-v-taraze; /seo-prodvizhenie-sajtov-v-taraze";Уникальный оффер для Тараз, особенности локального спроса и бизнеса, модель удалённой работы, релевантные кейсы, доказательства, FAQ, CTA. Нельзя публиковать шаблон только с заменой названия города.;P3;Региональные страницы — этап 3;Запланирована (региональное расширение);NEW;"Добавлена по новому требованию о покрытии 18 основных городов Казахстана; индексировать после проверки уникальности и полезности.";Средняя;aeo_geo_taraz;;;;Да;40;136
216;3;Контекстная реклама;Контекстная реклама в Таразе;Геозависимая коммерческая страница направления «Контекстная реклама» для компаний в Таразе.;;/web-studiya/kontekstnaya-reklama/taraz;Контекстная реклама в Таразе;Контекстная реклама в Таразе | Raskrutov;Настраиваем контекстную рекламу для бизнеса в Таразе: Google Ads, Яндекс Директ, аналитика, оптимизация бюджета и заявок.;Коммерческий геозависимый;контекстная реклама тараз;"настройка google ads тараз; яндекс директ тараз; реклама сайта тараз";;Гео-услуга;index, follow после QA уникальности;Service (areaServed: Тараз), BreadcrumbList, FAQPage (если FAQ видим);"/web-studiya; /web-studiya/kontekstnaya-reklama; /web-studiya/taraz";"/web-studiya/kontekstnaya-reklama; /web-studiya/taraz; /keysy/prodvizhenie; /sozdanie-saitov-v-taraze; /seo-prodvizhenie-sajtov-v-taraze";Уникальный оффер для Тараз, особенности локального спроса и бизнеса, модель удалённой работы, релевантные кейсы, доказательства, FAQ, CTA. Нельзя публиковать шаблон только с заменой названия города.;P3;Региональные страницы — этап 3;Запланирована (региональное расширение);NEW;"Добавлена по новому требованию о покрытии 18 основных городов Казахстана; индексировать после проверки уникальности и полезности.";Средняя;ppc_geo_taraz;;;;Да;40;121
217;3;Лидогенерация;Лидогенерация в Таразе;Геозависимая коммерческая страница направления «Лидогенерация» для компаний в Таразе.;;/web-studiya/lidogeneratsiya/taraz;Лидогенерация для бизнеса в Таразе;Лидогенерация в Таразе | Raskrutov;Привлекаем целевые заявки для бизнеса в Таразе: сайт, реклама, квизы, аналитика, CRM и оптимизация воронки продаж.;Коммерческий геозависимый;лидогенерация тараз;"генерация лидов тараз; лидогенерация для бизнеса тараз; заказать лидогенерацию тараз";;Гео-услуга;index, follow после QA уникальности;Service (areaServed: Тараз), BreadcrumbList, FAQPage (если FAQ видим);"/web-studiya; /web-studiya/lidogeneratsiya; /web-studiya/taraz";"/web-studiya/lidogeneratsiya; /web-studiya/taraz; /keysy; /sozdanie-saitov-v-taraze; /seo-prodvizhenie-sajtov-v-taraze";Уникальный оффер для Тараз, особенности локального спроса и бизнеса, модель удалённой работы, релевантные кейсы, доказательства, FAQ, CTA. Нельзя публиковать шаблон только с заменой названия города.;P3;Региональные страницы — этап 3;Запланирована (региональное расширение);NEW;"Добавлена по новому требованию о покрытии 18 основных городов Казахстана; индексировать после проверки уникальности и полезности.";Средняя;leadgen_geo_taraz;;;;Да;34;114
218;3;Поддержка сайтов;Поддержка сайтов в Таразе;Геозависимая коммерческая страница направления «Поддержка сайтов» для компаний в Таразе.;;/web-studiya/podderzhka-saytov/taraz;Техническая поддержка сайтов в Таразе;Поддержка сайтов в Таразе | Raskrutov;Техническая поддержка сайтов компаний в Таразе: обновления, безопасность, резервные копии, исправления и развитие проекта.;Коммерческий геозависимый;поддержка сайтов тараз;"техническая поддержка сайта тараз; обслуживание сайтов тараз; сопровождение сайта тараз";;Гео-услуга;index, follow после QA уникальности;Service (areaServed: Тараз), BreadcrumbList, FAQPage (если FAQ видим);"/web-studiya; /web-studiya/podderzhka-saytov; /web-studiya/taraz";"/web-studiya/podderzhka-saytov; /web-studiya/taraz; /keysy/sayty; /sozdanie-saitov-v-taraze; /seo-prodvizhenie-sajtov-v-taraze";Уникальный оффер для Тараз, особенности локального спроса и бизнеса, модель удалённой работы, релевантные кейсы, доказательства, FAQ, CTA. Нельзя публиковать шаблон только с заменой названия города.;P3;Региональные страницы — этап 3;Запланирована (региональное расширение);NEW;"Добавлена по новому требованию о покрытии 18 основных городов Казахстана; индексировать после проверки уникальности и полезности.";Средняя;site_support_geo_taraz;;;;Да;37;122
219;3;Digital-консалтинг;Digital-консалтинг в Таразе;Геозависимая коммерческая страница направления «Digital-консалтинг» для компаний в Таразе.;;/web-studiya/digital-konsalting/taraz;Digital-консалтинг для бизнеса в Таразе;Digital-консалтинг в Таразе | Raskrutov;Digital-консалтинг для бизнеса в Таразе: аудит, стратегия, аналитика, приоритеты внедрения и план роста цифровых каналов.;Коммерческий геозависимый;digital консалтинг тараз;"интернет маркетинг консалтинг тараз; digital стратегия тараз; аудит интернет маркетинга тараз";;Гео-услуга;index, follow после QA уникальности;Service (areaServed: Тараз), BreadcrumbList, FAQPage (если FAQ видим);"/web-studiya; /web-studiya/digital-konsalting; /web-studiya/taraz";"/web-studiya/digital-konsalting; /web-studiya/taraz; /keysy; /sozdanie-saitov-v-taraze; /seo-prodvizhenie-sajtov-v-taraze";Уникальный оффер для Тараз, особенности локального спроса и бизнеса, модель удалённой работы, релевантные кейсы, доказательства, FAQ, CTA. Нельзя публиковать шаблон только с заменой названия города.;P3;Региональные страницы — этап 3;Запланирована (региональное расширение);NEW;"Добавлена по новому требованию о покрытии 18 основных городов Казахстана; индексировать после проверки уникальности и полезности.";Средняя;digital_consulting_geo_taraz;;;;Да;39;121
220;3;Вебстудия Raskrutov;Веб-студия в Туркестане;Геозависимая коммерческая страница направления «Веб-студия» для компаний в Туркестане.;;/web-studiya/turkestan;Веб-студия в Туркестане;Веб-студия в Туркестане: сайты, SEO и реклама | Raskrutov;Веб-студия Raskrutov в Туркестане: создаём сайты, продвигаем в поиске и AI-выдаче, настраиваем рекламу и лидогенерацию для бизнеса.;Коммерческий геозависимый;веб студия туркестан;"услуги веб студии туркестан; digital агентство туркестан; интернет агентство туркестан";;Региональный хаб;index, follow после QA уникальности;CollectionPage, BreadcrumbList;"/web-studiya; /sozdanie-saitov-v-turkestane; /web-studiya/dizayn/turkestan; /seo-prodvizhenie-sajtov-v-turkestane; /web-studiya/aeo-geo-prodvizhenie/turkestan; /web-studiya/kontekstnaya-reklama/turkestan; /web-studiya/lidogeneratsiya/turkestan; /web-studiya/podderzhka-saytov/turkestan; /web-studiya/digital-konsalting/turkestan";"/web-studiya; /sozdanie-saitov-v-turkestane; /web-studiya/dizayn/turkestan; /seo-prodvizhenie-sajtov-v-turkestane; /web-studiya/aeo-geo-prodvizhenie/turkestan; /web-studiya/kontekstnaya-reklama/turkestan; /web-studiya/lidogeneratsiya/turkestan; /web-studiya/podderzhka-saytov/turkestan; /web-studiya/digital-konsalting/turkestan";Уникальный оффер для Туркестан, особенности локального спроса и бизнеса, модель удалённой работы, релевантные кейсы, доказательства, FAQ, CTA. Нельзя публиковать шаблон только с заменой названия города.;P2;Региональные страницы — этап 2;Запланирована (региональное расширение);NEW;"Добавлена по новому требованию о покрытии 18 основных городов Казахстана; индексировать после проверки уникальности и полезности.";Средняя;webstudio_geo_turkestan;;;;Да;57;131
221;3;Создание сайтов;Создание сайтов в Туркестане;Геозависимая коммерческая страница направления «Создание сайтов» для компаний в Туркестане.;;/sozdanie-saitov-v-turkestane;Создание сайтов в Туркестане;Создание сайтов в Туркестане под ключ | Raskrutov;Создаём сайты для бизнеса в Туркестане: лендинги, корпоративные сайты и интернет-магазины с подготовкой к SEO, рекламе и продажам.;Коммерческий геозависимый;создание сайтов туркестан;"разработка сайтов туркестан; заказать сайт туркестан; создание сайта под ключ туркестан";;Гео-услуга;index, follow после QA уникальности;Service (areaServed: Туркестан), BreadcrumbList, FAQPage (если FAQ видим);"/web-studiya; /sozdanie-saitov; /web-studiya/turkestan";"/sozdanie-saitov; /web-studiya/turkestan; /keysy/sayty; /sozdanie-saitov-v-turkestane; /seo-prodvizhenie-sajtov-v-turkestane";Уникальный оффер для Туркестан, особенности локального спроса и бизнеса, модель удалённой работы, релевантные кейсы, доказательства, FAQ, CTA. Нельзя публиковать шаблон только с заменой названия города.;P2;Региональные страницы — этап 2;Запланирована (региональное расширение);NEW;"Добавлена по новому требованию о покрытии 18 основных городов Казахстана; индексировать после проверки уникальности и полезности.";Средняя;site_geo_turkestan;;;;Да;49;130
222;3;Услуги дизайнера;Услуги дизайнера в Туркестане;Геозависимая коммерческая страница направления «Услуги дизайнера» для компаний в Туркестане.;;/web-studiya/dizayn/turkestan;Услуги дизайнера и веб-дизайн в Туркестане;Услуги дизайнера в Туркестане | Raskrutov;Дизайн для бизнеса в Туркестане: сайты, логотипы, фирменный стиль, брендбук и визуальные материалы с понятным процессом и результатом.;Коммерческий геозависимый;услуги дизайнера туркестан;"веб дизайн туркестан; дизайн сайта туркестан; брендинг туркестан";;Гео-услуга;index, follow после QA уникальности;Service (areaServed: Туркестан), BreadcrumbList, FAQPage (если FAQ видим);"/web-studiya; /web-studiya/dizayn; /web-studiya/turkestan";"/web-studiya/dizayn; /web-studiya/turkestan; /keysy/sayty; /sozdanie-saitov-v-turkestane; /seo-prodvizhenie-sajtov-v-turkestane";Уникальный оффер для Туркестан, особенности локального спроса и бизнеса, модель удалённой работы, релевантные кейсы, доказательства, FAQ, CTA. Нельзя публиковать шаблон только с заменой названия города.;P3;Региональные страницы — этап 3;Запланирована (региональное расширение);NEW;"Добавлена по новому требованию о покрытии 18 основных городов Казахстана; индексировать после проверки уникальности и полезности.";Средняя;design_geo_turkestan;;;;Да;41;134
223;3;SEO-продвижение;SEO-продвижение сайтов в Туркестане;Геозависимая коммерческая страница направления «SEO-продвижение» для компаний в Туркестане.;;/seo-prodvizhenie-sajtov-v-turkestane;SEO-продвижение сайтов в Туркестане;SEO-продвижение сайтов в Туркестане | Raskrutov;SEO-продвижение сайтов компаний в Туркестане: семантика, структура, техническая оптимизация, контент, аналитика и рост видимости в поиске.;Коммерческий геозависимый;seo продвижение туркестан;"продвижение сайтов туркестан; раскрутка сайта туркестан; seo оптимизация туркестан";;Гео-услуга;index, follow после QA уникальности;Service (areaServed: Туркестан), BreadcrumbList, FAQPage (если FAQ видим);"/web-studiya; /seo-prodvizhenie-sajtov; /web-studiya/turkestan";"/seo-prodvizhenie-sajtov; /web-studiya/turkestan; /keysy/prodvizhenie; /sozdanie-saitov-v-turkestane; /seo-prodvizhenie-sajtov-v-turkestane";Уникальный оффер для Туркестан, особенности локального спроса и бизнеса, модель удалённой работы, релевантные кейсы, доказательства, FAQ, CTA. Нельзя публиковать шаблон только с заменой названия города.;P2;Региональные страницы — этап 2;Запланирована (региональное расширение);NEW;"Добавлена по новому требованию о покрытии 18 основных городов Казахстана; индексировать после проверки уникальности и полезности.";Средняя;seo_geo_turkestan;;;;Да;47;138
224;3;AEO-продвижение;AEO/GEO-продвижение в Туркестане;Геозависимая коммерческая страница направления «AEO/GEO-продвижение» для компаний в Туркестане.;;/web-studiya/aeo-geo-prodvizhenie/turkestan;AEO и GEO-продвижение в AI-выдаче в Туркестане;AEO/GEO-продвижение в Туркестане | Raskrutov;Продвигаем компании из Туркестан в AI-ответах и нейропоиске: структура, сущности, экспертный контент, FAQ, Schema.org и AEO/GEO-оптимизация.;Коммерческий геозависимый;продвижение в ии поиске туркестан;"aeo продвижение туркестан; geo продвижение туркестан; оптимизация сайта под ии туркестан";;Гео-услуга;index, follow после QA уникальности;Service (areaServed: Туркестан), BreadcrumbList, FAQPage (если FAQ видим);"/web-studiya; /web-studiya/aeo-geo-prodvizhenie; /web-studiya/turkestan";"/web-studiya/aeo-geo-prodvizhenie; /web-studiya/turkestan; /keysy/prodvizhenie; /sozdanie-saitov-v-turkestane; /seo-prodvizhenie-sajtov-v-turkestane";Уникальный оффер для Туркестан, особенности локального спроса и бизнеса, модель удалённой работы, релевантные кейсы, доказательства, FAQ, CTA. Нельзя публиковать шаблон только с заменой названия города.;P3;Региональные страницы — этап 3;Запланирована (региональное расширение);NEW;"Добавлена по новому требованию о покрытии 18 основных городов Казахстана; индексировать после проверки уникальности и полезности.";Средняя;aeo_geo_turkestan;;;;Да;44;140
225;3;Контекстная реклама;Контекстная реклама в Туркестане;Геозависимая коммерческая страница направления «Контекстная реклама» для компаний в Туркестане.;;/web-studiya/kontekstnaya-reklama/turkestan;Контекстная реклама в Туркестане;Контекстная реклама в Туркестане | Raskrutov;Настраиваем контекстную рекламу для бизнеса в Туркестане: Google Ads, Яндекс Директ, аналитика, оптимизация бюджета и заявок.;Коммерческий геозависимый;контекстная реклама туркестан;"настройка google ads туркестан; яндекс директ туркестан; реклама сайта туркестан";;Гео-услуга;index, follow после QA уникальности;Service (areaServed: Туркестан), BreadcrumbList, FAQPage (если FAQ видим);"/web-studiya; /web-studiya/kontekstnaya-reklama; /web-studiya/turkestan";"/web-studiya/kontekstnaya-reklama; /web-studiya/turkestan; /keysy/prodvizhenie; /sozdanie-saitov-v-turkestane; /seo-prodvizhenie-sajtov-v-turkestane";Уникальный оффер для Туркестан, особенности локального спроса и бизнеса, модель удалённой работы, релевантные кейсы, доказательства, FAQ, CTA. Нельзя публиковать шаблон только с заменой названия города.;P3;Региональные страницы — этап 3;Запланирована (региональное расширение);NEW;"Добавлена по новому требованию о покрытии 18 основных городов Казахстана; индексировать после проверки уникальности и полезности.";Средняя;ppc_geo_turkestan;;;;Да;44;125
226;3;Лидогенерация;Лидогенерация в Туркестане;Геозависимая коммерческая страница направления «Лидогенерация» для компаний в Туркестане.;;/web-studiya/lidogeneratsiya/turkestan;Лидогенерация для бизнеса в Туркестане;Лидогенерация в Туркестане | Raskrutov;Привлекаем целевые заявки для бизнеса в Туркестане: сайт, реклама, квизы, аналитика, CRM и оптимизация воронки продаж.;Коммерческий геозависимый;лидогенерация туркестан;"генерация лидов туркестан; лидогенерация для бизнеса туркестан; заказать лидогенерацию туркестан";;Гео-услуга;index, follow после QA уникальности;Service (areaServed: Туркестан), BreadcrumbList, FAQPage (если FAQ видим);"/web-studiya; /web-studiya/lidogeneratsiya; /web-studiya/turkestan";"/web-studiya/lidogeneratsiya; /web-studiya/turkestan; /keysy; /sozdanie-saitov-v-turkestane; /seo-prodvizhenie-sajtov-v-turkestane";Уникальный оффер для Туркестан, особенности локального спроса и бизнеса, модель удалённой работы, релевантные кейсы, доказательства, FAQ, CTA. Нельзя публиковать шаблон только с заменой названия города.;P3;Региональные страницы — этап 3;Запланирована (региональное расширение);NEW;"Добавлена по новому требованию о покрытии 18 основных городов Казахстана; индексировать после проверки уникальности и полезности.";Средняя;leadgen_geo_turkestan;;;;Да;38;118
227;3;Поддержка сайтов;Поддержка сайтов в Туркестане;Геозависимая коммерческая страница направления «Поддержка сайтов» для компаний в Туркестане.;;/web-studiya/podderzhka-saytov/turkestan;Техническая поддержка сайтов в Туркестане;Поддержка сайтов в Туркестане | Raskrutov;Техническая поддержка сайтов компаний в Туркестане: обновления, безопасность, резервные копии, исправления и развитие проекта.;Коммерческий геозависимый;поддержка сайтов туркестан;"техническая поддержка сайта туркестан; обслуживание сайтов туркестан; сопровождение сайта туркестан";;Гео-услуга;index, follow после QA уникальности;Service (areaServed: Туркестан), BreadcrumbList, FAQPage (если FAQ видим);"/web-studiya; /web-studiya/podderzhka-saytov; /web-studiya/turkestan";"/web-studiya/podderzhka-saytov; /web-studiya/turkestan; /keysy/sayty; /sozdanie-saitov-v-turkestane; /seo-prodvizhenie-sajtov-v-turkestane";Уникальный оффер для Туркестан, особенности локального спроса и бизнеса, модель удалённой работы, релевантные кейсы, доказательства, FAQ, CTA. Нельзя публиковать шаблон только с заменой названия города.;P3;Региональные страницы — этап 3;Запланирована (региональное расширение);NEW;"Добавлена по новому требованию о покрытии 18 основных городов Казахстана; индексировать после проверки уникальности и полезности.";Средняя;site_support_geo_turkestan;;;;Да;41;126
228;3;Digital-консалтинг;Digital-консалтинг в Туркестане;Геозависимая коммерческая страница направления «Digital-консалтинг» для компаний в Туркестане.;;/web-studiya/digital-konsalting/turkestan;Digital-консалтинг для бизнеса в Туркестане;Digital-консалтинг в Туркестане | Raskrutov;Digital-консалтинг для бизнеса в Туркестане: аудит, стратегия, аналитика, приоритеты внедрения и план роста цифровых каналов.;Коммерческий геозависимый;digital консалтинг туркестан;"интернет маркетинг консалтинг туркестан; digital стратегия туркестан; аудит интернет маркетинга туркестан";;Гео-услуга;index, follow после QA уникальности;Service (areaServed: Туркестан), BreadcrumbList, FAQPage (если FAQ видим);"/web-studiya; /web-studiya/digital-konsalting; /web-studiya/turkestan";"/web-studiya/digital-konsalting; /web-studiya/turkestan; /keysy; /sozdanie-saitov-v-turkestane; /seo-prodvizhenie-sajtov-v-turkestane";Уникальный оффер для Туркестан, особенности локального спроса и бизнеса, модель удалённой работы, релевантные кейсы, доказательства, FAQ, CTA. Нельзя публиковать шаблон только с заменой названия города.;P3;Региональные страницы — этап 3;Запланирована (региональное расширение);NEW;"Добавлена по новому требованию о покрытии 18 основных городов Казахстана; индексировать после проверки уникальности и полезности.";Средняя;digital_consulting_geo_turkestan;;;;Да;43;125
229;3;Вебстудия Raskrutov;Веб-студия в Уральске;Геозависимая коммерческая страница направления «Веб-студия» для компаний в Уральске.;;/web-studiya/uralsk;Веб-студия в Уральске;Веб-студия в Уральске: сайты, SEO и реклама | Raskrutov;Веб-студия Raskrutov в Уральске: создаём сайты, продвигаем в поиске и AI-выдаче, настраиваем рекламу и лидогенерацию для бизнеса.;Коммерческий геозависимый;веб студия уральск;"услуги веб студии уральск; digital агентство уральск; интернет агентство уральск";;Региональный хаб;index, follow после QA уникальности;CollectionPage, BreadcrumbList;"/web-studiya; /sozdanie-saitov-v-uralske; /web-studiya/dizayn/uralsk; /seo-prodvizhenie-sajtov-v-uralske; /web-studiya/aeo-geo-prodvizhenie/uralsk; /web-studiya/kontekstnaya-reklama/uralsk; /web-studiya/lidogeneratsiya/uralsk; /web-studiya/podderzhka-saytov/uralsk; /web-studiya/digital-konsalting/uralsk";"/web-studiya; /sozdanie-saitov-v-uralske; /web-studiya/dizayn/uralsk; /seo-prodvizhenie-sajtov-v-uralske; /web-studiya/aeo-geo-prodvizhenie/uralsk; /web-studiya/kontekstnaya-reklama/uralsk; /web-studiya/lidogeneratsiya/uralsk; /web-studiya/podderzhka-saytov/uralsk; /web-studiya/digital-konsalting/uralsk";Уникальный оффер для Уральск, особенности локального спроса и бизнеса, модель удалённой работы, релевантные кейсы, доказательства, FAQ, CTA. Нельзя публиковать шаблон только с заменой названия города.;P2;Региональные страницы — этап 2;Запланирована (региональное расширение);NEW;"Добавлена по новому требованию о покрытии 18 основных городов Казахстана; индексировать после проверки уникальности и полезности.";Средняя;webstudio_geo_uralsk;;;;Да;55;129
230;3;Создание сайтов;Создание сайтов в Уральске;Геозависимая коммерческая страница направления «Создание сайтов» для компаний в Уральске.;;/sozdanie-saitov-v-uralske;Создание сайтов в Уральске;Создание сайтов в Уральске под ключ | Raskrutov;Создаём сайты для бизнеса в Уральске: лендинги, корпоративные сайты и интернет-магазины с подготовкой к SEO, рекламе и продажам.;Коммерческий геозависимый;создание сайтов уральск;"разработка сайтов уральск; заказать сайт уральск; создание сайта под ключ уральск";;Гео-услуга;index, follow после QA уникальности;Service (areaServed: Уральск), BreadcrumbList, FAQPage (если FAQ видим);"/web-studiya; /sozdanie-saitov; /web-studiya/uralsk";"/sozdanie-saitov; /web-studiya/uralsk; /keysy/sayty; /sozdanie-saitov-v-uralske; /seo-prodvizhenie-sajtov-v-uralske";Уникальный оффер для Уральск, особенности локального спроса и бизнеса, модель удалённой работы, релевантные кейсы, доказательства, FAQ, CTA. Нельзя публиковать шаблон только с заменой названия города.;P2;Региональные страницы — этап 2;Запланирована (региональное расширение);NEW;"Добавлена по новому требованию о покрытии 18 основных городов Казахстана; индексировать после проверки уникальности и полезности.";Средняя;site_geo_uralsk;;;;Да;47;128
231;3;Услуги дизайнера;Услуги дизайнера в Уральске;Геозависимая коммерческая страница направления «Услуги дизайнера» для компаний в Уральске.;;/web-studiya/dizayn/uralsk;Услуги дизайнера и веб-дизайн в Уральске;Услуги дизайнера в Уральске | Raskrutov;Дизайн для бизнеса в Уральске: сайты, логотипы, фирменный стиль, брендбук и визуальные материалы с понятным процессом и результатом.;Коммерческий геозависимый;услуги дизайнера уральск;"веб дизайн уральск; дизайн сайта уральск; брендинг уральск";;Гео-услуга;index, follow после QA уникальности;Service (areaServed: Уральск), BreadcrumbList, FAQPage (если FAQ видим);"/web-studiya; /web-studiya/dizayn; /web-studiya/uralsk";"/web-studiya/dizayn; /web-studiya/uralsk; /keysy/sayty; /sozdanie-saitov-v-uralske; /seo-prodvizhenie-sajtov-v-uralske";Уникальный оффер для Уральск, особенности локального спроса и бизнеса, модель удалённой работы, релевантные кейсы, доказательства, FAQ, CTA. Нельзя публиковать шаблон только с заменой названия города.;P3;Региональные страницы — этап 3;Запланирована (региональное расширение);NEW;"Добавлена по новому требованию о покрытии 18 основных городов Казахстана; индексировать после проверки уникальности и полезности.";Средняя;design_geo_uralsk;;;;Да;39;132
232;3;SEO-продвижение;SEO-продвижение сайтов в Уральске;Геозависимая коммерческая страница направления «SEO-продвижение» для компаний в Уральске.;;/seo-prodvizhenie-sajtov-v-uralske;SEO-продвижение сайтов в Уральске;SEO-продвижение сайтов в Уральске | Raskrutov;SEO-продвижение сайтов компаний в Уральске: семантика, структура, техническая оптимизация, контент, аналитика и рост видимости в поиске.;Коммерческий геозависимый;seo продвижение уральск;"продвижение сайтов уральск; раскрутка сайта уральск; seo оптимизация уральск";;Гео-услуга;index, follow после QA уникальности;Service (areaServed: Уральск), BreadcrumbList, FAQPage (если FAQ видим);"/web-studiya; /seo-prodvizhenie-sajtov; /web-studiya/uralsk";"/seo-prodvizhenie-sajtov; /web-studiya/uralsk; /keysy/prodvizhenie; /sozdanie-saitov-v-uralske; /seo-prodvizhenie-sajtov-v-uralske";Уникальный оффер для Уральск, особенности локального спроса и бизнеса, модель удалённой работы, релевантные кейсы, доказательства, FAQ, CTA. Нельзя публиковать шаблон только с заменой названия города.;P2;Региональные страницы — этап 2;Запланирована (региональное расширение);NEW;"Добавлена по новому требованию о покрытии 18 основных городов Казахстана; индексировать после проверки уникальности и полезности.";Средняя;seo_geo_uralsk;;;;Да;45;136
233;3;AEO-продвижение;AEO/GEO-продвижение в Уральске;Геозависимая коммерческая страница направления «AEO/GEO-продвижение» для компаний в Уральске.;;/web-studiya/aeo-geo-prodvizhenie/uralsk;AEO и GEO-продвижение в AI-выдаче в Уральске;AEO/GEO-продвижение в Уральске | Raskrutov;Продвигаем компании из Уральск в AI-ответах и нейропоиске: структура, сущности, экспертный контент, FAQ, Schema.org и AEO/GEO-оптимизация.;Коммерческий геозависимый;продвижение в ии поиске уральск;"aeo продвижение уральск; geo продвижение уральск; оптимизация сайта под ии уральск";;Гео-услуга;index, follow после QA уникальности;Service (areaServed: Уральск), BreadcrumbList, FAQPage (если FAQ видим);"/web-studiya; /web-studiya/aeo-geo-prodvizhenie; /web-studiya/uralsk";"/web-studiya/aeo-geo-prodvizhenie; /web-studiya/uralsk; /keysy/prodvizhenie; /sozdanie-saitov-v-uralske; /seo-prodvizhenie-sajtov-v-uralske";Уникальный оффер для Уральск, особенности локального спроса и бизнеса, модель удалённой работы, релевантные кейсы, доказательства, FAQ, CTA. Нельзя публиковать шаблон только с заменой названия города.;P3;Региональные страницы — этап 3;Запланирована (региональное расширение);NEW;"Добавлена по новому требованию о покрытии 18 основных городов Казахстана; индексировать после проверки уникальности и полезности.";Средняя;aeo_geo_uralsk;;;;Да;42;138
234;3;Контекстная реклама;Контекстная реклама в Уральске;Геозависимая коммерческая страница направления «Контекстная реклама» для компаний в Уральске.;;/web-studiya/kontekstnaya-reklama/uralsk;Контекстная реклама в Уральске;Контекстная реклама в Уральске | Raskrutov;Настраиваем контекстную рекламу для бизнеса в Уральске: Google Ads, Яндекс Директ, аналитика, оптимизация бюджета и заявок.;Коммерческий геозависимый;контекстная реклама уральск;"настройка google ads уральск; яндекс директ уральск; реклама сайта уральск";;Гео-услуга;index, follow после QA уникальности;Service (areaServed: Уральск), BreadcrumbList, FAQPage (если FAQ видим);"/web-studiya; /web-studiya/kontekstnaya-reklama; /web-studiya/uralsk";"/web-studiya/kontekstnaya-reklama; /web-studiya/uralsk; /keysy/prodvizhenie; /sozdanie-saitov-v-uralske; /seo-prodvizhenie-sajtov-v-uralske";Уникальный оффер для Уральск, особенности локального спроса и бизнеса, модель удалённой работы, релевантные кейсы, доказательства, FAQ, CTA. Нельзя публиковать шаблон только с заменой названия города.;P3;Региональные страницы — этап 3;Запланирована (региональное расширение);NEW;"Добавлена по новому требованию о покрытии 18 основных городов Казахстана; индексировать после проверки уникальности и полезности.";Средняя;ppc_geo_uralsk;;;;Да;42;123
235;3;Лидогенерация;Лидогенерация в Уральске;Геозависимая коммерческая страница направления «Лидогенерация» для компаний в Уральске.;;/web-studiya/lidogeneratsiya/uralsk;Лидогенерация для бизнеса в Уральске;Лидогенерация в Уральске | Raskrutov;Привлекаем целевые заявки для бизнеса в Уральске: сайт, реклама, квизы, аналитика, CRM и оптимизация воронки продаж.;Коммерческий геозависимый;лидогенерация уральск;"генерация лидов уральск; лидогенерация для бизнеса уральск; заказать лидогенерацию уральск";;Гео-услуга;index, follow после QA уникальности;Service (areaServed: Уральск), BreadcrumbList, FAQPage (если FAQ видим);"/web-studiya; /web-studiya/lidogeneratsiya; /web-studiya/uralsk";"/web-studiya/lidogeneratsiya; /web-studiya/uralsk; /keysy; /sozdanie-saitov-v-uralske; /seo-prodvizhenie-sajtov-v-uralske";Уникальный оффер для Уральск, особенности локального спроса и бизнеса, модель удалённой работы, релевантные кейсы, доказательства, FAQ, CTA. Нельзя публиковать шаблон только с заменой названия города.;P3;Региональные страницы — этап 3;Запланирована (региональное расширение);NEW;"Добавлена по новому требованию о покрытии 18 основных городов Казахстана; индексировать после проверки уникальности и полезности.";Средняя;leadgen_geo_uralsk;;;;Да;36;116
236;3;Поддержка сайтов;Поддержка сайтов в Уральске;Геозависимая коммерческая страница направления «Поддержка сайтов» для компаний в Уральске.;;/web-studiya/podderzhka-saytov/uralsk;Техническая поддержка сайтов в Уральске;Поддержка сайтов в Уральске | Raskrutov;Техническая поддержка сайтов компаний в Уральске: обновления, безопасность, резервные копии, исправления и развитие проекта.;Коммерческий геозависимый;поддержка сайтов уральск;"техническая поддержка сайта уральск; обслуживание сайтов уральск; сопровождение сайта уральск";;Гео-услуга;index, follow после QA уникальности;Service (areaServed: Уральск), BreadcrumbList, FAQPage (если FAQ видим);"/web-studiya; /web-studiya/podderzhka-saytov; /web-studiya/uralsk";"/web-studiya/podderzhka-saytov; /web-studiya/uralsk; /keysy/sayty; /sozdanie-saitov-v-uralske; /seo-prodvizhenie-sajtov-v-uralske";Уникальный оффер для Уральск, особенности локального спроса и бизнеса, модель удалённой работы, релевантные кейсы, доказательства, FAQ, CTA. Нельзя публиковать шаблон только с заменой названия города.;P3;Региональные страницы — этап 3;Запланирована (региональное расширение);NEW;"Добавлена по новому требованию о покрытии 18 основных городов Казахстана; индексировать после проверки уникальности и полезности.";Средняя;site_support_geo_uralsk;;;;Да;39;124
237;3;Digital-консалтинг;Digital-консалтинг в Уральске;Геозависимая коммерческая страница направления «Digital-консалтинг» для компаний в Уральске.;;/web-studiya/digital-konsalting/uralsk;Digital-консалтинг для бизнеса в Уральске;Digital-консалтинг в Уральске | Raskrutov;Digital-консалтинг для бизнеса в Уральске: аудит, стратегия, аналитика, приоритеты внедрения и план роста цифровых каналов.;Коммерческий геозависимый;digital консалтинг уральск;"интернет маркетинг консалтинг уральск; digital стратегия уральск; аудит интернет маркетинга уральск";;Гео-услуга;index, follow после QA уникальности;Service (areaServed: Уральск), BreadcrumbList, FAQPage (если FAQ видим);"/web-studiya; /web-studiya/digital-konsalting; /web-studiya/uralsk";"/web-studiya/digital-konsalting; /web-studiya/uralsk; /keysy; /sozdanie-saitov-v-uralske; /seo-prodvizhenie-sajtov-v-uralske";Уникальный оффер для Уральск, особенности локального спроса и бизнеса, модель удалённой работы, релевантные кейсы, доказательства, FAQ, CTA. Нельзя публиковать шаблон только с заменой названия города.;P3;Региональные страницы — этап 3;Запланирована (региональное расширение);NEW;"Добавлена по новому требованию о покрытии 18 основных городов Казахстана; индексировать после проверки уникальности и полезности.";Средняя;digital_consulting_geo_uralsk;;;;Да;41;123
238;3;Вебстудия Raskrutov;Веб-студия в Усть-Каменогорске;Геозависимая коммерческая страница направления «Веб-студия» для компаний в Усть-Каменогорске.;;/web-studiya/ust-kamenogorsk;Веб-студия в Усть-Каменогорске;Веб-студия в Усть-Каменогорске: сайты, SEO и реклама | Raskrutov;Веб-студия Raskrutov в Усть-Каменогорске: создаём сайты, продвигаем в поиске и AI-выдаче, настраиваем рекламу и лидогенерацию для бизнеса.;Коммерческий геозависимый;веб студия усть-каменогорск;"услуги веб студии усть-каменогорск; digital агентство усть-каменогорск; интернет агентство усть-каменогорск";;Региональный хаб;index, follow после QA уникальности;CollectionPage, BreadcrumbList;"/web-studiya; /sozdanie-saitov-v-ust-kamenogorske; /web-studiya/dizayn/ust-kamenogorsk; /seo-prodvizhenie-sajtov-v-ust-kamenogorske; /web-studiya/aeo-geo-prodvizhenie/ust-kamenogorsk; /web-studiya/kontekstnaya-reklama/ust-kamenogorsk; /web-studiya/lidogeneratsiya/ust-kamenogorsk; /web-studiya/podderzhka-saytov/ust-kamenogorsk; /web-studiya/digital-konsalting/ust-kamenogorsk";"/web-studiya; /sozdanie-saitov-v-ust-kamenogorske; /web-studiya/dizayn/ust-kamenogorsk; /seo-prodvizhenie-sajtov-v-ust-kamenogorske; /web-studiya/aeo-geo-prodvizhenie/ust-kamenogorsk; /web-studiya/kontekstnaya-reklama/ust-kamenogorsk; /web-studiya/lidogeneratsiya/ust-kamenogorsk; /web-studiya/podderzhka-saytov/ust-kamenogorsk; /web-studiya/digital-konsalting/ust-kamenogorsk";Уникальный оффер для Усть-Каменогорск, особенности локального спроса и бизнеса, модель удалённой работы, релевантные кейсы, доказательства, FAQ, CTA. Нельзя публиковать шаблон только с заменой названия города.;P2;Региональные страницы — этап 2;Запланирована (региональное расширение);NEW;"Добавлена по новому требованию о покрытии 18 основных городов Казахстана; индексировать после проверки уникальности и полезности.";Средняя;webstudio_geo_ust_kamenogorsk;;;;Да;64;138
239;3;Создание сайтов;Создание сайтов в Усть-Каменогорске;Геозависимая коммерческая страница направления «Создание сайтов» для компаний в Усть-Каменогорске.;;/sozdanie-saitov-v-ust-kamenogorske;Создание сайтов в Усть-Каменогорске;Создание сайтов в Усть-Каменогорске под ключ | Raskrutov;Создаём сайты для бизнеса в Усть-Каменогорске: лендинги, корпоративные сайты и интернет-магазины с подготовкой к SEO, рекламе и продажам.;Коммерческий геозависимый;создание сайтов усть-каменогорск;"разработка сайтов усть-каменогорск; заказать сайт усть-каменогорск; создание сайта под ключ усть-каменогорск";;Гео-услуга;index, follow после QA уникальности;Service (areaServed: Усть-Каменогорск), BreadcrumbList, FAQPage (если FAQ видим);"/web-studiya; /sozdanie-saitov; /web-studiya/ust-kamenogorsk";"/sozdanie-saitov; /web-studiya/ust-kamenogorsk; /keysy/sayty; /sozdanie-saitov-v-ust-kamenogorske; /seo-prodvizhenie-sajtov-v-ust-kamenogorske";Уникальный оффер для Усть-Каменогорск, особенности локального спроса и бизнеса, модель удалённой работы, релевантные кейсы, доказательства, FAQ, CTA. Нельзя публиковать шаблон только с заменой названия города.;P2;Региональные страницы — этап 2;Запланирована (региональное расширение);NEW;"Добавлена по новому требованию о покрытии 18 основных городов Казахстана; индексировать после проверки уникальности и полезности.";Средняя;site_geo_ust_kamenogorsk;;;;Да;56;137
240;3;Услуги дизайнера;Услуги дизайнера в Усть-Каменогорске;Геозависимая коммерческая страница направления «Услуги дизайнера» для компаний в Усть-Каменогорске.;;/web-studiya/dizayn/ust-kamenogorsk;Услуги дизайнера и веб-дизайн в Усть-Каменогорске;Услуги дизайнера в Усть-Каменогорске | Raskrutov;Дизайн для бизнеса в Усть-Каменогорске: сайты, логотипы, фирменный стиль, брендбук и визуальные материалы с понятным процессом и результатом.;Коммерческий геозависимый;услуги дизайнера усть-каменогорск;"веб дизайн усть-каменогорск; дизайн сайта усть-каменогорск; брендинг усть-каменогорск";;Гео-услуга;index, follow после QA уникальности;Service (areaServed: Усть-Каменогорск), BreadcrumbList, FAQPage (если FAQ видим);"/web-studiya; /web-studiya/dizayn; /web-studiya/ust-kamenogorsk";"/web-studiya/dizayn; /web-studiya/ust-kamenogorsk; /keysy/sayty; /sozdanie-saitov-v-ust-kamenogorske; /seo-prodvizhenie-sajtov-v-ust-kamenogorske";Уникальный оффер для Усть-Каменогорск, особенности локального спроса и бизнеса, модель удалённой работы, релевантные кейсы, доказательства, FAQ, CTA. Нельзя публиковать шаблон только с заменой названия города.;P3;Региональные страницы — этап 3;Запланирована (региональное расширение);NEW;"Добавлена по новому требованию о покрытии 18 основных городов Казахстана; индексировать после проверки уникальности и полезности.";Средняя;design_geo_ust_kamenogorsk;;;;Да;48;141
241;3;SEO-продвижение;SEO-продвижение сайтов в Усть-Каменогорске;Геозависимая коммерческая страница направления «SEO-продвижение» для компаний в Усть-Каменогорске.;;/seo-prodvizhenie-sajtov-v-ust-kamenogorske;SEO-продвижение сайтов в Усть-Каменогорске;SEO-продвижение сайтов в Усть-Каменогорске | Raskrutov;SEO-продвижение сайтов компаний в Усть-Каменогорске: семантика, структура, техническая оптимизация, контент, аналитика и рост видимости в поиске.;Коммерческий геозависимый;seo продвижение усть-каменогорск;"продвижение сайтов усть-каменогорск; раскрутка сайта усть-каменогорск; seo оптимизация усть-каменогорск";;Гео-услуга;index, follow после QA уникальности;Service (areaServed: Усть-Каменогорск), BreadcrumbList, FAQPage (если FAQ видим);"/web-studiya; /seo-prodvizhenie-sajtov; /web-studiya/ust-kamenogorsk";"/seo-prodvizhenie-sajtov; /web-studiya/ust-kamenogorsk; /keysy/prodvizhenie; /sozdanie-saitov-v-ust-kamenogorske; /seo-prodvizhenie-sajtov-v-ust-kamenogorske";Уникальный оффер для Усть-Каменогорск, особенности локального спроса и бизнеса, модель удалённой работы, релевантные кейсы, доказательства, FAQ, CTA. Нельзя публиковать шаблон только с заменой названия города.;P2;Региональные страницы — этап 2;Запланирована (региональное расширение);NEW;"Добавлена по новому требованию о покрытии 18 основных городов Казахстана; индексировать после проверки уникальности и полезности.";Средняя;seo_geo_ust_kamenogorsk;;;;Да;54;145
242;3;AEO-продвижение;AEO/GEO-продвижение в Усть-Каменогорске;Геозависимая коммерческая страница направления «AEO/GEO-продвижение» для компаний в Усть-Каменогорске.;;/web-studiya/aeo-geo-prodvizhenie/ust-kamenogorsk;AEO и GEO-продвижение в AI-выдаче в Усть-Каменогорске;AEO/GEO-продвижение в Усть-Каменогорске | Raskrutov;Продвигаем компании из Усть-Каменогорск в AI-ответах и нейропоиске: структура, сущности, экспертный контент, FAQ, Schema.org и AEO/GEO-оптимизация.;Коммерческий геозависимый;продвижение в ии поиске усть-каменогорск;"aeo продвижение усть-каменогорск; geo продвижение усть-каменогорск; оптимизация сайта под ии усть-каменогорск";;Гео-услуга;index, follow после QA уникальности;Service (areaServed: Усть-Каменогорск), BreadcrumbList, FAQPage (если FAQ видим);"/web-studiya; /web-studiya/aeo-geo-prodvizhenie; /web-studiya/ust-kamenogorsk";"/web-studiya/aeo-geo-prodvizhenie; /web-studiya/ust-kamenogorsk; /keysy/prodvizhenie; /sozdanie-saitov-v-ust-kamenogorske; /seo-prodvizhenie-sajtov-v-ust-kamenogorske";Уникальный оффер для Усть-Каменогорск, особенности локального спроса и бизнеса, модель удалённой работы, релевантные кейсы, доказательства, FAQ, CTA. Нельзя публиковать шаблон только с заменой названия города.;P3;Региональные страницы — этап 3;Запланирована (региональное расширение);NEW;"Добавлена по новому требованию о покрытии 18 основных городов Казахстана; индексировать после проверки уникальности и полезности.";Средняя;aeo_geo_ust_kamenogorsk;;;;Да;51;147
243;3;Контекстная реклама;Контекстная реклама в Усть-Каменогорске;Геозависимая коммерческая страница направления «Контекстная реклама» для компаний в Усть-Каменогорске.;;/web-studiya/kontekstnaya-reklama/ust-kamenogorsk;Контекстная реклама в Усть-Каменогорске;Контекстная реклама в Усть-Каменогорске | Raskrutov;Настраиваем контекстную рекламу для бизнеса в Усть-Каменогорске: Google Ads, Яндекс Директ, аналитика, оптимизация бюджета и заявок.;Коммерческий геозависимый;контекстная реклама усть-каменогорск;"настройка google ads усть-каменогорск; яндекс директ усть-каменогорск; реклама сайта усть-каменогорск";;Гео-услуга;index, follow после QA уникальности;Service (areaServed: Усть-Каменогорск), BreadcrumbList, FAQPage (если FAQ видим);"/web-studiya; /web-studiya/kontekstnaya-reklama; /web-studiya/ust-kamenogorsk";"/web-studiya/kontekstnaya-reklama; /web-studiya/ust-kamenogorsk; /keysy/prodvizhenie; /sozdanie-saitov-v-ust-kamenogorske; /seo-prodvizhenie-sajtov-v-ust-kamenogorske";Уникальный оффер для Усть-Каменогорск, особенности локального спроса и бизнеса, модель удалённой работы, релевантные кейсы, доказательства, FAQ, CTA. Нельзя публиковать шаблон только с заменой названия города.;P3;Региональные страницы — этап 3;Запланирована (региональное расширение);NEW;"Добавлена по новому требованию о покрытии 18 основных городов Казахстана; индексировать после проверки уникальности и полезности.";Средняя;ppc_geo_ust_kamenogorsk;;;;Да;51;132
244;3;Лидогенерация;Лидогенерация в Усть-Каменогорске;Геозависимая коммерческая страница направления «Лидогенерация» для компаний в Усть-Каменогорске.;;/web-studiya/lidogeneratsiya/ust-kamenogorsk;Лидогенерация для бизнеса в Усть-Каменогорске;Лидогенерация в Усть-Каменогорске | Raskrutov;Привлекаем целевые заявки для бизнеса в Усть-Каменогорске: сайт, реклама, квизы, аналитика, CRM и оптимизация воронки продаж.;Коммерческий геозависимый;лидогенерация усть-каменогорск;"генерация лидов усть-каменогорск; лидогенерация для бизнеса усть-каменогорск; заказать лидогенерацию усть-каменогорск";;Гео-услуга;index, follow после QA уникальности;Service (areaServed: Усть-Каменогорск), BreadcrumbList, FAQPage (если FAQ видим);"/web-studiya; /web-studiya/lidogeneratsiya; /web-studiya/ust-kamenogorsk";"/web-studiya/lidogeneratsiya; /web-studiya/ust-kamenogorsk; /keysy; /sozdanie-saitov-v-ust-kamenogorske; /seo-prodvizhenie-sajtov-v-ust-kamenogorske";Уникальный оффер для Усть-Каменогорск, особенности локального спроса и бизнеса, модель удалённой работы, релевантные кейсы, доказательства, FAQ, CTA. Нельзя публиковать шаблон только с заменой названия города.;P3;Региональные страницы — этап 3;Запланирована (региональное расширение);NEW;"Добавлена по новому требованию о покрытии 18 основных городов Казахстана; индексировать после проверки уникальности и полезности.";Средняя;leadgen_geo_ust_kamenogorsk;;;;Да;45;125
245;3;Поддержка сайтов;Поддержка сайтов в Усть-Каменогорске;Геозависимая коммерческая страница направления «Поддержка сайтов» для компаний в Усть-Каменогорске.;;/web-studiya/podderzhka-saytov/ust-kamenogorsk;Техническая поддержка сайтов в Усть-Каменогорске;Поддержка сайтов в Усть-Каменогорске | Raskrutov;Техническая поддержка сайтов компаний в Усть-Каменогорске: обновления, безопасность, резервные копии, исправления и развитие проекта.;Коммерческий геозависимый;поддержка сайтов усть-каменогорск;"техническая поддержка сайта усть-каменогорск; обслуживание сайтов усть-каменогорск; сопровождение сайта усть-каменогорск";;Гео-услуга;index, follow после QA уникальности;Service (areaServed: Усть-Каменогорск), BreadcrumbList, FAQPage (если FAQ видим);"/web-studiya; /web-studiya/podderzhka-saytov; /web-studiya/ust-kamenogorsk";"/web-studiya/podderzhka-saytov; /web-studiya/ust-kamenogorsk; /keysy/sayty; /sozdanie-saitov-v-ust-kamenogorske; /seo-prodvizhenie-sajtov-v-ust-kamenogorske";Уникальный оффер для Усть-Каменогорск, особенности локального спроса и бизнеса, модель удалённой работы, релевантные кейсы, доказательства, FAQ, CTA. Нельзя публиковать шаблон только с заменой названия города.;P3;Региональные страницы — этап 3;Запланирована (региональное расширение);NEW;"Добавлена по новому требованию о покрытии 18 основных городов Казахстана; индексировать после проверки уникальности и полезности.";Средняя;site_support_geo_ust_kamenogorsk;;;;Да;48;133
246;3;Digital-консалтинг;Digital-консалтинг в Усть-Каменогорске;Геозависимая коммерческая страница направления «Digital-консалтинг» для компаний в Усть-Каменогорске.;;/web-studiya/digital-konsalting/ust-kamenogorsk;Digital-консалтинг для бизнеса в Усть-Каменогорске;Digital-консалтинг в Усть-Каменогорске | Raskrutov;Digital-консалтинг для бизнеса в Усть-Каменогорске: аудит, стратегия, аналитика, приоритеты внедрения и план роста цифровых каналов.;Коммерческий геозависимый;digital консалтинг усть-каменогорск;"интернет маркетинг консалтинг усть-каменогорск; digital стратегия усть-каменогорск; аудит интернет маркетинга усть-каменогорск";;Гео-услуга;index, follow после QA уникальности;Service (areaServed: Усть-Каменогорск), BreadcrumbList, FAQPage (если FAQ видим);"/web-studiya; /web-studiya/digital-konsalting; /web-studiya/ust-kamenogorsk";"/web-studiya/digital-konsalting; /web-studiya/ust-kamenogorsk; /keysy; /sozdanie-saitov-v-ust-kamenogorske; /seo-prodvizhenie-sajtov-v-ust-kamenogorske";Уникальный оффер для Усть-Каменогорск, особенности локального спроса и бизнеса, модель удалённой работы, релевантные кейсы, доказательства, FAQ, CTA. Нельзя публиковать шаблон только с заменой названия города.;P3;Региональные страницы — этап 3;Запланирована (региональное расширение);NEW;"Добавлена по новому требованию о покрытии 18 основных городов Казахстана; индексировать после проверки уникальности и полезности.";Средняя;digital_consulting_geo_ust_kamenogorsk;;;;Да;50;132
247;—;Миграция;REDIRECT: /samyi-svezhiy-blog-o-sozdanii-i-prodvizhenii-saytov-v-astane-2025-;Миграционная запись для старого или избыточного URL.;/samyi-svezhiy-blog-o-sozdanii-i-prodvizhenii-saytov-v-astane-2025-;/sozdanie-saitov-v-astane;;;;Миграция / консолидация;;;;Миграционная запись;нет, 301;не применяется;удалить ссылки на старый URL;;Карта редиректов, проверка HTTP-статуса, перенос релевантного контента при необходимости.;P1;Миграция/301;GSC/sitemap;REDIRECT;"Устаревшая статья пересекается с коммерческой геостраницей; переносим полезный контент в неё.";Высокая;;3;890;60.87;Нет;;
248;—;Миграция;REDIRECT: /seo-prodvizhenie-sajtov-v-kazakhstane-klyuchevye-strategii-dlya-uspekha;Миграционная запись для старого или избыточного URL.;/seo-prodvizhenie-sajtov-v-kazakhstane-klyuchevye-strategii-dlya-uspekha;/strategii-prodvizheniya-sajtov-v-kazakhstane;;;;Миграция / консолидация;;;;Миграционная запись;нет, 301;не применяется;удалить ссылки на старый URL;;Карта редиректов, проверка HTTP-статуса, перенос релевантного контента при необходимости.;P1;Миграция/301;GSC/sitemap;REDIRECT;Несколько близких статей объединяются в один evergreen-материал.;Высокая;;0;845;60.09;Нет;;
249;—;Миграция;REDIRECT: /seo-prodvizhenie-sajtov-v-kazakhstane-aktualnye-trendy-i-strategii-2024-goda;Миграционная запись для старого или избыточного URL.;/seo-prodvizhenie-sajtov-v-kazakhstane-aktualnye-trendy-i-strategii-2024-goda;/strategii-prodvizheniya-sajtov-v-kazakhstane;;;;Миграция / консолидация;;;;Миграционная запись;нет, 301;не применяется;удалить ссылки на старый URL;;Карта редиректов, проверка HTTP-статуса, перенос релевантного контента при необходимости.;P1;Миграция/301;GSC/sitemap;REDIRECT;Несколько близких статей объединяются в один evergreen-материал.;Высокая;;1;719;40.83;Нет;;
250;—;Миграция;REDIRECT: /prodvizhenie-sajtov-v-kazakhstane-ehffektivnye-strategii-dlya-vashego-biznesa;Миграционная запись для старого или избыточного URL.;/prodvizhenie-sajtov-v-kazakhstane-ehffektivnye-strategii-dlya-vashego-biznesa;/strategii-prodvizheniya-sajtov-v-kazakhstane;;;;Миграция / консолидация;;;;Миграционная запись;нет, 301;не применяется;удалить ссылки на старый URL;;Карта редиректов, проверка HTTP-статуса, перенос релевантного контента при необходимости.;P1;Миграция/301;GSC/sitemap;REDIRECT;Несколько близких статей объединяются в один evergreen-материал.;Высокая;;0;648;78.42;Нет;;
251;—;Миграция;REDIRECT: /seo-prodvizhenie-sajtov-v-kazakhstane-zakazat-u-raskrutov;Миграционная запись для старого или избыточного URL.;/seo-prodvizhenie-sajtov-v-kazakhstane-zakazat-u-raskrutov;/seo-prodvizhenie-sajtov;;;;Миграция / консолидация;;;;Миграционная запись;нет, 301;не применяется;удалить ссылки на старый URL;;Карта редиректов, проверка HTTP-статуса, перенос релевантного контента при необходимости.;P1;Миграция/301;GSC/sitemap;REDIRECT;Коммерческий SEO-интент объединяется с основной услугой, а не с информационной статьёй.;Высокая;;0;595;71.37;Нет;;
253;—;Миграция;REDIRECT: /seo-prodvizhenie-v-almaty-kak-uluchshit-polzovatelskij-opyt-na-sajte;Миграционная запись для старого или избыточного URL.;/seo-prodvizhenie-v-almaty-kak-uluchshit-polzovatelskij-opyt-na-sajte;/seo-prodvizhenie-v-almaty-polnyj-gid-dlya-biznesa;;;;Миграция / консолидация;;;;Миграционная запись;нет, 301;не применяется;удалить ссылки на старый URL;;Карта редиректов, проверка HTTP-статуса, перенос релевантного контента при необходимости.;P2;Миграция/301;GSC/sitemap;REDIRECT;Дубли информационного интента объединяются с наиболее заметным URL.;Высокая;;0;499;85.5;Нет;;
254;—;Миграция;REDIRECT: /prodvizhenie-sajtov-v-almaty-lokalnye-metody-dlya-uvelicheniya-trafika;Миграционная запись для старого или избыточного URL.;/prodvizhenie-sajtov-v-almaty-lokalnye-metody-dlya-uvelicheniya-trafika;/seo-prodvizhenie-v-almaty-polnyj-gid-dlya-biznesa;;;;Миграция / консолидация;;;;Миграционная запись;нет, 301;не применяется;удалить ссылки на старый URL;;Карта редиректов, проверка HTTP-статуса, перенос релевантного контента при необходимости.;P2;Миграция/301;GSC/sitemap;REDIRECT;Дубли информационного интента объединяются с наиболее заметным URL.;Высокая;;0;309;87.09;Нет;;
255;—;Миграция;REDIRECT: /preimuschestva-kompanii;Миграционная запись для старого или избыточного URL.;/preimuschestva-kompanii;/o-kompanii;;;;Миграция / консолидация;;;;Миграционная запись;нет, 301;не применяется;удалить ссылки на старый URL;;Карта редиректов, проверка HTTP-статуса, перенос релевантного контента при необходимости.;P2;Миграция/301;GSC/sitemap;REDIRECT;Консолидация дубля в выбранный канонический URL.;Высокая;;0;141;8.94;Нет;;
256;—;Миграция;REDIRECT: /web-studiya/sozdanie-saitov;Миграционная запись для старого или избыточного URL.;/web-studiya/sozdanie-saitov;/sozdanie-saitov;;;;Миграция / консолидация;;;;Миграционная запись;нет, 301;не применяется;удалить ссылки на старый URL;;Карта редиректов, проверка HTTP-статуса, перенос релевантного контента при необходимости.;P2;Миграция/301;GSC/sitemap;REDIRECT;Консолидация дубля в выбранный канонический URL.;Высокая;;0;115;86.6;Нет;;
257;—;Миграция;REDIRECT: /usloviya-sotrudnichestva;Миграционная запись для старого или избыточного URL.;/usloviya-sotrudnichestva;/partneram;;;;Миграция / консолидация;;;;Миграционная запись;нет, 301;не применяется;удалить ссылки на старый URL;;Карта редиректов, проверка HTTP-статуса, перенос релевантного контента при необходимости.;P2;Миграция/301;GSC/sitemap;REDIRECT;Консолидация дубля в выбранный канонический URL.;Высокая;;0;110;12.89;Нет;;
258;—;Миграция;REDIRECT: /contextnaya-reklama-google-i-yandex;Миграционная запись для старого или избыточного URL.;/contextnaya-reklama-google-i-yandex;/web-studiya/kontekstnaya-reklama;;;;Миграция / консолидация;;;;Миграционная запись;нет, 301;не применяется;удалить ссылки на старый URL;;Карта редиректов, проверка HTTP-статуса, перенос релевантного контента при необходимости.;P2;Миграция/301;GSC/sitemap;REDIRECT;Консолидация дубля в выбранный канонический URL.;Высокая;;0;105;81.1;Нет;;
259;—;Миграция;REDIRECT: /sozdanie-saitov-v-Penropavlovske;Миграционная запись для старого или избыточного URL.;/sozdanie-saitov-v-Penropavlovske;/sozdanie-saitov-v-Petropavlovske;;;;Миграция / консолидация;;;;Миграционная запись;нет, 301;не применяется;удалить ссылки на старый URL;;Карта редиректов, проверка HTTP-статуса, перенос релевантного контента при необходимости.;P1;Миграция/301;GSC/sitemap;REDIRECT;Консолидация дубля в выбранный канонический URL.;Высокая;;2;82;18.7;Нет;;
260;—;Миграция;REDIRECT: /sozdanie-sajtov-v-kazakhstane-kak-vybrat-podryadchika-dlya-vashego-proekta;Миграционная запись для старого или избыточного URL.;/sozdanie-sajtov-v-kazakhstane-kak-vybrat-podryadchika-dlya-vashego-proekta;/sozdanie-saitov;;;;Миграция / консолидация;;;;Миграционная запись;нет, 301;не применяется;удалить ссылки на старый URL;;Карта редиректов, проверка HTTP-статуса, перенос релевантного контента при необходимости.;P2;Миграция/301;GSC/sitemap;REDIRECT;Слабые дубли коммерческого интента объединяются с основной услугой.;Высокая;;0;57;74.7;Нет;;
261;—;Миграция;REDIRECT: /sozdanie-sajtov-v-astane-pochemu-ehto-vazhno-dlya-vashego-biznesa;Миграционная запись для старого или избыточного URL.;/sozdanie-sajtov-v-astane-pochemu-ehto-vazhno-dlya-vashego-biznesa;/sozdanie-saitov-v-astane;;;;Миграция / консолидация;;;;Миграционная запись;нет, 301;не применяется;удалить ссылки на старый URL;;Карта редиректов, проверка HTTP-статуса, перенос релевантного контента при необходимости.;P3;Миграция/301;GSC/sitemap;REDIRECT;Консолидация дублирующих материалов об одной геоуслуге.;Высокая;;0;46;87.7;Нет;;
262;—;Миграция;REDIRECT: /kejsy;Миграционная запись для старого или избыточного URL.;/kejsy;/keysy;;;;Миграция / консолидация;;;;Миграционная запись;нет, 301;не применяется;удалить ссылки на старый URL;;Карта редиректов, проверка HTTP-статуса, перенос релевантного контента при необходимости.;P3;Миграция/301;GSC/sitemap;REDIRECT;Консолидация дубля в выбранный канонический URL.;Высокая;;0;38;3.82;Нет;;
263;—;Миграция;REDIRECT: /samyi-svezhiy-blog-o-sozdanii-i-prodvizhenii-saytov-v-petropavlovske-2025;Миграционная запись для старого или избыточного URL.;/samyi-svezhiy-blog-o-sozdanii-i-prodvizhenii-saytov-v-petropavlovske-2025;/sozdanie-saitov-v-Petropavlovske;;;;Миграция / консолидация;;;;Миграционная запись;нет, 301;не применяется;удалить ссылки на старый URL;;Карта редиректов, проверка HTTP-статуса, перенос релевантного контента при необходимости.;P1;Миграция/301;GSC/sitemap;REDIRECT;Консолидация слабой страницы с локальной коммерческой страницей.;Высокая;;1;35;22.8;Нет;;
264;—;Миграция;REDIRECT: /prodvizhenie-sajtov-v-astane-kak-optimizirovat-kontent-dlya-poiskovykh-sistem;Миграционная запись для старого или избыточного URL.;/prodvizhenie-sajtov-v-astane-kak-optimizirovat-kontent-dlya-poiskovykh-sistem;/seo-prodvizhenie-sajtov-v-astane;;;;Миграция / консолидация;;;;Миграционная запись;нет, 301;не применяется;удалить ссылки на старый URL;;Карта редиректов, проверка HTTP-статуса, перенос релевантного контента при необходимости.;P3;Миграция/301;GSC/sitemap;REDIRECT;Материал об SEO в Астане объединяется с локальной SEO-страницей.;Высокая;;0;34;79.41;Нет;;
265;—;Миграция;REDIRECT: /partnership;Миграционная запись для старого или избыточного URL.;/partnership;/partneram;;;;Миграция / консолидация;;;;Миграционная запись;нет, 301;не применяется;удалить ссылки на старый URL;;Карта редиректов, проверка HTTP-статуса, перенос релевантного контента при необходимости.;P3;Миграция/301;GSC/sitemap;REDIRECT;Консолидация дубля в выбранный канонический URL.;Высокая;;0;27;4.7;Нет;;
266;—;Миграция;REDIRECT: /zakazat-sozdanie-sajtov-v-kazakhstane-veb-studiya-raskrutov;Миграционная запись для старого или избыточного URL.;/zakazat-sozdanie-sajtov-v-kazakhstane-veb-studiya-raskrutov;/sozdanie-saitov;;;;Миграция / консолидация;;;;Миграционная запись;нет, 301;не применяется;удалить ссылки на старый URL;;Карта редиректов, проверка HTTP-статуса, перенос релевантного контента при необходимости.;P3;Миграция/301;GSC/sitemap;REDIRECT;Слабые дубли коммерческого интента объединяются с основной услугой.;Высокая;;0;24;135.54;Нет;;
267;—;Миграция;REDIRECT: /sozdanie-sajtov-v-kazakhstane-pochemu-adaptivnyj-dizajn-ehto-neobkhodimost;Миграционная запись для старого или избыточного URL.;/sozdanie-sajtov-v-kazakhstane-pochemu-adaptivnyj-dizajn-ehto-neobkhodimost;/sozdanie-saitov;;;;Миграция / консолидация;;;;Миграционная запись;нет, 301;не применяется;удалить ссылки на старый URL;;Карта редиректов, проверка HTTP-статуса, перенос релевантного контента при необходимости.;P3;Миграция/301;GSC/sitemap;REDIRECT;Слабые дубли коммерческого интента объединяются с основной услугой.;Высокая;;0;22;27.59;Нет;;
268;—;Миграция;REDIRECT: /ehffektivnoe-seo-prodvizhenie-sajtov-v-petropavlovske-raskrutov;Миграционная запись для старого или избыточного URL.;/ehffektivnoe-seo-prodvizhenie-sajtov-v-petropavlovske-raskrutov;/seo-prodvizhenie-sajtov-v-petropavlovske;;;;Миграция / консолидация;;;;Миграционная запись;нет, 301;не применяется;удалить ссылки на старый URL;;Карта редиректов, проверка HTTP-статуса, перенос релевантного контента при необходимости.;P3;Миграция/301;GSC/sitemap;REDIRECT;Коммерческие дубли объединяются с локальной SEO-страницей.;Высокая;;0;20;12.75;Нет;;
269;—;Миграция;REDIRECT: /kontakty;Миграционная запись для старого или избыточного URL.;/kontakty;/kontakti;;;;Миграция / консолидация;;;;Миграционная запись;нет, 301;не применяется;удалить ссылки на старый URL;;Карта редиректов, проверка HTTP-статуса, перенос релевантного контента при необходимости.;P3;Миграция/301;GSC/sitemap;REDIRECT;Консолидация дубля в выбранный канонический URL.;Высокая;;0;19;4.26;Нет;;
271;—;Миграция;REDIRECT: /prodvizhenie-korporativnykh-sajtov-v-kazakhstane-raskrutov;Миграционная запись для старого или избыточного URL.;/prodvizhenie-korporativnykh-sajtov-v-kazakhstane-raskrutov;/web-studiya/sozdanie-saitov/korporativnyy-sayt;;;;Миграция / консолидация;;;;Миграционная запись;нет, 301;не применяется;удалить ссылки на старый URL;;Карта редиректов, проверка HTTP-статуса, перенос релевантного контента при необходимости.;P3;Миграция/301;GSC/sitemap;REDIRECT;Дубль услуги корпоративных сайтов.;Высокая;;0;15;34.53;Нет;;
272;—;Миграция;REDIRECT: /razrabotka-sajtov-v-kazakhstane-zakazat-sajt-v-raskrutov;Миграционная запись для старого или избыточного URL.;/razrabotka-sajtov-v-kazakhstane-zakazat-sajt-v-raskrutov;/sozdanie-saitov;;;;Миграция / консолидация;;;;Миграционная запись;нет, 301;не применяется;удалить ссылки на старый URL;;Карта редиректов, проверка HTTP-статуса, перенос релевантного контента при необходимости.;P3;Миграция/301;GSC/sitemap;REDIRECT;Общий коммерческий интент создания сайтов.;Высокая;;0;13;130.15;Нет;;
273;—;Миграция;REDIRECT: /prodvizhenie-sajtov-v-gorodakh-kazakhstana-zakazat-v-raskrutov;Миграционная запись для старого или избыточного URL.;/prodvizhenie-sajtov-v-gorodakh-kazakhstana-zakazat-v-raskrutov;/seo-prodvizhenie-sajtov;;;;Миграция / консолидация;;;;Миграционная запись;нет, 301;не применяется;удалить ссылки на старый URL;;Карта редиректов, проверка HTTP-статуса, перенос релевантного контента при необходимости.;P3;Миграция/301;GSC/sitemap;REDIRECT;Общий коммерческий SEO-интент консолидируется на основной услуге.;Высокая;;0;10;92.3;Нет;;
274;—;Миграция;REDIRECT: /sozdanie-sajtov-dlya-malogo-biznesa-v-petropavlovske-raskrutov;Миграционная запись для старого или избыточного URL.;/sozdanie-sajtov-dlya-malogo-biznesa-v-petropavlovske-raskrutov;/sozdanie-saitov-v-Petropavlovske;;;;Миграция / консолидация;;;;Миграционная запись;нет, 301;не применяется;удалить ссылки на старый URL;;Карта редиректов, проверка HTTP-статуса, перенос релевантного контента при необходимости.;P3;Миграция/301;GSC/sitemap;REDIRECT;Консолидация нескольких страниц под один локальный коммерческий интент.;Высокая;;0;9;96.22;Нет;;
275;—;Миграция;REDIRECT: /zakazat-sajt-dlya-biznesa-v-petropavlovske-studiya-raskrutov;Миграционная запись для старого или избыточного URL.;/zakazat-sajt-dlya-biznesa-v-petropavlovske-studiya-raskrutov;/sozdanie-saitov-v-Petropavlovske;;;;Миграция / консолидация;;;;Миграционная запись;нет, 301;не применяется;удалить ссылки на старый URL;;Карта редиректов, проверка HTTP-статуса, перенос релевантного контента при необходимости.;P3;Миграция/301;GSC/sitemap;REDIRECT;Локальный коммерческий интент создания сайтов объединяется с геостраницей Петропавловска.;Высокая;;0;8;10.62;Нет;;
276;—;Миграция;REDIRECT: /-sozdanie-sajtov-v-petropavlovske-zakazat-sajt-v-raskrutov;Миграционная запись для старого или избыточного URL.;/-sozdanie-sajtov-v-petropavlovske-zakazat-sajt-v-raskrutov;/sozdanie-saitov-v-Petropavlovske;;;;Миграция / консолидация;;;;Миграционная запись;нет, 301;не применяется;удалить ссылки на старый URL;;Карта редиректов, проверка HTTP-статуса, перенос релевантного контента при необходимости.;P3;Миграция/301;GSC/sitemap;REDIRECT;Консолидация нескольких страниц под один локальный коммерческий интент.;Высокая;;0;6;40.83;Нет;;
277;—;Миграция;REDIRECT: /prodvizhenie-sajtov-v-petropavlovske-kak-ispolzovat-socialnye-seti-dlya-uvelicheniya-trafika;Миграционная запись для старого или избыточного URL.;/prodvizhenie-sajtov-v-petropavlovske-kak-ispolzovat-socialnye-seti-dlya-uvelicheniya-trafika;/seo-prodvizhenie-sajtov-v-petropavlovske;;;;Миграция / консолидация;;;;Миграционная запись;нет, 301;не применяется;удалить ссылки на старый URL;;Карта редиректов, проверка HTTP-статуса, перенос релевантного контента при необходимости.;P3;Миграция/301;GSC/sitemap;REDIRECT;Коммерческие дубли объединяются с локальной SEO-страницей.;Высокая;;0;6;71.17;Нет;;
278;—;Миграция;REDIRECT: /kupit-gotovyj-sajt-v-petropavlovske-veb-studiya-raskrutov;Миграционная запись для старого или избыточного URL.;/kupit-gotovyj-sajt-v-petropavlovske-veb-studiya-raskrutov;/sozdanie-saitov-v-Petropavlovske;;;;Миграция / консолидация;;;;Миграционная запись;нет, 301;не применяется;удалить ссылки на старый URL;;Карта редиректов, проверка HTTP-статуса, перенос релевантного контента при необходимости.;P3;Миграция/301;GSC/sitemap;REDIRECT;Локальный коммерческий интент создания сайтов объединяется с геостраницей Петропавловска.;Высокая;;0;5;35;Нет;;
279;—;Миграция;REDIRECT: /sozdanie-sajtov-pod-klyuch-v-petropavlovske-studiya-raskrutov;Миграционная запись для старого или избыточного URL.;/sozdanie-sajtov-pod-klyuch-v-petropavlovske-studiya-raskrutov;/sozdanie-saitov-v-Petropavlovske;;;;Миграция / консолидация;;;;Миграционная запись;нет, 301;не применяется;удалить ссылки на старый URL;;Карта редиректов, проверка HTTP-статуса, перенос релевантного контента при необходимости.;P3;Миграция/301;GSC/sitemap;REDIRECT;Консолидация нескольких страниц под один локальный коммерческий интент.;Высокая;;0;5;30.2;Нет;;
280;—;Миграция;REDIRECT: /sozdanie-sajtov-v-almaty-kak-vybrat-podkhodyashchuyu-cms-dlya-vashego-proekta;Миграционная запись для старого или избыточного URL.;/sozdanie-sajtov-v-almaty-kak-vybrat-podkhodyashchuyu-cms-dlya-vashego-proekta;/sozdanie-sajtov-v-kazakhstane-kak-vybrat-podkhodyashchuyu-platformu;;;;Миграция / консолидация;;;;Миграционная запись;нет, 301;не применяется;удалить ссылки на старый URL;;Карта редиректов, проверка HTTP-статуса, перенос релевантного контента при необходимости.;P1;Миграция/301;GSC/sitemap;REDIRECT;Материал о CMS объединяется с evergreen-статьёй о выборе платформы.;Высокая;;1;5;47.8;Нет;;
281;—;Миграция;REDIRECT: /prodvizhenie-sajtov-v-petropavlovske-i-sko-zakazat-v-raskrutov;Миграционная запись для старого или избыточного URL.;/prodvizhenie-sajtov-v-petropavlovske-i-sko-zakazat-v-raskrutov;/seo-prodvizhenie-sajtov-v-petropavlovske;;;;Миграция / консолидация;;;;Миграционная запись;нет, 301;не применяется;удалить ссылки на старый URL;;Карта редиректов, проверка HTTP-статуса, перенос релевантного контента при необходимости.;P3;Миграция/301;GSC/sitemap;REDIRECT;Коммерческие дубли объединяются с локальной SEO-страницей.;Высокая;;0;4;25;Нет;;
282;—;Миграция;REDIRECT: /sozdanie-sajtov-v-almaty-osobennosti-i-preimushchestva;Миграционная запись для старого или избыточного URL.;/sozdanie-sajtov-v-almaty-osobennosti-i-preimushchestva;/sozdanie-saitov-v-almaty;;;;Миграция / консолидация;;;;Миграционная запись;нет, 301;не применяется;удалить ссылки на старый URL;;Карта редиректов, проверка HTTP-статуса, перенос релевантного контента при необходимости.;P3;Миграция/301;GSC/sitemap;REDIRECT;Консолидация дублирующих материалов об одной геоуслуге.;Высокая;;0;4;54.75;Нет;;
283;—;Миграция;REDIRECT: /veb-studiya-v-petropavlovske-zakazat-sajt-v-raskrutov;Миграционная запись для старого или избыточного URL.;/veb-studiya-v-petropavlovske-zakazat-sajt-v-raskrutov;/sozdanie-saitov-v-Petropavlovske;;;;Миграция / консолидация;;;;Миграционная запись;нет, 301;не применяется;удалить ссылки на старый URL;;Карта редиректов, проверка HTTP-статуса, перенос релевантного контента при необходимости.;P3;Миграция/301;GSC/sitemap;REDIRECT;Локальный коммерческий интент создания сайтов объединяется с геостраницей Петропавловска.;Высокая;;0;4;61;Нет;;
284;—;Миграция;REDIRECT: /obsluzhivanie-sajtov-v-kazakhstane-zakazat-v-studii-raskrutov;Миграционная запись для старого или избыточного URL.;/obsluzhivanie-sajtov-v-kazakhstane-zakazat-v-studii-raskrutov;/web-studiya/podderzhka-saytov;;;;Миграция / консолидация;;;;Миграционная запись;нет, 301;не применяется;удалить ссылки на старый URL;;Карта редиректов, проверка HTTP-статуса, перенос релевантного контента при необходимости.;P3;Миграция/301;GSC/sitemap;REDIRECT;Обслуживание и поддержка — один коммерческий интент.;Высокая;;0;3;23;Нет;;
285;—;Миграция;REDIRECT: /razrabotka-korporativnykh-sajtov-v-kazakhstane-raskrutov;Миграционная запись для старого или избыточного URL.;/razrabotka-korporativnykh-sajtov-v-kazakhstane-raskrutov;/web-studiya/sozdanie-saitov/korporativnyy-sayt;;;;Миграция / консолидация;;;;Миграционная запись;нет, 301;не применяется;удалить ссылки на старый URL;;Карта редиректов, проверка HTTP-статуса, перенос релевантного контента при необходимости.;P3;Миграция/301;GSC/sitemap;REDIRECT;Дубль услуги корпоративных сайтов.;Высокая;;0;3;67.33;Нет;;
286;—;Миграция;REDIRECT: /sozdanie-sajtov-v-kazakhstane-kak-obespechit-bezopasnost-i-zashchitu-dannykh;Миграционная запись для старого или избыточного URL.;/sozdanie-sajtov-v-kazakhstane-kak-obespechit-bezopasnost-i-zashchitu-dannykh;/sozdanie-saitov;;;;Миграция / консолидация;;;;Миграционная запись;нет, 301;не применяется;удалить ссылки на старый URL;;Карта редиректов, проверка HTTP-статуса, перенос релевантного контента при необходимости.;P3;Миграция/301;GSC/sitemap;REDIRECT;Слабые дубли коммерческого интента объединяются с основной услугой.;Высокая;;0;3;10;Нет;;
287;—;Миграция;REDIRECT: /zakazat-sajt-dlya-prodvizheniya-biznesa-v-kazakhstane-raskrutov;Миграционная запись для старого или избыточного URL.;/zakazat-sajt-dlya-prodvizheniya-biznesa-v-kazakhstane-raskrutov;/sozdanie-saitov;;;;Миграция / консолидация;;;;Миграционная запись;нет, 301;не применяется;удалить ссылки на старый URL;;Карта редиректов, проверка HTTP-статуса, перенос релевантного контента при необходимости.;P3;Миграция/301;GSC/sitemap;REDIRECT;Общий коммерческий интент создания сайтов.;Высокая;;0;3;12.67;Нет;;
288;—;Миграция;REDIRECT: /zakazat-sozdanie-internet-magazina-v-petropavlovske-raskrutov;Миграционная запись для старого или избыточного URL.;/zakazat-sozdanie-internet-magazina-v-petropavlovske-raskrutov;/web-studiya/sozdanie-saitov/internet-magazin;;;;Миграция / консолидация;;;;Миграционная запись;нет, 301;не применяется;удалить ссылки на старый URL;;Карта редиректов, проверка HTTP-статуса, перенос релевантного контента при необходимости.;P3;Миграция/301;GSC/sitemap;REDIRECT;Дубль услуги создания интернет-магазинов.;Высокая;;0;3;5;Нет;;
290;—;Миграция;REDIRECT: /prodvizhenie-sajta-v-google-i-yandeks-v-petropavlovske-raskrutov;Миграционная запись для старого или избыточного URL.;/prodvizhenie-sajta-v-google-i-yandeks-v-petropavlovske-raskrutov;/seo-prodvizhenie-sajtov-v-petropavlovske;;;;Миграция / консолидация;;;;Миграционная запись;нет, 301;не применяется;удалить ссылки на старый URL;;Карта редиректов, проверка HTTP-статуса, перенос релевантного контента при необходимости.;P3;Миграция/301;GSC/sitemap;REDIRECT;Коммерческие дубли объединяются с локальной SEO-страницей.;Высокая;;0;2;49.5;Нет;;
291;—;Миграция;REDIRECT: /razrabotka-i-prodvizhenie-sajtov-v-sko-zakazat-v-raskrutov;Миграционная запись для старого или избыточного URL.;/razrabotka-i-prodvizhenie-sajtov-v-sko-zakazat-v-raskrutov;/seo-prodvizhenie-sajtov;;;;Миграция / консолидация;;;;Миграционная запись;нет, 301;не применяется;удалить ссылки на старый URL;;Карта редиректов, проверка HTTP-статуса, перенос релевантного контента при необходимости.;P3;Миграция/301;GSC/sitemap;REDIRECT;Общий коммерческий SEO-интент консолидируется на основной услуге.;Высокая;;0;2;17;Нет;;
292;—;Миграция;REDIRECT: /razrabotka-lendingov-v-petropavlovske-zakazat-v-raskrutov;Миграционная запись для старого или избыточного URL.;/razrabotka-lendingov-v-petropavlovske-zakazat-v-raskrutov;/web-studiya/sozdanie-saitov/landing;;;;Миграция / консолидация;;;;Миграционная запись;нет, 301;не применяется;удалить ссылки на старый URL;;Карта редиректов, проверка HTTP-статуса, перенос релевантного контента при необходимости.;P3;Миграция/301;GSC/sitemap;REDIRECT;Дубль услуги создания лендингов.;Высокая;;0;2;19;Нет;;
293;—;Миграция;REDIRECT: /sozdanie-sajtov-v-petropavlovske-kupit-sajt-v-raskrutov;Миграционная запись для старого или избыточного URL.;/sozdanie-sajtov-v-petropavlovske-kupit-sajt-v-raskrutov;/sozdanie-saitov-v-Petropavlovske;;;;Миграция / консолидация;;;;Миграционная запись;нет, 301;не применяется;удалить ссылки на старый URL;;Карта редиректов, проверка HTTP-статуса, перенос релевантного контента при необходимости.;P3;Миграция/301;GSC/sitemap;REDIRECT;Консолидация нескольких страниц под один локальный коммерческий интент.;Высокая;;0;2;20.5;Нет;;
295;—;Миграция;REDIRECT: /kupit-nedorogoj-sajt-v-petropavlovske-raskrutov;Миграционная запись для старого или избыточного URL.;/kupit-nedorogoj-sajt-v-petropavlovske-raskrutov;/sozdanie-saitov-v-Petropavlovske;;;;Миграция / консолидация;;;;Миграционная запись;нет, 301;не применяется;удалить ссылки на старый URL;;Карта редиректов, проверка HTTP-статуса, перенос релевантного контента при необходимости.;P3;Миграция/301;GSC/sitemap;REDIRECT;Локальный коммерческий интент создания сайтов объединяется с геостраницей Петропавловска.;Высокая;;0;1;94;Нет;;
296;—;Миграция;REDIRECT: /prodvizhenie-sajtov-v-petropavlovske-kak-uluchshit-vidimost-v-poiskovykh-sistemakh;Миграционная запись для старого или избыточного URL.;/prodvizhenie-sajtov-v-petropavlovske-kak-uluchshit-vidimost-v-poiskovykh-sistemakh;/seo-prodvizhenie-sajtov-v-petropavlovske;;;;Миграция / консолидация;;;;Миграционная запись;нет, 301;не применяется;удалить ссылки на старый URL;;Карта редиректов, проверка HTTP-статуса, перенос релевантного контента при необходимости.;P3;Миграция/301;GSC/sitemap;REDIRECT;Коммерческие дубли объединяются с локальной SEO-страницей.;Высокая;;0;1;20;Нет;;
297;—;Миграция;REDIRECT: /prodvizhenie-sajtov-v-petropavlovske-kak-vyvesti-sajt-v-top;Миграционная запись для старого или избыточного URL.;/prodvizhenie-sajtov-v-petropavlovske-kak-vyvesti-sajt-v-top;/seo-prodvizhenie-sajtov-v-petropavlovske;;;;Миграция / консолидация;;;;Миграционная запись;нет, 301;не применяется;удалить ссылки на старый URL;;Карта редиректов, проверка HTTP-статуса, перенос релевантного контента при необходимости.;P3;Миграция/301;GSC/sitemap;REDIRECT;Коммерческие дубли объединяются с локальной SEO-страницей.;Высокая;;0;1;11;Нет;;
298;—;Миграция;REDIRECT: /professionalnoe-sozdanie-i-obsluzhivanie-sajtov-v-kazakhstane;Миграционная запись для старого или избыточного URL.;/professionalnoe-sozdanie-i-obsluzhivanie-sajtov-v-kazakhstane;/web-studiya/podderzhka-saytov;;;;Миграция / консолидация;;;;Миграционная запись;нет, 301;не применяется;удалить ссылки на старый URL;;Карта редиректов, проверка HTTP-статуса, перенос релевантного контента при необходимости.;P3;Миграция/301;GSC/sitemap;REDIRECT;Обслуживание и поддержка — один коммерческий интент.;Высокая;;0;1;73;Нет;;
299;—;Миграция;REDIRECT: /sozdanie-i-raskrutka-internet-magazinov-v-kazakhstane-raskrutov;Миграционная запись для старого или избыточного URL.;/sozdanie-i-raskrutka-internet-magazinov-v-kazakhstane-raskrutov;/web-studiya/sozdanie-saitov/internet-magazin;;;;Миграция / консолидация;;;;Миграционная запись;нет, 301;не применяется;удалить ссылки на старый URL;;Карта редиректов, проверка HTTP-статуса, перенос релевантного контента при необходимости.;P3;Миграция/301;GSC/sitemap;REDIRECT;Дубль услуги создания интернет-магазинов.;Высокая;;0;1;9;Нет;;
300;—;Миграция;REDIRECT: /sozdanie-sajtov-dlya-uslug-v-petropavlovske-veb-studiya-raskrutov;Миграционная запись для старого или избыточного URL.;/sozdanie-sajtov-dlya-uslug-v-petropavlovske-veb-studiya-raskrutov;/sozdanie-saitov-v-Petropavlovske;;;;Миграция / консолидация;;;;Миграционная запись;нет, 301;не применяется;удалить ссылки на старый URL;;Карта редиректов, проверка HTTP-статуса, перенос релевантного контента при необходимости.;P3;Миграция/301;GSC/sitemap;REDIRECT;Консолидация нескольких страниц под один локальный коммерческий интент.;Высокая;;0;1;8;Нет;;
301;—;Миграция;REDIRECT: /sozdanie-sajtov-v-astane-tendencii-i-innovacii-2024-goda;Миграционная запись для старого или избыточного URL.;/sozdanie-sajtov-v-astane-tendencii-i-innovacii-2024-goda;/sozdanie-saitov-v-astane;;;;Миграция / консолидация;;;;Миграционная запись;нет, 301;не применяется;удалить ссылки на старый URL;;Карта редиректов, проверка HTTP-статуса, перенос релевантного контента при необходимости.;P3;Миграция/301;GSC/sitemap;REDIRECT;Консолидация дублирующих материалов об одной геоуслуге.;Высокая;;0;1;1;Нет;;
302;—;Миграция;REDIRECT: /sozdanie-sajtov-v-kazakhstane-s-garantiej-prodvizheniya-raskrutov;Миграционная запись для старого или избыточного URL.;/sozdanie-sajtov-v-kazakhstane-s-garantiej-prodvizheniya-raskrutov;/sozdanie-saitov;;;;Миграция / консолидация;;;;Миграционная запись;нет, 301;не применяется;удалить ссылки на старый URL;;Карта редиректов, проверка HTTP-статуса, перенос релевантного контента при необходимости.;P3;Миграция/301;GSC/sitemap;REDIRECT;Слабые дубли коммерческого интента объединяются с основной услугой.;Высокая;;0;1;98;Нет;;
303;—;Миграция;REDIRECT: /sozdanie-sajtov-v-kazakhstane-sovremennye-tendencii-i-luchshie-praktiki;Миграционная запись для старого или избыточного URL.;/sozdanie-sajtov-v-kazakhstane-sovremennye-tendencii-i-luchshie-praktiki;/sozdanie-saitov;;;;Миграция / консолидация;;;;Миграционная запись;нет, 301;не применяется;удалить ссылки на старый URL;;Карта редиректов, проверка HTTP-статуса, перенос релевантного контента при необходимости.;P3;Миграция/301;GSC/sitemap;REDIRECT;Слабые дубли коммерческого интента объединяются с основной услугой.;Высокая;;0;1;2;Нет;;
304;—;Миграция;REDIRECT: /sozdanie-sajtov-v-petropavlovske-zakazat-sajt-v-raskrutov;Миграционная запись для старого или избыточного URL.;/sozdanie-sajtov-v-petropavlovske-zakazat-sajt-v-raskrutov;/sozdanie-saitov-v-Petropavlovske;;;;Миграция / консолидация;;;;Миграционная запись;нет, 301;не применяется;удалить ссылки на старый URL;;Карта редиректов, проверка HTTP-статуса, перенос релевантного контента при необходимости.;P3;Миграция/301;GSC/sitemap;REDIRECT;Консолидация нескольких страниц под один локальный коммерческий интент.;Высокая;;0;1;78;Нет;;
305;—;Миграция;REDIRECT: /zakazat-sajt-vizitku-v-petropavlovske-studiya-raskrutov;Миграционная запись для старого или избыточного URL.;/zakazat-sajt-vizitku-v-petropavlovske-studiya-raskrutov;/web-studiya/sozdanie-saitov/sayt-vizitka;;;;Миграция / консолидация;;;;Миграционная запись;нет, 301;не применяется;удалить ссылки на старый URL;;Карта редиректов, проверка HTTP-статуса, перенос релевантного контента при необходимости.;P3;Миграция/301;GSC/sitemap;REDIRECT;Дубль услуги сайта-визитки.;Высокая;;0;1;7;Нет;;
306;—;Миграция;REDIRECT: /o-kompanii/o-nas;Миграционная запись для старого или избыточного URL.;/o-kompanii/o-nas;/about-us;;;;Миграция / консолидация;;;;Миграционная запись;нет, 301;не применяется;удалить ссылки на старый URL;;Карта редиректов, проверка HTTP-статуса, перенос релевантного контента при необходимости.;P3;Миграция/301;GSC/sitemap;REDIRECT;Консолидация дубля в выбранный канонический URL.;Высокая;;;;;Нет;;
307;—;Миграция;REDIRECT: /web-studiya/seo-prodvizhenie;Миграционная запись для старого или избыточного URL.;/web-studiya/seo-prodvizhenie;/seo-prodvizhenie-sajtov;;;;Миграция / консолидация;;;;Миграционная запись;нет, 301;не применяется;удалить ссылки на старый URL;;Карта редиректов, проверка HTTP-статуса, перенос релевантного контента при необходимости.;P3;Миграция/301;GSC/sitemap;REDIRECT;Консолидация дубля в выбранный канонический URL.;Высокая;;;;;Нет;;
308;—;Миграция;MERGE: /faq/aeo;Миграционная запись для старого или избыточного URL.;/faq/aeo;/web-studiya/aeo-geo-prodvizhenie;;;;Миграция / консолидация;;;;Миграционная запись;не создавать отдельный URL;не применяется;удалить ссылки на старый URL;;Карта редиректов, проверка HTTP-статуса, перенос релевантного контента при необходимости.;P2;Миграция/301;Старая SEO-карта (не опубликовано);MERGE;FAQ следует встроить в AEO/GEO-страницу.;Высокая;;;;;Нет;;
309;—;Миграция;MERGE: /faq/akademiya;Миграционная запись для старого или избыточного URL.;/faq/akademiya;/akademiya;;;;Миграция / консолидация;;;;Миграционная запись;не создавать отдельный URL;не применяется;удалить ссылки на старый URL;;Карта редиректов, проверка HTTP-статуса, перенос релевантного контента при необходимости.;P2;Миграция/301;Старая SEO-карта (не опубликовано);MERGE;FAQ следует встроить в Академию.;Высокая;;;;;Нет;;
310;—;Миграция;MERGE: /faq/crm;Миграционная запись для старого или избыточного URL.;/faq/crm;/crm;;;;Миграция / консолидация;;;;Миграционная запись;не создавать отдельный URL;не применяется;удалить ссылки на старый URL;;Карта редиректов, проверка HTTP-статуса, перенос релевантного контента при необходимости.;P2;Миграция/301;Старая SEO-карта (не опубликовано);MERGE;FAQ следует встроить в CRM-хаб.;Высокая;;;;;Нет;;
311;—;Миграция;MERGE: /faq/partnerstvo;Миграционная запись для старого или избыточного URL.;/faq/partnerstvo;/partneram;;;;Миграция / консолидация;;;;Миграционная запись;не создавать отдельный URL;не применяется;удалить ссылки на старый URL;;Карта редиректов, проверка HTTP-статуса, перенос релевантного контента при необходимости.;P2;Миграция/301;Старая SEO-карта (не опубликовано);MERGE;FAQ следует встроить в партнёрский хаб.;Высокая;;;;;Нет;;
312;—;Миграция;MERGE: /faq/sayty;Миграционная запись для старого или избыточного URL.;/faq/sayty;/sozdanie-saitov;;;;Миграция / консолидация;;;;Миграционная запись;не создавать отдельный URL;не применяется;удалить ссылки на старый URL;;Карта редиректов, проверка HTTP-статуса, перенос релевантного контента при необходимости.;P2;Миграция/301;Старая SEO-карта (не опубликовано);MERGE;"FAQ следует встроить в услуговую страницу; отдельная страница была бы тонким дублем.";Высокая;;;;;Нет;;
313;—;Миграция;MERGE: /faq/seo;Миграционная запись для старого или избыточного URL.;/faq/seo;/seo-prodvizhenie-sajtov;;;;Миграция / консолидация;;;;Миграционная запись;не создавать отдельный URL;не применяется;удалить ссылки на старый URL;;Карта редиректов, проверка HTTP-статуса, перенос релевантного контента при необходимости.;P2;Миграция/301;Старая SEO-карта (не опубликовано);MERGE;"FAQ следует встроить в SEO-страницу; отдельная страница была бы тонким дублем.";Высокая;;;;;Нет;;
316;—;Миграция;NOINDEX: /targetnaya-reklama-instagram;Миграционная запись для старого или избыточного URL.;/targetnaya-reklama-instagram;/targetnaya-reklama-instagram;;;;Миграция / консолидация;;;;Миграционная запись;noindex, follow;не применяется;удалить ссылки на старый URL;;Карта редиректов, проверка HTTP-статуса, перенос релевантного контента при необходимости.;P1;Техническая настройка;GSC/sitemap;NOINDEX;"Направление не подтверждено в текущем перечне услуг; оставить до ручного решения без индексации.";Низкая;;0;956;55.16;Нет;;
317;—;Миграция;NOINDEX: /uslugi-po-sozdaniyu-i-prodvizheniyu-sajtov-v-kazakhstane-ot-kompanii-raskrutov;Миграционная запись для старого или избыточного URL.;/uslugi-po-sozdaniyu-i-prodvizheniyu-sajtov-v-kazakhstane-ot-kompanii-raskrutov;/uslugi-po-sozdaniyu-i-prodvizheniyu-sajtov-v-kazakhstane-ot-kompanii-raskrutov;;;;Миграция / консолидация;;;;Миграционная запись;noindex, follow;не применяется;удалить ссылки на старый URL;;Карта редиректов, проверка HTTP-статуса, перенос релевантного контента при необходимости.;P2;Техническая настройка;GSC/sitemap;NOINDEX;"Назначение не подтверждено автоматически; требуется ручная проверка контента.";Низкая;;0;391;74.74;Нет;;
318;—;Миграция;NOINDEX: /targetnaya-reklama;Миграционная запись для старого или избыточного URL.;/targetnaya-reklama;/targetnaya-reklama;;;;Миграция / консолидация;;;;Миграционная запись;noindex, follow;не применяется;удалить ссылки на старый URL;;Карта редиректов, проверка HTTP-статуса, перенос релевантного контента при необходимости.;P2;Техническая настройка;GSC/sitemap;NOINDEX;"Направление не подтверждено в текущем перечне услуг; оставить до ручного решения без индексации.";Низкая;;0;165;48.31;Нет;;
319;—;Миграция;NOINDEX: /videoroliki-dlya-biznesa;Миграционная запись для старого или избыточного URL.;/videoroliki-dlya-biznesa;/videoroliki-dlya-biznesa;;;;Миграция / консолидация;;;;Миграционная запись;noindex, follow;не применяется;удалить ссылки на старый URL;;Карта редиректов, проверка HTTP-статуса, перенос релевантного контента при необходимости.;P2;Техническая настройка;GSC/sitemap;NOINDEX;"Направление не подтверждено в текущем перечне услуг; оставить до ручного решения без индексации.";Низкая;;0;130;18.9;Нет;;
320;—;Миграция;NOINDEX: /uslugi-instagram;Миграционная запись для старого или избыточного URL.;/uslugi-instagram;/uslugi-instagram;;;;Миграция / консолидация;;;;Миграционная запись;noindex, follow;не применяется;удалить ссылки на старый URL;;Карта редиректов, проверка HTTP-статуса, перенос релевантного контента при необходимости.;P2;Техническая настройка;GSC/sitemap;NOINDEX;"Направление не подтверждено в текущем перечне услуг; оставить до ручного решения без индексации.";Низкая;;0;53;20.55;Нет;;
321;—;Миграция;NOINDEX: /preimushchestva-sozdaniya-sajtov-v-kazakhstane;Миграционная запись для старого или избыточного URL.;/preimushchestva-sozdaniya-sajtov-v-kazakhstane;/preimushchestva-sozdaniya-sajtov-v-kazakhstane;;;;Миграция / консолидация;;;;Миграционная запись;noindex, follow;не применяется;удалить ссылки на старый URL;;Карта редиректов, проверка HTTP-статуса, перенос релевантного контента при необходимости.;P2;Техническая настройка;GSC/sitemap;NOINDEX;"Назначение не подтверждено автоматически; требуется ручная проверка контента.";Низкая;;0;52;69.02;Нет;;
322;—;Миграция;NOINDEX: /vebinarnie-meropriyatiya;Миграционная запись для старого или избыточного URL.;/vebinarnie-meropriyatiya;/vebinarnie-meropriyatiya;;;;Миграция / консолидация;;;;Миграционная запись;noindex, follow;не применяется;удалить ссылки на старый URL;;Карта редиректов, проверка HTTP-статуса, перенос релевантного контента при необходимости.;P3;Техническая настройка;GSC/sitemap;NOINDEX;"Направление не подтверждено в текущем перечне услуг; оставить до ручного решения без индексации.";Низкая;;0;40;14.4;Нет;;
326;—;Миграция;REMOVE: /arenda-kvartir-v-petropavlovske;Миграционная запись для старого или избыточного URL.;/arenda-kvartir-v-petropavlovske;;;;;Миграция / консолидация;;;;Миграционная запись;"нет; удалить/410 после проверки";не применяется;удалить ссылки на старый URL;;Карта редиректов, проверка HTTP-статуса, перенос релевантного контента при необходимости.;P1;Удаление/410;GSC/sitemap;REMOVE;"Нерелевантная страница не относится к услугам Raskrutov; редирект на услугу был бы нерелевантным.";Высокая;;3;879;32.41;Нет;;
